{
  "sbfl": {
    "line_scores": {
      "1": 0.2886751345948129,
      "3": 0.2886751345948129,
      "4": 0.2886751345948129,
      "6": 0.2886751345948129,
      "7": 0.2886751345948129,
      "8": 0.2886751345948129,
      "9": 0.2886751345948129,
      "10": 0.2886751345948129,
      "13": 0.2886751345948129,
      "15": 0.31622776601683794,
      "16": 0.31622776601683794,
      "20": 0.3333333333333333,
      "26": 0.2886751345948129,
      "31": 0.2886751345948129,
      "54": 0.2886751345948129,
      "56": 0.30151134457776363,
      "59": 0.31622776601683794,
      "60": 0.3333333333333333,
      "62": 0.3333333333333333,
      "64": 0.3333333333333333,
      "65": 0.3333333333333333,
      "66": 0.3333333333333333,
      "68": 0.3333333333333333
    },
    "n_suspicious": 23,
    "pct_suspicious": 44.2,
    "n_fail": 1,
    "n_pass": 11
  },
  "dd": {
    "minimal_lines": [
      6,
      7,
      8,
      9,
      10,
      14,
      17,
      21,
      27,
      28,
      37,
      55,
      57,
      59,
      60,
      62,
      64,
      66,
      68
    ],
    "n_suspicious": 19,
    "pct_suspicious": 36.5,
    "dd_iterations": 1,
    "n_reducible": 19
  }
}