{
  "sbfl": {
    "line_scores": {
      "1": 0.5477225575051661,
      "3": 0.5477225575051661,
      "4": 0.5477225575051661,
      "6": 0.5477225575051661,
      "8": 0.5477225575051661,
      "9": 0.5477225575051661,
      "10": 0.5477225575051661,
      "11": 0.5477225575051661,
      "14": 0.5477225575051661,
      "16": 0.5477225575051661,
      "18": 0.5773502691896257,
      "19": 0.5773502691896257,
      "23": 0.5477225575051661,
      "25": 0.5773502691896257,
      "28": 0.5477225575051661,
      "55": 0.5477225575051661,
      "57": 0.5773502691896257,
      "59": 0.5773502691896257,
      "62": 0.5773502691896257,
      "63": 0.5773502691896257,
      "66": 0.5773502691896257,
      "68": 0.5773502691896257,
      "69": 0.5773502691896257,
      "70": 0.5773502691896257,
      "72": 0.5773502691896257
    },
    "n_suspicious": 25,
    "pct_suspicious": 46.3,
    "n_fail": 3,
    "n_pass": 7
  },
  "dd": {
    "minimal_lines": [
      6,
      8,
      9,
      10,
      11,
      15,
      17,
      20,
      24,
      25,
      34,
      55,
      58,
      60,
      62,
      64,
      66,
      68,
      70,
      72
    ],
    "n_suspicious": 20,
    "pct_suspicious": 37.0,
    "dd_iterations": 1,
    "n_reducible": 20
  }
}