{
  "sbfl": {
    "line_scores": {
      "1": 0.5477225575051661,
      "3": 0.5477225575051661,
      "4": 0.5477225575051661,
      "6": 0.5477225575051661,
      "13": 0.5477225575051661,
      "15": 0.5477225575051661,
      "16": 0.5477225575051661,
      "17": 0.5477225575051661,
      "20": 0.5477225575051661,
      "22": 0.5477225575051661,
      "24": 0.5773502691896257,
      "28": 0.6123724356957946,
      "34": 0.5477225575051661,
      "36": 0.6123724356957946,
      "39": 0.5477225575051661,
      "65": 0.5477225575051661,
      "66": 0.6123724356957946,
      "67": 0.6123724356957946,
      "68": 0.6123724356957946
    },
    "n_suspicious": 19,
    "pct_suspicious": 35.8,
    "n_fail": 3,
    "n_pass": 7
  },
  "dd": {
    "minimal_lines": [
      6,
      13,
      15,
      16,
      17,
      21,
      23,
      25,
      29,
      35,
      36,
      45,
      65,
      66,
      67,
      68
    ],
    "n_suspicious": 16,
    "pct_suspicious": 30.2,
    "dd_iterations": 1,
    "n_reducible": 16
  }
}