{
  "sbfl": {
    "line_scores": {
      "1": 0.6324555320336759,
      "3": 0.6324555320336759,
      "4": 0.6324555320336759,
      "6": 0.6324555320336759,
      "8": 0.6324555320336759,
      "9": 0.6324555320336759,
      "10": 0.6324555320336759,
      "11": 0.6324555320336759,
      "14": 0.6324555320336759,
      "16": 0.6324555320336759,
      "18": 0.6666666666666666,
      "22": 0.6324555320336759,
      "24": 0.7559289460184544,
      "27": 0.6324555320336759,
      "54": 0.6324555320336759,
      "56": 0.7071067811865475,
      "57": 0.7071067811865475,
      "59": 0.7071067811865475,
      "61": 0.7071067811865475,
      "63": 0.7071067811865475,
      "66": 0.7559289460184544
    },
    "n_suspicious": 21,
    "pct_suspicious": 43.8,
    "n_fail": 4,
    "n_pass": 6
  },
  "dd": {
    "minimal_lines": [
      6,
      8,
      9,
      10,
      11,
      15,
      17,
      19,
      23,
      24,
      33,
      54,
      56,
      57,
      59,
      61,
      64,
      66
    ],
    "n_suspicious": 18,
    "pct_suspicious": 37.5,
    "dd_iterations": 1,
    "n_reducible": 18
  }
}