{
  "sbfl": {
    "line_scores": {
      "1": 0.6324555320336759,
      "3": 0.6324555320336759,
      "4": 0.6324555320336759,
      "6": 0.6324555320336759,
      "13": 0.6324555320336759,
      "14": 0.6324555320336759,
      "15": 0.6324555320336759,
      "16": 0.6324555320336759,
      "19": 0.6324555320336759,
      "21": 0.7559289460184544,
      "23": 0.7559289460184544,
      "24": 0.7559289460184544,
      "28": 0.6324555320336759,
      "32": 0.7559289460184544,
      "35": 0.6324555320336759,
      "55": 0.6324555320336759,
      "57": 0.6666666666666666,
      "59": 0.6666666666666666,
      "62": 0.7559289460184544,
      "64": 0.7559289460184544,
      "65": 0.7559289460184544,
      "67": 0.7559289460184544,
      "69": 0.7559289460184544
    },
    "n_suspicious": 23,
    "pct_suspicious": 45.1,
    "n_fail": 4,
    "n_pass": 6
  },
  "dd": {
    "minimal_lines": [
      6,
      13,
      14,
      15,
      16,
      20,
      22,
      25,
      31,
      32,
      38,
      56,
      58,
      60,
      62,
      64,
      65,
      67,
      69
    ],
    "n_suspicious": 19,
    "pct_suspicious": 37.3,
    "dd_iterations": 1,
    "n_reducible": 19
  }
}