{
  "sbfl": {
    "line_scores": {
      "1": 0.4472135954999579,
      "3": 0.4472135954999579,
      "4": 0.4472135954999579,
      "6": 0.4472135954999579,
      "9": 0.4472135954999579,
      "12": 0.4472135954999579,
      "15": 0.4472135954999579,
      "18": 0.4472135954999579,
      "20": 0.4472135954999579,
      "21": 0.5,
      "25": 0.5,
      "31": 0.4472135954999579,
      "33": 0.47140452079103173,
      "36": 0.4472135954999579,
      "63": 0.4472135954999579,
      "65": 0.47140452079103173,
      "66": 0.47140452079103173,
      "68": 0.47140452079103173,
      "70": 0.47140452079103173,
      "72": 0.5
    },
    "n_suspicious": 20,
    "pct_suspicious": 39.2,
    "n_fail": 2,
    "n_pass": 8
  },
  "dd": {
    "minimal_lines": [
      6,
      9,
      12,
      15,
      19,
      22,
      26,
      32,
      33,
      43,
      63,
      65,
      66,
      68,
      71,
      72
    ],
    "n_suspicious": 16,
    "pct_suspicious": 31.4,
    "dd_iterations": 1,
    "n_reducible": 16
  }
}