{
  "sbfl": {
    "line_scores": {
      "1": 0.5477225575051661,
      "3": 0.5477225575051661,
      "4": 0.5477225575051661,
      "6": 0.5477225575051661,
      "8": 0.5477225575051661,
      "9": 0.5477225575051661,
      "10": 0.5477225575051661,
      "11": 0.5477225575051661,
      "14": 0.5477225575051661,
      "16": 0.5477225575051661,
      "23": 0.5477225575051661,
      "27": 0.5773502691896257,
      "30": 0.5477225575051661,
      "62": 0.5477225575051661,
      "64": 0.5773502691896257,
      "65": 0.5773502691896257,
      "67": 0.5773502691896257,
      "72": 0.5773502691896257,
      "74": 0.6123724356957946
    },
    "n_suspicious": 19,
    "pct_suspicious": 32.8,
    "n_fail": 3,
    "n_pass": 7
  },
  "dd": {
    "minimal_lines": [
      6,
      8,
      9,
      10,
      11,
      15,
      17,
      26,
      27,
      37,
      62,
      64,
      65,
      67,
      73,
      74
    ],
    "n_suspicious": 16,
    "pct_suspicious": 27.6,
    "dd_iterations": 1,
    "n_reducible": 16
  }
}