{
  "sbfl": {
    "line_scores": {
      "1": 0.5477225575051661,
      "3": 0.5477225575051661,
      "4": 0.5477225575051661,
      "6": 0.5477225575051661,
      "8": 0.5477225575051661,
      "9": 0.5477225575051661,
      "10": 0.5477225575051661,
      "11": 0.5477225575051661,
      "14": 0.5477225575051661,
      "16": 0.5477225575051661,
      "18": 0.5773502691896257,
      "20": 0.5773502691896257,
      "21": 0.5773502691896257,
      "25": 0.5477225575051661,
      "27": 0.6123724356957946,
      "30": 0.5477225575051661,
      "55": 0.5477225575051661,
      "57": 0.5773502691896257,
      "60": 0.6123724356957946,
      "61": 0.6123724356957946,
      "64": 0.6123724356957946,
      "66": 0.6123724356957946,
      "67": 0.6123724356957946,
      "68": 0.6123724356957946,
      "70": 0.6123724356957946
    },
    "n_suspicious": 25,
    "pct_suspicious": 48.1,
    "n_fail": 3,
    "n_pass": 7
  },
  "dd": {
    "minimal_lines": [
      6,
      8,
      9,
      10,
      11,
      15,
      17,
      19,
      22,
      26,
      27,
      36,
      55,
      58,
      60,
      62,
      64,
      66,
      68,
      70
    ],
    "n_suspicious": 20,
    "pct_suspicious": 38.5,
    "dd_iterations": 1,
    "n_reducible": 20
  }
}