{
  "sbfl": {
    "line_scores": {
      "1": 0.7071067811865475,
      "3": 0.7071067811865475,
      "4": 0.7071067811865475,
      "6": 0.7071067811865475,
      "8": 0.7071067811865475,
      "9": 0.7071067811865475,
      "10": 0.7071067811865475,
      "13": 0.7071067811865475,
      "19": 0.7071067811865475,
      "20": 0.6324555320336759,
      "27": 0.7071067811865475,
      "29": 0.9128709291752769,
      "32": 0.7071067811865475,
      "50": 0.7071067811865475,
      "51": 0.7453559924999299,
      "53": 0.7453559924999299,
      "54": 0.7453559924999299,
      "55": 0.7453559924999299,
      "56": 0.9128709291752769,
      "57": 0.9128709291752769,
      "58": 0.6708203932499369,
      "59": 0.6708203932499369,
      "60": 0.9128709291752769,
      "61": 0.6708203932499369,
      "62": 0.6708203932499369,
      "64": 1.0,
      "65": 1.0,
      "66": 1.0,
      "67": 1.0,
      "68": 0.9128709291752769,
      "70": 0.7453559924999299,
      "71": 0.7453559924999299,
      "73": 0.7453559924999299,
      "74": 1.0,
      "76": 0.7453559924999299
    },
    "n_suspicious": 35,
    "pct_suspicious": 59.3,
    "n_fail": 5,
    "n_pass": 5
  },
  "dd": {
    "minimal_lines": [
      6,
      8,
      9,
      10,
      14,
      21,
      28,
      29,
      33,
      50,
      51,
      53,
      54,
      56,
      58,
      59,
      61,
      62,
      64,
      65,
      66,
      67,
      69,
      70,
      71,
      74,
      76
    ],
    "n_suspicious": 27,
    "pct_suspicious": 45.8,
    "dd_iterations": 1,
    "n_reducible": 27
  }
}