{
  "sbfl": {
    "line_scores": {
      "1": 0.7071067811865475,
      "3": 0.7071067811865475,
      "4": 0.7071067811865475,
      "6": 0.7071067811865475,
      "8": 0.7071067811865475,
      "15": 0.7071067811865475,
      "16": 0.7071067811865475,
      "17": 0.7071067811865475,
      "18": 0.7071067811865475,
      "21": 0.7071067811865475,
      "23": 0.7071067811865475,
      "24": 0.6324555320336759,
      "31": 0.7071067811865475,
      "33": 0.7453559924999299,
      "36": 0.7453559924999299,
      "39": 0.7071067811865475,
      "56": 0.7071067811865475,
      "57": 0.7453559924999299,
      "59": 0.7453559924999299,
      "62": 0.7453559924999299,
      "63": 0.7453559924999299,
      "64": 0.7453559924999299,
      "65": 0.9128709291752769,
      "66": 0.9128709291752769,
      "67": 0.9128709291752769,
      "69": 0.8,
      "70": 0.8,
      "71": 0.7453559924999299,
      "72": 0.7453559924999299,
      "74": 0.7453559924999299,
      "75": 1.0,
      "77": 0.7453559924999299
    },
    "n_suspicious": 32,
    "pct_suspicious": 55.2,
    "n_fail": 5,
    "n_pass": 5
  },
  "dd": {
    "minimal_lines": [
      6,
      8,
      15,
      16,
      17,
      18,
      22,
      25,
      32,
      34,
      35,
      36,
      40,
      56,
      57,
      60,
      62,
      63,
      66,
      67,
      69,
      70,
      71,
      72,
      75,
      77
    ],
    "n_suspicious": 26,
    "pct_suspicious": 44.8,
    "dd_iterations": 1,
    "n_reducible": 26
  }
}