{
  "sbfl": {
    "line_scores": {
      "6": 0.5477225575051661,
      "8": 0.5477225575051661,
      "9": 0.5477225575051661,
      "11": 0.5477225575051661,
      "13": 0.5477225575051661,
      "14": 0.5477225575051661,
      "15": 0.5477225575051661,
      "18": 0.5477225575051661,
      "20": 0.5477225575051661,
      "22": 0.5773502691896257,
      "28": 0.5477225575051661,
      "30": 0.5773502691896257,
      "36": 0.5477225575051661,
      "57": 0.5477225575051661,
      "58": 0.5773502691896257,
      "60": 0.6123724356957946,
      "61": 0.6123724356957946,
      "63": 0.6123724356957946,
      "64": 1.0,
      "66": 0.6123724356957946,
      "67": 0.6123724356957946
    },
    "n_suspicious": 21,
    "pct_suspicious": 42.0,
    "n_fail": 3,
    "n_pass": 7
  },
  "dd": {
    "minimal_lines": [
      1,
      11,
      13,
      14,
      15,
      19,
      21,
      23,
      29,
      31,
      39,
      57,
      58,
      60,
      61,
      64,
      66,
      67
    ],
    "n_suspicious": 18,
    "pct_suspicious": 36.0,
    "dd_iterations": 1,
    "n_reducible": 18
  }
}