{
  "sbfl": {
    "line_scores": {
      "1": 0.4472135954999579,
      "3": 0.4472135954999579,
      "4": 0.4472135954999579,
      "6": 0.4472135954999579,
      "8": 0.4472135954999579,
      "9": 0.4472135954999579,
      "10": 0.4472135954999579,
      "11": 0.4472135954999579,
      "14": 0.4472135954999579,
      "16": 0.4472135954999579,
      "18": 0.47140452079103173,
      "24": 0.4472135954999579,
      "26": 0.5773502691896258,
      "29": 0.4472135954999579,
      "60": 0.4472135954999579,
      "62": 0.5,
      "63": 0.5,
      "67": 0.5773502691896258,
      "68": 0.5773502691896258,
      "70": 0.5773502691896258,
      "72": 0.7071067811865475
    },
    "n_suspicious": 21,
    "pct_suspicious": 37.5,
    "n_fail": 2,
    "n_pass": 8
  },
  "dd": {
    "minimal_lines": [
      6,
      8,
      9,
      10,
      11,
      15,
      17,
      19,
      25,
      26,
      36,
      60,
      62,
      64,
      65,
      67,
      68,
      71,
      72
    ],
    "n_suspicious": 19,
    "pct_suspicious": 33.9,
    "dd_iterations": 1,
    "n_reducible": 19
  }
}