{
  "sbfl": {
    "line_scores": {
      "1": 0.5477225575051661,
      "3": 0.5477225575051661,
      "4": 0.5477225575051661,
      "6": 0.5477225575051661,
      "9": 0.5477225575051661,
      "12": 0.5477225575051661,
      "15": 0.5477225575051661,
      "18": 0.5477225575051661,
      "24": 0.5477225575051661,
      "28": 0.5477225575051661,
      "30": 0.6546536707079772,
      "33": 0.5477225575051661,
      "57": 0.5477225575051661,
      "59": 0.6123724356957946,
      "62": 0.6123724356957946,
      "65": 0.6546536707079772,
      "66": 0.6546536707079772,
      "68": 0.6546536707079772,
      "70": 0.7071067811865476
    },
    "n_suspicious": 19,
    "pct_suspicious": 40.4,
    "n_fail": 3,
    "n_pass": 7
  },
  "dd": {
    "minimal_lines": [
      6,
      9,
      12,
      15,
      19,
      25,
      29,
      30,
      38,
      57,
      60,
      63,
      65,
      66,
      69,
      70
    ],
    "n_suspicious": 16,
    "pct_suspicious": 34.0,
    "dd_iterations": 1,
    "n_reducible": 16
  }
}