{
  "sbfl": {
    "line_scores": {
      "1": 0.4472135954999579,
      "3": 0.4472135954999579,
      "4": 0.4472135954999579,
      "6": 0.4472135954999579,
      "8": 0.4472135954999579,
      "9": 0.4472135954999579,
      "10": 0.4472135954999579,
      "13": 0.4472135954999579,
      "19": 0.4472135954999579,
      "26": 0.4472135954999579,
      "28": 0.5,
      "31": 0.4472135954999579,
      "56": 0.4472135954999579,
      "58": 0.4472135954999579,
      "62": 0.5,
      "63": 0.5,
      "65": 0.5,
      "67": 0.5345224838248488
    },
    "n_suspicious": 18,
    "pct_suspicious": 36.0,
    "n_fail": 2,
    "n_pass": 8
  },
  "dd": {
    "minimal_lines": [
      6,
      8,
      9,
      10,
      14,
      20,
      27,
      28,
      36,
      56,
      59,
      60,
      62,
      63,
      66,
      67
    ],
    "n_suspicious": 16,
    "pct_suspicious": 32.0,
    "dd_iterations": 1,
    "n_reducible": 16
  }
}