{
  "sbfl": {
    "line_scores": {
      "1": 0.7453559924999299,
      "3": 0.7453559924999299,
      "4": 0.7453559924999299,
      "6": 0.7453559924999299,
      "8": 0.7453559924999299,
      "9": 0.7453559924999299,
      "10": 0.7453559924999299,
      "11": 0.7453559924999299,
      "14": 0.7453559924999299,
      "27": 0.7453559924999299,
      "28": 0.7453559924999299,
      "33": 0.7905694150420948,
      "36": 0.7453559924999299,
      "38": 0.7905694150420948,
      "41": 0.7453559924999299,
      "64": 0.7453559924999299,
      "66": 0.7905694150420948,
      "70": 0.7905694150420948,
      "72": 0.7905694150420948,
      "73": 0.8451542547285166,
      "76": 0.8451542547285166,
      "77": 0.8451542547285166
    },
    "n_suspicious": 22,
    "pct_suspicious": 38.6,
    "n_fail": 5,
    "n_pass": 4
  },
  "dd": {
    "minimal_lines": [
      6,
      8,
      9,
      10,
      11,
      15,
      27,
      29,
      33,
      37,
      38,
      45,
      64,
      67,
      68,
      70,
      74,
      76,
      77
    ],
    "n_suspicious": 19,
    "pct_suspicious": 33.3,
    "dd_iterations": 1,
    "n_reducible": 19
  }
}