{
  "sbfl": {
    "line_scores": {
      "1": 0.7745966692414834,
      "3": 0.7745966692414834,
      "4": 0.7745966692414834,
      "6": 0.7745966692414834,
      "8": 0.7745966692414834,
      "9": 0.7745966692414834,
      "10": 0.7745966692414834,
      "13": 0.7745966692414834,
      "15": 0.7745966692414834,
      "19": 0.7745966692414834,
      "21": 0.816496580927726,
      "24": 0.7745966692414834,
      "55": 0.7745966692414834,
      "57": 0.816496580927726,
      "58": 0.816496580927726,
      "60": 0.816496580927726,
      "61": 0.816496580927726,
      "63": 0.816496580927726,
      "64": 0.5773502691896258,
      "65": 0.5773502691896258,
      "67": 0.816496580927726
    },
    "n_suspicious": 21,
    "pct_suspicious": 42.0,
    "n_fail": 6,
    "n_pass": 4
  },
  "dd": {
    "minimal_lines": [
      6,
      8,
      9,
      10,
      14,
      16,
      20,
      21,
      33,
      55,
      57,
      58,
      60,
      61,
      64,
      65,
      67
    ],
    "n_suspicious": 17,
    "pct_suspicious": 34.0,
    "dd_iterations": 1,
    "n_reducible": 17
  }
}