{
  "sbfl": {
    "line_scores": {
      "1": 0.7071067811865475,
      "3": 0.7071067811865475,
      "4": 0.7071067811865475,
      "6": 0.7071067811865475,
      "8": 0.7071067811865475,
      "9": 0.7071067811865475,
      "10": 0.7071067811865475,
      "13": 0.7071067811865475,
      "15": 0.7071067811865475,
      "19": 0.7071067811865475,
      "21": 0.7453559924999299,
      "24": 0.7071067811865475,
      "54": 0.7071067811865475,
      "56": 0.7453559924999299,
      "58": 0.7453559924999299,
      "61": 0.7453559924999299,
      "63": 0.7453559924999299,
      "64": 0.4472135954999579,
      "65": 0.4472135954999579,
      "67": 0.7453559924999299
    },
    "n_suspicious": 20,
    "pct_suspicious": 40.8,
    "n_fail": 5,
    "n_pass": 5
  },
  "dd": {
    "minimal_lines": [
      6,
      8,
      9,
      10,
      14,
      16,
      20,
      21,
      33,
      54,
      56,
      59,
      61,
      64,
      65,
      67
    ],
    "n_suspicious": 16,
    "pct_suspicious": 32.7,
    "dd_iterations": 1,
    "n_reducible": 16
  }
}