{
  "sbfl": {
    "line_scores": {
      "1": 0.7071067811865475,
      "3": 0.7071067811865475,
      "4": 0.7071067811865475,
      "6": 0.7071067811865475,
      "13": 0.7071067811865475,
      "15": 0.7071067811865475,
      "16": 0.7071067811865475,
      "17": 0.7071067811865475,
      "18": 0.7071067811865475,
      "21": 0.7071067811865475,
      "23": 0.7071067811865475,
      "27": 0.7071067811865475,
      "29": 0.7453559924999299,
      "32": 0.7071067811865475,
      "60": 0.7071067811865475,
      "62": 0.7453559924999299,
      "63": 0.7453559924999299,
      "65": 0.7453559924999299,
      "66": 0.5163977794943222,
      "67": 0.5163977794943222,
      "68": 0.4472135954999579,
      "69": 0.5163977794943222,
      "70": 0.4472135954999579,
      "72": 0.7453559924999299,
      "73": 0.7453559924999299
    },
    "n_suspicious": 25,
    "pct_suspicious": 45.5,
    "n_fail": 5,
    "n_pass": 5
  },
  "dd": {
    "minimal_lines": [
      6,
      13,
      15,
      16,
      17,
      18,
      22,
      24,
      28,
      29,
      41,
      60,
      62,
      63,
      66,
      68,
      70,
      72,
      73
    ],
    "n_suspicious": 19,
    "pct_suspicious": 34.5,
    "dd_iterations": 1,
    "n_reducible": 19
  }
}