{
  "sbfl": {
    "line_scores": {
      "1": 0.7071067811865475,
      "3": 0.7071067811865475,
      "4": 0.7071067811865475,
      "6": 0.7071067811865475,
      "8": 0.7071067811865475,
      "16": 0.7071067811865475,
      "17": 0.7071067811865475,
      "18": 0.7071067811865475,
      "19": 0.7071067811865475,
      "22": 0.7071067811865475,
      "24": 0.7071067811865475,
      "28": 0.7071067811865475,
      "30": 0.7453559924999299,
      "33": 0.7071067811865475,
      "63": 0.7071067811865475,
      "65": 0.7453559924999299,
      "66": 0.7453559924999299,
      "68": 0.7453559924999299,
      "69": 0.4472135954999579,
      "70": 0.4472135954999579,
      "72": 0.4472135954999579,
      "73": 0.4472135954999579,
      "75": 0.7453559924999299,
      "76": 0.7453559924999299
    },
    "n_suspicious": 24,
    "pct_suspicious": 41.4,
    "n_fail": 5,
    "n_pass": 5
  },
  "dd": {
    "minimal_lines": [
      6,
      8,
      16,
      17,
      18,
      19,
      23,
      25,
      29,
      30,
      42,
      63,
      65,
      66,
      69,
      71,
      73,
      75,
      76
    ],
    "n_suspicious": 19,
    "pct_suspicious": 32.8,
    "dd_iterations": 1,
    "n_reducible": 19
  }
}