{
  "sbfl": {
    "line_scores": {
      "1": 0.4472135954999579,
      "3": 0.4472135954999579,
      "4": 0.4472135954999579,
      "6": 0.4472135954999579,
      "8": 0.4472135954999579,
      "9": 0.4472135954999579,
      "10": 0.4472135954999579,
      "13": 0.4472135954999579,
      "15": 0.4472135954999579,
      "17": 0.47140452079103173,
      "21": 0.4472135954999579,
      "23": 0.5,
      "26": 0.4472135954999579,
      "52": 0.4472135954999579,
      "54": 0.5,
      "57": 0.5,
      "60": 0.5773502691896258,
      "62": 0.5773502691896258,
      "64": 0.5773502691896258,
      "67": 0.6324555320336759
    },
    "n_suspicious": 20,
    "pct_suspicious": 41.7,
    "n_fail": 2,
    "n_pass": 8
  },
  "dd": {
    "minimal_lines": [
      6,
      8,
      9,
      10,
      14,
      16,
      18,
      22,
      23,
      31,
      52,
      55,
      58,
      60,
      62,
      65,
      67
    ],
    "n_suspicious": 17,
    "pct_suspicious": 35.4,
    "dd_iterations": 1,
    "n_reducible": 17
  }
}