{
  "sbfl": {
    "line_scores": {
      "1": 0.6324555320336759,
      "3": 0.6324555320336759,
      "4": 0.6324555320336759,
      "6": 0.6324555320336759,
      "8": 0.6324555320336759,
      "9": 0.6324555320336759,
      "10": 0.6324555320336759,
      "13": 0.6324555320336759,
      "17": 0.6324555320336759,
      "19": 0.6666666666666666,
      "21": 0.6666666666666666,
      "23": 0.6666666666666666,
      "24": 0.7071067811865475,
      "28": 0.6324555320336759,
      "30": 0.6666666666666666,
      "33": 0.6324555320336759,
      "59": 0.6324555320336759,
      "61": 0.6666666666666666,
      "62": 0.6666666666666666,
      "64": 0.6666666666666666,
      "66": 0.6666666666666666,
      "68": 0.7071067811865475
    },
    "n_suspicious": 22,
    "pct_suspicious": 42.3,
    "n_fail": 4,
    "n_pass": 6
  },
  "dd": {
    "minimal_lines": [
      6,
      8,
      9,
      10,
      16,
      18,
      20,
      22,
      25,
      29,
      30,
      40,
      59,
      61,
      62,
      64,
      67,
      68
    ],
    "n_suspicious": 18,
    "pct_suspicious": 34.6,
    "dd_iterations": 1,
    "n_reducible": 18
  }
}