{
  "sbfl": {
    "line_scores": {
      "1": 0.6324555320336759,
      "3": 0.6324555320336759,
      "4": 0.6324555320336759,
      "6": 0.6324555320336759,
      "8": 0.6324555320336759,
      "9": 0.6324555320336759,
      "10": 0.6324555320336759,
      "13": 0.6324555320336759,
      "23": 0.6324555320336759,
      "24": 0.6666666666666666,
      "31": 0.6324555320336759,
      "33": 0.6666666666666666,
      "36": 0.6324555320336759,
      "52": 0.6324555320336759,
      "53": 0.6666666666666666,
      "55": 0.6666666666666666,
      "56": 0.6666666666666666,
      "58": 0.6666666666666666,
      "59": 0.6666666666666666,
      "60": 0.6666666666666666,
      "61": 0.8164965809277261,
      "62": 0.6708203932499369,
      "63": 0.6708203932499369,
      "65": 0.8944271909999159,
      "66": 0.8944271909999159,
      "67": 0.6666666666666666,
      "68": 0.6666666666666666,
      "70": 0.6666666666666666,
      "71": 1.0,
      "73": 0.6666666666666666
    },
    "n_suspicious": 30,
    "pct_suspicious": 55.6,
    "n_fail": 4,
    "n_pass": 6
  },
  "dd": {
    "minimal_lines": [
      6,
      8,
      9,
      10,
      14,
      25,
      32,
      33,
      37,
      52,
      53,
      55,
      56,
      58,
      59,
      62,
      63,
      65,
      66,
      67,
      68,
      71,
      73
    ],
    "n_suspicious": 23,
    "pct_suspicious": 42.6,
    "dd_iterations": 1,
    "n_reducible": 23
  }
}