{
  "sbfl": {
    "line_scores": {
      "1": 0.6324555320336759,
      "3": 0.6324555320336759,
      "4": 0.6324555320336759,
      "6": 0.6324555320336759,
      "8": 0.6324555320336759,
      "9": 0.6324555320336759,
      "10": 0.6324555320336759,
      "13": 0.6324555320336759,
      "15": 0.6324555320336759,
      "16": 0.5303300858899106,
      "23": 0.6324555320336759,
      "25": 0.7071067811865475,
      "28": 0.6324555320336759,
      "51": 0.6324555320336759,
      "52": 0.6666666666666666,
      "54": 0.6666666666666666,
      "59": 0.6666666666666666,
      "60": 0.6666666666666666,
      "61": 0.6666666666666666,
      "62": 0.8164965809277261,
      "63": 0.8164965809277261,
      "64": 0.2886751345948129,
      "65": 0.2886751345948129,
      "66": 0.8164965809277261,
      "67": 0.2886751345948129,
      "68": 0.2886751345948129,
      "70": 0.8944271909999159,
      "71": 0.8944271909999159,
      "72": 0.8944271909999159,
      "73": 0.8944271909999159,
      "74": 0.6666666666666666,
      "75": 0.6666666666666666,
      "77": 0.6666666666666666,
      "78": 1.0,
      "80": 0.6666666666666666,
      "83": 0.6666666666666666
    },
    "n_suspicious": 36,
    "pct_suspicious": 56.2,
    "n_fail": 4,
    "n_pass": 6
  },
  "dd": {
    "minimal_lines": [
      6,
      8,
      9,
      10,
      14,
      17,
      24,
      25,
      32,
      51,
      52,
      55,
      59,
      60,
      62,
      64,
      65,
      67,
      68,
      70,
      71,
      72,
      73,
      74,
      75,
      78,
      81,
      83
    ],
    "n_suspicious": 28,
    "pct_suspicious": 43.8,
    "dd_iterations": 1,
    "n_reducible": 28
  }
}