{
  "sbfl": {
    "line_scores": {
      "7": 0.5477225575051661,
      "9": 0.5477225575051661,
      "10": 0.5477225575051661,
      "12": 0.5477225575051661,
      "14": 0.5477225575051661,
      "15": 0.5477225575051661,
      "16": 0.5477225575051661,
      "19": 0.5477225575051661,
      "31": 0.6123724356957946,
      "32": 0.6123724356957946,
      "34": 0.6546536707079772,
      "37": 0.5477225575051661,
      "39": 0.6546536707079772,
      "40": 0.6546536707079772,
      "43": 0.5477225575051661,
      "66": 0.5477225575051661,
      "70": 0.6123724356957946,
      "72": 0.6546536707079772,
      "74": 0.6546536707079772,
      "77": 0.6546536707079772,
      "79": 0.7071067811865476
    },
    "n_suspicious": 21,
    "pct_suspicious": 36.2,
    "n_fail": 3,
    "n_pass": 7
  },
  "dd": {
    "minimal_lines": [
      1,
      12,
      14,
      15,
      16,
      20,
      31,
      33,
      34,
      38,
      39,
      40,
      48,
      67,
      68,
      70,
      72,
      75,
      78,
      79
    ],
    "n_suspicious": 20,
    "pct_suspicious": 34.5,
    "dd_iterations": 1,
    "n_reducible": 20
  }
}