{
  "sbfl": {
    "line_scores": {
      "1": 0.7745966692414834,
      "3": 0.7745966692414834,
      "4": 0.7745966692414834,
      "6": 0.7745966692414834,
      "8": 0.7745966692414834,
      "17": 0.7745966692414834,
      "18": 0.7745966692414834,
      "19": 0.7745966692414834,
      "20": 0.7745966692414834,
      "23": 0.7745966692414834,
      "30": 0.7745966692414834,
      "34": 0.7745966692414834,
      "36": 0.816496580927726,
      "39": 0.7745966692414834,
      "70": 0.7745966692414834,
      "72": 0.816496580927726,
      "73": 0.816496580927726,
      "75": 0.816496580927726,
      "77": 0.816496580927726,
      "78": 0.5773502691896258,
      "79": 0.5773502691896258,
      "80": 0.4082482904638631,
      "81": 0.4082482904638631,
      "82": 0.4082482904638631,
      "84": 0.816496580927726,
      "86": 0.816496580927726
    },
    "n_suspicious": 26,
    "pct_suspicious": 40.0,
    "n_fail": 6,
    "n_pass": 4
  },
  "dd": {
    "minimal_lines": [
      6,
      8,
      17,
      18,
      19,
      20,
      24,
      31,
      35,
      36,
      48,
      70,
      72,
      73,
      75,
      78,
      80,
      82,
      84,
      86
    ],
    "n_suspicious": 20,
    "pct_suspicious": 30.8,
    "dd_iterations": 1,
    "n_reducible": 20
  }
}