{
  "sbfl": {
    "line_scores": {
      "1": 0.7745966692414834,
      "3": 0.7745966692414834,
      "4": 0.7745966692414834,
      "6": 0.7745966692414834,
      "14": 0.7745966692414834,
      "16": 0.7745966692414834,
      "17": 0.7745966692414834,
      "18": 0.7745966692414834,
      "21": 0.7745966692414834,
      "23": 0.7745966692414834,
      "27": 0.7745966692414834,
      "29": 0.816496580927726,
      "32": 0.7745966692414834,
      "61": 0.7745966692414834,
      "63": 0.816496580927726,
      "64": 0.816496580927726,
      "66": 0.816496580927726,
      "68": 0.816496580927726,
      "69": 0.5773502691896258,
      "70": 0.5773502691896258,
      "71": 0.4082482904638631,
      "72": 0.5773502691896258,
      "73": 0.4082482904638631,
      "75": 0.816496580927726
    },
    "n_suspicious": 24,
    "pct_suspicious": 42.9,
    "n_fail": 6,
    "n_pass": 4
  },
  "dd": {
    "minimal_lines": [
      6,
      14,
      16,
      17,
      18,
      22,
      24,
      28,
      29,
      41,
      61,
      63,
      64,
      66,
      69,
      71,
      73,
      75
    ],
    "n_suspicious": 18,
    "pct_suspicious": 32.1,
    "dd_iterations": 1,
    "n_reducible": 18
  }
}