{
  "sbfl": {
    "line_scores": {
      "1": 0.5477225575051661,
      "3": 0.5477225575051661,
      "4": 0.5477225575051661,
      "6": 0.5477225575051661,
      "8": 0.5477225575051661,
      "9": 0.5477225575051661,
      "10": 0.5477225575051661,
      "11": 0.5477225575051661,
      "14": 0.5477225575051661,
      "16": 0.5477225575051661,
      "18": 0.5773502691896257,
      "20": 0.5773502691896257,
      "22": 0.6123724356957946,
      "24": 0.6123724356957946,
      "28": 0.5477225575051661,
      "30": 0.6546536707079772,
      "31": 0.6546536707079772,
      "32": 0.6546536707079772,
      "35": 0.5477225575051661,
      "63": 0.5477225575051661,
      "65": 0.6546536707079772,
      "67": 0.6546536707079772,
      "69": 0.6546536707079772,
      "70": 0.6546536707079772,
      "74": 0.6546536707079772
    },
    "n_suspicious": 25,
    "pct_suspicious": 43.9,
    "n_fail": 3,
    "n_pass": 7
  },
  "dd": {
    "minimal_lines": [
      6,
      8,
      9,
      10,
      11,
      15,
      17,
      19,
      21,
      23,
      25,
      29,
      30,
      31,
      32,
      41,
      63,
      65,
      67,
      70,
      72,
      74
    ],
    "n_suspicious": 22,
    "pct_suspicious": 38.6,
    "dd_iterations": 1,
    "n_reducible": 22
  }
}