{
  "sbfl": {
    "line_scores": {
      "1": 0.5477225575051661,
      "3": 0.5477225575051661,
      "4": 0.5477225575051661,
      "6": 0.5477225575051661,
      "8": 0.5477225575051661,
      "9": 0.5477225575051661,
      "10": 0.5477225575051661,
      "11": 0.5477225575051661,
      "14": 0.5477225575051661,
      "16": 0.5477225575051661,
      "18": 0.5773502691896257,
      "20": 0.5773502691896257,
      "22": 0.5773502691896257,
      "24": 0.5773502691896257,
      "28": 0.5477225575051661,
      "30": 0.5773502691896257,
      "33": 0.5477225575051661,
      "56": 0.5477225575051661,
      "58": 0.5773502691896257,
      "59": 0.5773502691896257,
      "61": 0.5773502691896257,
      "63": 0.5773502691896257,
      "64": 0.5773502691896257
    },
    "n_suspicious": 23,
    "pct_suspicious": 47.9,
    "n_fail": 3,
    "n_pass": 7
  },
  "dd": {
    "minimal_lines": [
      6,
      8,
      9,
      10,
      11,
      15,
      17,
      19,
      21,
      23,
      25,
      29,
      30,
      39,
      56,
      58,
      59,
      61,
      63,
      64
    ],
    "n_suspicious": 20,
    "pct_suspicious": 41.7,
    "dd_iterations": 1,
    "n_reducible": 20
  }
}