{
  "sbfl": {
    "line_scores": {
      "1": 0.4472135954999579,
      "3": 0.4472135954999579,
      "4": 0.4472135954999579,
      "6": 0.4472135954999579,
      "11": 0.4472135954999579,
      "12": 0.4472135954999579,
      "13": 0.4472135954999579,
      "14": 0.4472135954999579,
      "17": 0.4472135954999579,
      "21": 0.4472135954999579,
      "25": 0.47140452079103173,
      "26": 0.5,
      "33": 0.4472135954999579,
      "37": 0.5,
      "40": 0.4472135954999579,
      "68": 0.4472135954999579,
      "70": 0.5,
      "71": 0.5,
      "73": 0.5,
      "75": 0.5,
      "77": 0.5345224838248488
    },
    "n_suspicious": 21,
    "pct_suspicious": 36.2,
    "n_fail": 2,
    "n_pass": 8
  },
  "dd": {
    "minimal_lines": [
      6,
      11,
      12,
      13,
      14,
      20,
      22,
      27,
      36,
      37,
      47,
      68,
      70,
      71,
      73,
      76,
      77
    ],
    "n_suspicious": 17,
    "pct_suspicious": 29.3,
    "dd_iterations": 1,
    "n_reducible": 17
  }
}