{
  "sbfl": {
    "line_scores": {
      "1": 0.5477225575051661,
      "3": 0.5477225575051661,
      "4": 0.5477225575051661,
      "6": 0.5477225575051661,
      "9": 0.5477225575051661,
      "12": 0.5477225575051661,
      "15": 0.5477225575051661,
      "18": 0.5477225575051661,
      "27": 0.6123724356957946,
      "29": 0.6546536707079772,
      "32": 0.5477225575051661,
      "37": 0.5477225575051661,
      "61": 0.5477225575051661,
      "64": 0.5477225575051661,
      "67": 0.6123724356957946,
      "68": 0.6123724356957946,
      "71": 0.6123724356957946,
      "73": 0.6546536707079772,
      "75": 0.7071067811865476
    },
    "n_suspicious": 19,
    "pct_suspicious": 37.3,
    "n_fail": 3,
    "n_pass": 7
  },
  "dd": {
    "minimal_lines": [
      6,
      9,
      12,
      15,
      19,
      28,
      29,
      33,
      34,
      42,
      62,
      65,
      67,
      69,
      71,
      74,
      75
    ],
    "n_suspicious": 17,
    "pct_suspicious": 33.3,
    "dd_iterations": 1,
    "n_reducible": 17
  }
}