{
  "sbfl": {
    "line_scores": {
      "1": 0.5477225575051661,
      "3": 0.5477225575051661,
      "4": 0.5477225575051661,
      "6": 0.5477225575051661,
      "8": 0.5477225575051661,
      "9": 0.5477225575051661,
      "10": 0.5477225575051661,
      "11": 0.5477225575051661,
      "14": 0.5477225575051661,
      "16": 0.5477225575051661,
      "20": 0.5773502691896257,
      "24": 0.5477225575051661,
      "28": 0.6123724356957946,
      "31": 0.5477225575051661,
      "56": 0.5477225575051661,
      "58": 0.6123724356957946,
      "59": 0.6123724356957946,
      "61": 0.6123724356957946,
      "66": 0.6123724356957946,
      "68": 0.6546536707079772
    },
    "n_suspicious": 20,
    "pct_suspicious": 38.5,
    "n_fail": 3,
    "n_pass": 7
  },
  "dd": {
    "minimal_lines": [
      6,
      8,
      9,
      10,
      11,
      15,
      17,
      21,
      27,
      28,
      38,
      56,
      58,
      59,
      61,
      67,
      68
    ],
    "n_suspicious": 17,
    "pct_suspicious": 32.7,
    "dd_iterations": 1,
    "n_reducible": 17
  }
}