{
  "sbfl": {
    "line_scores": {
      "1": 0.5477225575051661,
      "3": 0.5477225575051661,
      "4": 0.5477225575051661,
      "6": 0.5477225575051661,
      "8": 0.5477225575051661,
      "9": 0.5477225575051661,
      "10": 0.5477225575051661,
      "12": 0.5477225575051661,
      "13": 0.5477225575051661,
      "16": 0.5477225575051661,
      "18": 0.5477225575051661,
      "22": 0.5773502691896257,
      "26": 0.6123724356957946,
      "29": 0.5477225575051661,
      "31": 0.6123724356957946,
      "34": 0.5477225575051661,
      "60": 0.5477225575051661,
      "62": 0.6123724356957946,
      "65": 0.6123724356957946,
      "66": 0.6123724356957946,
      "70": 0.6546536707079772,
      "72": 0.6546536707079772,
      "74": 0.7071067811865476
    },
    "n_suspicious": 23,
    "pct_suspicious": 41.1,
    "n_fail": 3,
    "n_pass": 7
  },
  "dd": {
    "minimal_lines": [
      6,
      8,
      9,
      10,
      12,
      13,
      17,
      19,
      23,
      26,
      30,
      31,
      41,
      60,
      63,
      65,
      67,
      68,
      70,
      73,
      74
    ],
    "n_suspicious": 21,
    "pct_suspicious": 37.5,
    "dd_iterations": 1,
    "n_reducible": 21
  }
}