{
  "sbfl": {
    "line_scores": {
      "1": 0.7071067811865475,
      "3": 0.7071067811865475,
      "4": 0.7071067811865475,
      "6": 0.7071067811865475,
      "13": 0.7071067811865475,
      "15": 0.7071067811865475,
      "16": 0.7071067811865475,
      "17": 0.7071067811865475,
      "20": 0.7071067811865475,
      "22": 0.7071067811865475,
      "26": 0.7071067811865475,
      "28": 0.7453559924999299,
      "31": 0.7071067811865475,
      "62": 0.7071067811865475,
      "64": 0.7453559924999299,
      "65": 0.7453559924999299,
      "66": 0.7453559924999299,
      "68": 0.7453559924999299,
      "72": 0.7453559924999299,
      "73": 0.7453559924999299
    },
    "n_suspicious": 20,
    "pct_suspicious": 36.4,
    "n_fail": 5,
    "n_pass": 5
  },
  "dd": {
    "minimal_lines": [
      6,
      13,
      15,
      16,
      17,
      21,
      23,
      27,
      28,
      40,
      62,
      64,
      65,
      66,
      69,
      70,
      72,
      73
    ],
    "n_suspicious": 18,
    "pct_suspicious": 32.7,
    "dd_iterations": 1,
    "n_reducible": 18
  }
}