{
  "sbfl": {
    "line_scores": {
      "1": 0.5477225575051661,
      "3": 0.5477225575051661,
      "4": 0.5477225575051661,
      "6": 0.5477225575051661,
      "8": 0.5477225575051661,
      "9": 0.5477225575051661,
      "10": 0.5477225575051661,
      "11": 0.5477225575051661,
      "13": 0.5477225575051661,
      "16": 0.5477225575051661,
      "18": 0.5477225575051661,
      "22": 0.5477225575051661,
      "29": 0.6123724356957946,
      "30": 0.6123724356957946,
      "32": 0.6546536707079772,
      "35": 0.5477225575051661,
      "57": 0.5477225575051661,
      "59": 0.5773502691896257,
      "60": 0.5773502691896257,
      "64": 0.6123724356957946,
      "66": 0.6123724356957946,
      "70": 0.6546536707079772,
      "71": 0.6546536707079772
    },
    "n_suspicious": 23,
    "pct_suspicious": 44.2,
    "n_fail": 3,
    "n_pass": 7
  },
  "dd": {
    "minimal_lines": [
      6,
      8,
      9,
      10,
      11,
      13,
      17,
      19,
      23,
      29,
      31,
      32,
      40,
      57,
      59,
      61,
      62,
      64,
      67,
      68,
      70,
      71
    ],
    "n_suspicious": 22,
    "pct_suspicious": 42.3,
    "dd_iterations": 1,
    "n_reducible": 22
  }
}