{
  "sbfl": {
    "line_scores": {
      "1": 0.6324555320336759,
      "3": 0.6324555320336759,
      "4": 0.6324555320336759,
      "6": 0.6324555320336759,
      "15": 0.6324555320336759,
      "17": 0.6324555320336759,
      "18": 0.6324555320336759,
      "19": 0.6324555320336759,
      "20": 0.6324555320336759,
      "23": 0.6324555320336759,
      "25": 0.6324555320336759,
      "32": 0.6324555320336759,
      "34": 0.7071067811865475,
      "37": 0.6324555320336759,
      "58": 0.6324555320336759,
      "60": 0.7071067811865475,
      "61": 0.7071067811865475,
      "63": 0.7071067811865475
    },
    "n_suspicious": 18,
    "pct_suspicious": 39.1,
    "n_fail": 4,
    "n_pass": 6
  },
  "dd": {
    "minimal_lines": [
      6,
      15,
      17,
      18,
      19,
      20,
      24,
      26,
      33,
      34,
      42,
      58,
      60,
      61,
      63
    ],
    "n_suspicious": 15,
    "pct_suspicious": 32.6,
    "dd_iterations": 1,
    "n_reducible": 15
  }
}