{
  "sbfl": {
    "line_scores": {
      "1": 0.8366600265340756,
      "3": 0.8366600265340756,
      "4": 0.8366600265340756,
      "6": 0.8366600265340756,
      "8": 0.8366600265340756,
      "9": 0.8366600265340756,
      "10": 0.8366600265340756,
      "11": 0.8366600265340756,
      "14": 0.8366600265340756,
      "21": 0.8819171036881969,
      "22": 0.8819171036881969,
      "24": 0.9354143466934853,
      "26": 1.0,
      "30": 0.8366600265340756,
      "41": 0.8366600265340756,
      "64": 0.8366600265340756,
      "67": 0.8819171036881969,
      "68": 0.8819171036881969,
      "70": 1.0,
      "72": 1.0,
      "75": 1.0,
      "76": 1.0,
      "77": 1.0,
      "78": 1.0,
      "80": 1.0
    },
    "n_suspicious": 25,
    "pct_suspicious": 41.0,
    "n_fail": 7,
    "n_pass": 3
  },
  "dd": {
    "minimal_lines": [
      6,
      8,
      9,
      10,
      11,
      15,
      23,
      25,
      27,
      31,
      32,
      34,
      35,
      37,
      38,
      45,
      65,
      67,
      68,
      70,
      73,
      75,
      76,
      78,
      80
    ],
    "n_suspicious": 25,
    "pct_suspicious": 41.0,
    "dd_iterations": 1,
    "n_reducible": 25
  }
}