{
  "sbfl": {
    "line_scores": {
      "1": 0.6324555320336759,
      "3": 0.6324555320336759,
      "4": 0.6324555320336759,
      "6": 0.6324555320336759,
      "14": 0.6324555320336759,
      "16": 0.6324555320336759,
      "17": 0.6324555320336759,
      "18": 0.6324555320336759,
      "19": 0.6324555320336759,
      "22": 0.6324555320336759,
      "24": 0.6324555320336759,
      "26": 0.6666666666666666,
      "30": 0.6324555320336759,
      "32": 0.7559289460184544,
      "35": 0.6324555320336759,
      "60": 0.6324555320336759,
      "62": 0.7071067811865475,
      "63": 0.7071067811865475,
      "65": 0.7071067811865475,
      "67": 0.7071067811865475,
      "71": 0.7559289460184544
    },
    "n_suspicious": 21,
    "pct_suspicious": 40.4,
    "n_fail": 4,
    "n_pass": 6
  },
  "dd": {
    "minimal_lines": [
      6,
      14,
      16,
      17,
      18,
      19,
      23,
      25,
      27,
      31,
      32,
      41,
      60,
      62,
      63,
      65,
      68,
      69,
      71
    ],
    "n_suspicious": 19,
    "pct_suspicious": 36.5,
    "dd_iterations": 1,
    "n_reducible": 19
  }
}