{
  "sbfl": {
    "line_scores": {
      "1": 0.6324555320336759,
      "3": 0.6324555320336759,
      "4": 0.6324555320336759,
      "5": 0.6324555320336759,
      "7": 0.6324555320336759,
      "9": 0.6324555320336759,
      "10": 0.6324555320336759,
      "11": 0.6324555320336759,
      "12": 0.6324555320336759,
      "15": 0.6324555320336759,
      "17": 0.6324555320336759,
      "19": 0.6324555320336759,
      "21": 0.6324555320336759,
      "25": 0.6324555320336759,
      "27": 0.7559289460184544,
      "28": 0.7559289460184544,
      "30": 0.7559289460184544,
      "33": 0.6324555320336759,
      "57": 0.6324555320336759,
      "59": 0.7071067811865475,
      "62": 0.7559289460184544,
      "63": 0.7559289460184544,
      "65": 0.7559289460184544,
      "66": 0.8944271909999159,
      "67": 0.8944271909999159
    },
    "n_suspicious": 25,
    "pct_suspicious": 48.1,
    "n_fail": 4,
    "n_pass": 6
  },
  "dd": {
    "minimal_lines": [
      7,
      9,
      10,
      11,
      12,
      16,
      18,
      20,
      22,
      26,
      27,
      29,
      30,
      38,
      57,
      60,
      62,
      63,
      66,
      67,
      68
    ],
    "n_suspicious": 21,
    "pct_suspicious": 40.4,
    "dd_iterations": 1,
    "n_reducible": 21
  }
}