{
  "sbfl": {
    "line_scores": {
      "1": 0.7071067811865475,
      "3": 0.7071067811865475,
      "4": 0.7071067811865475,
      "6": 0.7071067811865475,
      "8": 0.7071067811865475,
      "9": 0.7071067811865475,
      "10": 0.7071067811865475,
      "13": 0.7071067811865475,
      "15": 0.7071067811865475,
      "16": 0.6324555320336759,
      "23": 0.7071067811865475,
      "25": 0.7453559924999299,
      "27": 0.7453559924999299,
      "29": 0.7453559924999299,
      "32": 0.7071067811865475,
      "49": 0.7071067811865475,
      "50": 0.7071067811865475,
      "52": 0.7071067811865475,
      "53": 0.7071067811865475,
      "55": 0.7071067811865475,
      "58": 0.7071067811865475,
      "59": 0.7071067811865475,
      "60": 0.7071067811865475,
      "61": 0.8451542547285166,
      "62": 0.8451542547285166,
      "63": 0.4472135954999579,
      "64": 0.4472135954999579,
      "65": 0.9128709291752769,
      "66": 0.5163977794943222,
      "67": 0.5163977794943222,
      "69": 1.0,
      "70": 1.0,
      "71": 1.0,
      "72": 1.0,
      "73": 0.7071067811865475,
      "74": 0.7071067811865475,
      "76": 0.7071067811865475,
      "77": 1.0,
      "79": 0.7071067811865475
    },
    "n_suspicious": 39,
    "pct_suspicious": 63.9,
    "n_fail": 5,
    "n_pass": 5
  },
  "dd": {
    "minimal_lines": [
      6,
      8,
      9,
      10,
      14,
      17,
      24,
      26,
      28,
      29,
      33,
      49,
      50,
      52,
      53,
      55,
      58,
      59,
      61,
      63,
      64,
      66,
      67,
      69,
      70,
      71,
      72,
      73,
      74,
      77,
      79
    ],
    "n_suspicious": 31,
    "pct_suspicious": 50.8,
    "dd_iterations": 1,
    "n_reducible": 31
  }
}