{
  "sbfl": {
    "line_scores": {
      "1": 0.7071067811865475,
      "3": 0.7071067811865475,
      "4": 0.7071067811865475,
      "6": 0.7071067811865475,
      "13": 0.7071067811865475,
      "15": 0.7071067811865475,
      "16": 0.7071067811865475,
      "17": 0.7071067811865475,
      "18": 0.7071067811865475,
      "21": 0.7071067811865475,
      "23": 0.7071067811865475,
      "27": 0.7071067811865475,
      "29": 0.7453559924999299,
      "32": 0.7071067811865475,
      "61": 0.7071067811865475,
      "63": 0.7453559924999299,
      "64": 0.7453559924999299,
      "66": 0.7453559924999299,
      "67": 0.6324555320336759,
      "68": 0.6324555320336759,
      "69": 0.4472135954999579,
      "70": 0.6324555320336759,
      "71": 0.4472135954999579,
      "73": 0.7453559924999299,
      "74": 0.7453559924999299
    },
    "n_suspicious": 25,
    "pct_suspicious": 44.6,
    "n_fail": 5,
    "n_pass": 5
  },
  "dd": {
    "minimal_lines": [
      6,
      13,
      15,
      16,
      17,
      18,
      22,
      24,
      28,
      29,
      41,
      61,
      63,
      64,
      67,
      69,
      71,
      73,
      74
    ],
    "n_suspicious": 19,
    "pct_suspicious": 33.9,
    "dd_iterations": 1,
    "n_reducible": 19
  }
}