{
  "sbfl": {
    "line_scores": {
      "1": 0.5477225575051661,
      "3": 0.5477225575051661,
      "4": 0.5477225575051661,
      "6": 0.5477225575051661,
      "14": 0.5477225575051661,
      "16": 0.5477225575051661,
      "17": 0.5477225575051661,
      "18": 0.5477225575051661,
      "19": 0.5477225575051661,
      "22": 0.5477225575051661,
      "24": 0.5477225575051661,
      "28": 0.5773502691896257,
      "34": 0.5477225575051661,
      "38": 0.5773502691896257,
      "41": 0.5477225575051661,
      "67": 0.5477225575051661,
      "69": 0.5773502691896257,
      "70": 0.5773502691896257,
      "72": 0.5773502691896257,
      "74": 0.5773502691896257,
      "76": 0.6123724356957946
    },
    "n_suspicious": 21,
    "pct_suspicious": 36.2,
    "n_fail": 3,
    "n_pass": 7
  },
  "dd": {
    "minimal_lines": [
      6,
      14,
      16,
      17,
      18,
      19,
      23,
      25,
      29,
      37,
      38,
      48,
      67,
      69,
      70,
      72,
      75,
      76
    ],
    "n_suspicious": 18,
    "pct_suspicious": 31.0,
    "dd_iterations": 1,
    "n_reducible": 18
  }
}