{
  "sbfl": {
    "line_scores": {
      "1": 0.6324555320336759,
      "3": 0.6324555320336759,
      "4": 0.6324555320336759,
      "6": 0.6324555320336759,
      "9": 0.6324555320336759,
      "12": 0.6324555320336759,
      "15": 0.6324555320336759,
      "18": 0.6324555320336759,
      "21": 0.6324555320336759,
      "23": 0.6324555320336759,
      "27": 0.6666666666666666,
      "33": 0.6324555320336759,
      "35": 0.6666666666666666,
      "38": 0.6324555320336759,
      "64": 0.6324555320336759,
      "66": 0.6666666666666666,
      "67": 0.6666666666666666,
      "69": 0.6666666666666666,
      "71": 0.6666666666666666,
      "73": 0.7071067811865475
    },
    "n_suspicious": 20,
    "pct_suspicious": 40.0,
    "n_fail": 4,
    "n_pass": 6
  },
  "dd": {
    "minimal_lines": [
      6,
      9,
      12,
      15,
      18,
      22,
      24,
      28,
      34,
      35,
      45,
      64,
      66,
      67,
      69,
      72,
      73
    ],
    "n_suspicious": 17,
    "pct_suspicious": 34.0,
    "dd_iterations": 1,
    "n_reducible": 17
  }
}