{
  "sbfl": {
    "line_scores": {
      "1": 0.6324555320336759,
      "3": 0.6324555320336759,
      "4": 0.6324555320336759,
      "6": 0.6324555320336759,
      "8": 0.6324555320336759,
      "9": 0.6324555320336759,
      "10": 0.6324555320336759,
      "13": 0.6324555320336759,
      "15": 0.6324555320336759,
      "16": 0.7071067811865475,
      "22": 0.6324555320336759,
      "24": 0.6666666666666666,
      "25": 0.6666666666666666,
      "29": 0.6666666666666666,
      "32": 0.6324555320336759,
      "50": 0.6324555320336759,
      "51": 0.6666666666666666,
      "52": 0.6666666666666666,
      "53": 0.6666666666666666,
      "55": 0.6666666666666666,
      "56": 0.6666666666666666,
      "57": 0.6666666666666666,
      "58": 0.8164965809277261,
      "59": 0.8164965809277261,
      "60": 0.8164965809277261,
      "62": 0.8944271909999159,
      "63": 0.8944271909999159,
      "64": 0.6666666666666666,
      "65": 0.6666666666666666,
      "67": 0.6666666666666666,
      "68": 1.0,
      "70": 0.6666666666666666
    },
    "n_suspicious": 32,
    "pct_suspicious": 59.3,
    "n_fail": 4,
    "n_pass": 6
  },
  "dd": {
    "minimal_lines": [
      6,
      8,
      9,
      10,
      14,
      17,
      23,
      24,
      26,
      29,
      33,
      50,
      51,
      52,
      53,
      55,
      56,
      59,
      60,
      62,
      63,
      64,
      65,
      68,
      70
    ],
    "n_suspicious": 25,
    "pct_suspicious": 46.3,
    "dd_iterations": 1,
    "n_reducible": 25
  }
}