{
  "sbfl": {
    "line_scores": {
      "1": 0.5477225575051661,
      "3": 0.5477225575051661,
      "4": 0.5477225575051661,
      "6": 0.5477225575051661,
      "8": 0.5477225575051661,
      "9": 0.5477225575051661,
      "10": 0.5477225575051661,
      "13": 0.5477225575051661,
      "19": 0.5477225575051661,
      "26": 0.5477225575051661,
      "28": 0.5477225575051661,
      "29": 0.6546536707079772,
      "33": 0.5477225575051661,
      "62": 0.5477225575051661,
      "63": 0.5477225575051661,
      "65": 0.5477225575051661,
      "67": 0.5477225575051661,
      "68": 0.6123724356957946,
      "70": 0.7071067811865476,
      "71": 0.7745966692414834,
      "72": 0.6123724356957946
    },
    "n_suspicious": 21,
    "pct_suspicious": 38.2,
    "n_fail": 3,
    "n_pass": 7
  },
  "dd": {
    "minimal_lines": [
      6,
      8,
      9,
      10,
      14,
      20,
      27,
      29,
      30,
      39,
      62,
      63,
      65,
      69,
      71,
      72
    ],
    "n_suspicious": 16,
    "pct_suspicious": 29.1,
    "dd_iterations": 1,
    "n_reducible": 16
  }
}