{
  "sbfl": {
    "line_scores": {
      "1": 0.5477225575051661,
      "3": 0.5477225575051661,
      "4": 0.5477225575051661,
      "6": 0.5477225575051661,
      "13": 0.5477225575051661,
      "14": 0.5477225575051661,
      "15": 0.5477225575051661,
      "16": 0.5477225575051661,
      "17": 0.5477225575051661,
      "20": 0.5477225575051661,
      "22": 0.5477225575051661,
      "24": 0.5773502691896257,
      "26": 0.5773502691896257,
      "30": 0.5477225575051661,
      "32": 0.6123724356957946,
      "35": 0.5477225575051661,
      "62": 0.5477225575051661,
      "64": 0.6123724356957946,
      "66": 0.6123724356957946,
      "67": 0.6123724356957946,
      "69": 0.6123724356957946,
      "71": 0.6123724356957946,
      "73": 0.6123724356957946,
      "75": 0.6546536707079772
    },
    "n_suspicious": 24,
    "pct_suspicious": 42.9,
    "n_fail": 3,
    "n_pass": 7
  },
  "dd": {
    "minimal_lines": [
      6,
      13,
      14,
      15,
      16,
      17,
      21,
      23,
      25,
      27,
      31,
      32,
      41,
      62,
      64,
      66,
      67,
      69,
      71,
      74,
      75
    ],
    "n_suspicious": 21,
    "pct_suspicious": 37.5,
    "dd_iterations": 1,
    "n_reducible": 21
  }
}