{
  "sbfl": {
    "line_scores": {
      "1": 0.5477225575051661,
      "3": 0.5477225575051661,
      "4": 0.5477225575051661,
      "6": 0.5477225575051661,
      "8": 0.5477225575051661,
      "9": 0.5477225575051661,
      "10": 0.5477225575051661,
      "11": 0.5477225575051661,
      "14": 0.5477225575051661,
      "16": 0.5477225575051661,
      "20": 0.5773502691896257,
      "26": 0.5477225575051661,
      "28": 0.5773502691896257,
      "31": 0.5477225575051661,
      "59": 0.5477225575051661,
      "61": 0.5773502691896257,
      "62": 0.5773502691896257,
      "64": 0.5773502691896257,
      "69": 0.5773502691896257,
      "71": 0.6123724356957946
    },
    "n_suspicious": 20,
    "pct_suspicious": 36.4,
    "n_fail": 3,
    "n_pass": 7
  },
  "dd": {
    "minimal_lines": [
      6,
      8,
      9,
      10,
      11,
      15,
      17,
      21,
      27,
      28,
      38,
      59,
      61,
      62,
      64,
      70,
      71
    ],
    "n_suspicious": 17,
    "pct_suspicious": 30.9,
    "dd_iterations": 1,
    "n_reducible": 17
  }
}