{
  "sbfl": {
    "line_scores": {
      "1": 0.6324555320336759,
      "3": 0.6324555320336759,
      "4": 0.6324555320336759,
      "6": 0.6324555320336759,
      "9": 0.6324555320336759,
      "12": 0.6324555320336759,
      "15": 0.6324555320336759,
      "18": 0.6324555320336759,
      "20": 0.6324555320336759,
      "24": 0.6324555320336759,
      "26": 0.7071067811865475,
      "30": 0.6324555320336759,
      "54": 0.6324555320336759,
      "55": 0.7071067811865475,
      "57": 0.7559289460184544,
      "59": 0.8944271909999159,
      "61": 0.8944271909999159,
      "62": 0.8944271909999159
    },
    "n_suspicious": 18,
    "pct_suspicious": 42.9,
    "n_fail": 4,
    "n_pass": 6
  },
  "dd": {
    "minimal_lines": [
      6,
      9,
      12,
      15,
      19,
      21,
      25,
      27,
      36,
      54,
      55,
      58,
      59,
      61,
      62
    ],
    "n_suspicious": 15,
    "pct_suspicious": 35.7,
    "dd_iterations": 1,
    "n_reducible": 15
  }
}