{
  "sbfl": {
    "line_scores": {
      "1": 0.816496580927726,
      "3": 0.816496580927726,
      "4": 0.816496580927726,
      "6": 0.816496580927726,
      "8": 0.816496580927726,
      "9": 0.816496580927726,
      "10": 0.816496580927726,
      "13": 0.816496580927726,
      "15": 0.816496580927726,
      "21": 0.816496580927726,
      "26": 0.4082482904638631,
      "27": 0.4082482904638631,
      "28": 0.4082482904638631,
      "29": 0.4082482904638631,
      "30": 0.4082482904638631,
      "33": 0.816496580927726,
      "53": 0.816496580927726,
      "55": 0.8660254037844387,
      "56": 0.8660254037844387,
      "57": 0.4082482904638631,
      "58": 0.4082482904638631,
      "59": 0.4082482904638631,
      "62": 0.8660254037844387,
      "63": 0.4082482904638631,
      "65": 0.8660254037844387
    },
    "n_suspicious": 25,
    "pct_suspicious": 52.1,
    "n_fail": 6,
    "n_pass": 3
  },
  "dd": {
    "minimal_lines": [
      6,
      8,
      9,
      10,
      14,
      16,
      22,
      26,
      28,
      29,
      30,
      34,
      53,
      55,
      57,
      58,
      60,
      63,
      65
    ],
    "n_suspicious": 19,
    "pct_suspicious": 39.6,
    "dd_iterations": 1,
    "n_reducible": 19
  }
}