{
  "sbfl": {
    "line_scores": {
      "1": 0.7745966692414834,
      "3": 0.7745966692414834,
      "4": 0.7745966692414834,
      "6": 0.7745966692414834,
      "8": 0.7745966692414834,
      "9": 0.7745966692414834,
      "10": 0.7745966692414834,
      "11": 0.7745966692414834,
      "14": 0.7745966692414834,
      "24": 0.7745966692414834,
      "26": 0.7745966692414834,
      "27": 0.7745966692414834,
      "29": 0.816496580927726,
      "31": 0.816496580927726,
      "34": 0.7745966692414834,
      "40": 0.816496580927726,
      "46": 0.7745966692414834,
      "71": 0.7745966692414834,
      "72": 0.816496580927726,
      "74": 0.816496580927726,
      "77": 0.816496580927726,
      "80": 0.8660254037844387,
      "81": 0.8660254037844387
    },
    "n_suspicious": 23,
    "pct_suspicious": 37.1,
    "n_fail": 6,
    "n_pass": 4
  },
  "dd": {
    "minimal_lines": [
      6,
      8,
      9,
      10,
      11,
      15,
      25,
      26,
      28,
      30,
      31,
      35,
      41,
      49,
      71,
      72,
      74,
      78,
      80,
      81
    ],
    "n_suspicious": 20,
    "pct_suspicious": 32.3,
    "dd_iterations": 1,
    "n_reducible": 20
  }
}