{
  "sbfl": {
    "line_scores": {
      "7": 0.5477225575051661,
      "9": 0.5477225575051661,
      "10": 0.5477225575051661,
      "12": 0.5477225575051661,
      "14": 0.5477225575051661,
      "15": 0.5477225575051661,
      "16": 0.5477225575051661,
      "17": 0.5477225575051661,
      "20": 0.5477225575051661,
      "22": 0.5477225575051661,
      "24": 0.5773502691896257,
      "30": 0.5477225575051661,
      "32": 0.6546536707079772,
      "35": 0.5477225575051661,
      "58": 0.5477225575051661,
      "59": 0.6123724356957946,
      "62": 0.6546536707079772,
      "63": 0.6546536707079772,
      "65": 0.6546536707079772,
      "67": 0.6546536707079772,
      "72": 0.6546536707079772,
      "74": 0.7071067811865476
    },
    "n_suspicious": 22,
    "pct_suspicious": 38.6,
    "n_fail": 3,
    "n_pass": 7
  },
  "dd": {
    "minimal_lines": [
      1,
      12,
      14,
      15,
      16,
      17,
      21,
      23,
      25,
      31,
      32,
      41,
      58,
      60,
      62,
      63,
      65,
      67,
      73,
      74
    ],
    "n_suspicious": 20,
    "pct_suspicious": 35.1,
    "dd_iterations": 1,
    "n_reducible": 20
  }
}