{
  "sbfl": {
    "line_scores": {
      "1": 0.6324555320336759,
      "3": 0.6324555320336759,
      "4": 0.6324555320336759,
      "6": 0.6324555320336759,
      "8": 0.6324555320336759,
      "9": 0.6324555320336759,
      "10": 0.6324555320336759,
      "13": 0.6324555320336759,
      "15": 0.6324555320336759,
      "21": 0.6324555320336759,
      "26": 0.7559289460184544,
      "29": 0.6324555320336759,
      "55": 0.6324555320336759,
      "57": 0.6666666666666666,
      "58": 0.6666666666666666,
      "62": 0.7559289460184544,
      "64": 0.7559289460184544,
      "66": 0.7559289460184544,
      "68": 0.8164965809277261
    },
    "n_suspicious": 19,
    "pct_suspicious": 38.0,
    "n_fail": 4,
    "n_pass": 6
  },
  "dd": {
    "minimal_lines": [
      6,
      8,
      9,
      10,
      14,
      16,
      22,
      26,
      36,
      55,
      57,
      59,
      60,
      62,
      64,
      67,
      68
    ],
    "n_suspicious": 17,
    "pct_suspicious": 34.0,
    "dd_iterations": 1,
    "n_reducible": 17
  }
}