{
  "sbfl": {
    "line_scores": {
      "1": 0.4472135954999579,
      "3": 0.4472135954999579,
      "4": 0.4472135954999579,
      "5": 0.4472135954999579,
      "7": 0.4472135954999579,
      "9": 0.4472135954999579,
      "10": 0.4472135954999579,
      "11": 0.4472135954999579,
      "12": 0.4472135954999579,
      "15": 0.4472135954999579,
      "22": 0.4472135954999579,
      "26": 0.47140452079103173,
      "30": 0.4472135954999579,
      "32": 0.5,
      "33": 0.5,
      "36": 0.4472135954999579,
      "60": 0.4472135954999579,
      "62": 0.5,
      "66": 0.5345224838248488,
      "67": 0.5345224838248488
    },
    "n_suspicious": 20,
    "pct_suspicious": 39.2,
    "n_fail": 2,
    "n_pass": 8
  },
  "dd": {
    "minimal_lines": [
      7,
      9,
      10,
      11,
      12,
      16,
      23,
      27,
      31,
      32,
      33,
      41,
      60,
      63,
      64,
      66,
      67
    ],
    "n_suspicious": 17,
    "pct_suspicious": 33.3,
    "dd_iterations": 1,
    "n_reducible": 17
  }
}