{
  "sbfl": {
    "line_scores": {
      "7": 0.5477225575051661,
      "9": 0.5477225575051661,
      "10": 0.5477225575051661,
      "12": 0.5477225575051661,
      "14": 0.5477225575051661,
      "15": 0.5477225575051661,
      "16": 0.5477225575051661,
      "17": 0.5477225575051661,
      "20": 0.5477225575051661,
      "22": 0.5477225575051661,
      "24": 0.5773502691896257,
      "28": 0.5477225575051661,
      "30": 0.5773502691896257,
      "34": 0.5477225575051661,
      "57": 0.5477225575051661,
      "58": 0.5773502691896257,
      "60": 0.6123724356957946,
      "61": 0.6123724356957946,
      "63": 0.6123724356957946,
      "65": 0.6123724356957946,
      "67": 0.6123724356957946,
      "69": 0.6546536707079772
    },
    "n_suspicious": 22,
    "pct_suspicious": 42.3,
    "n_fail": 3,
    "n_pass": 7
  },
  "dd": {
    "minimal_lines": [
      1,
      12,
      14,
      15,
      16,
      17,
      21,
      23,
      25,
      29,
      31,
      40,
      57,
      58,
      60,
      61,
      63,
      65,
      68,
      69
    ],
    "n_suspicious": 20,
    "pct_suspicious": 38.5,
    "dd_iterations": 1,
    "n_reducible": 20
  }
}