{
  "sbfl": {
    "line_scores": {
      "1": 0.7745966692414834,
      "3": 0.7745966692414834,
      "4": 0.7745966692414834,
      "6": 0.7745966692414834,
      "8": 0.7745966692414834,
      "9": 0.7745966692414834,
      "10": 0.7745966692414834,
      "13": 0.7745966692414834,
      "20": 0.7745966692414834,
      "21": 0.816496580927726,
      "25": 0.816496580927726,
      "32": 0.7745966692414834,
      "34": 0.7745966692414834,
      "37": 0.7745966692414834,
      "55": 0.7745966692414834,
      "56": 0.7745966692414834,
      "58": 0.7745966692414834,
      "59": 0.7745966692414834,
      "61": 0.7745966692414834,
      "62": 0.7745966692414834,
      "63": 0.7745966692414834,
      "64": 0.9258200997725514,
      "65": 0.9258200997725514,
      "66": 0.6123724356957946,
      "67": 0.6123724356957946,
      "68": 0.9258200997725514,
      "69": 0.6123724356957946,
      "70": 0.6123724356957946,
      "72": 1.0,
      "73": 1.0,
      "74": 1.0,
      "75": 1.0,
      "76": 0.7745966692414834,
      "77": 0.7745966692414834,
      "79": 0.7745966692414834,
      "80": 1.0,
      "82": 0.7745966692414834
    },
    "n_suspicious": 37,
    "pct_suspicious": 57.8,
    "n_fail": 6,
    "n_pass": 4
  },
  "dd": {
    "minimal_lines": [
      6,
      8,
      9,
      10,
      14,
      22,
      26,
      33,
      34,
      38,
      55,
      56,
      58,
      59,
      61,
      62,
      64,
      66,
      67,
      69,
      70,
      72,
      73,
      74,
      75,
      76,
      77,
      80,
      82
    ],
    "n_suspicious": 29,
    "pct_suspicious": 45.3,
    "dd_iterations": 1,
    "n_reducible": 29
  }
}