{
  "sbfl": {
    "line_scores": {
      "1": 0.6324555320336759,
      "3": 0.6324555320336759,
      "4": 0.6324555320336759,
      "6": 0.6324555320336759,
      "8": 0.6324555320336759,
      "9": 0.6324555320336759,
      "10": 0.6324555320336759,
      "11": 0.6324555320336759,
      "14": 0.6324555320336759,
      "16": 0.6324555320336759,
      "18": 0.6666666666666666,
      "25": 0.6324555320336759,
      "27": 0.7559289460184544,
      "30": 0.6324555320336759,
      "56": 0.6324555320336759,
      "58": 0.6666666666666666,
      "61": 0.7071067811865475,
      "62": 0.5,
      "64": 0.7071067811865475,
      "65": 0.7071067811865475,
      "68": 0.7559289460184544,
      "69": 0.7559289460184544,
      "70": 0.7559289460184544,
      "71": 0.7559289460184544,
      "73": 0.7559289460184544
    },
    "n_suspicious": 25,
    "pct_suspicious": 45.5,
    "n_fail": 4,
    "n_pass": 6
  },
  "dd": {
    "minimal_lines": [
      6,
      8,
      9,
      10,
      11,
      15,
      17,
      19,
      26,
      27,
      36,
      56,
      59,
      62,
      64,
      66,
      68,
      70,
      71,
      73
    ],
    "n_suspicious": 20,
    "pct_suspicious": 36.4,
    "dd_iterations": 1,
    "n_reducible": 20
  }
}