{
  "sbfl": {
    "line_scores": {
      "1": 0.6324555320336759,
      "3": 0.6324555320336759,
      "4": 0.6324555320336759,
      "5": 0.6324555320336759,
      "7": 0.6324555320336759,
      "9": 0.6324555320336759,
      "10": 0.6324555320336759,
      "11": 0.6324555320336759,
      "12": 0.6324555320336759,
      "15": 0.6324555320336759,
      "21": 0.6324555320336759,
      "23": 0.6666666666666666,
      "25": 0.6666666666666666,
      "27": 0.7071067811865475,
      "29": 0.7071067811865475,
      "33": 0.6324555320336759,
      "40": 0.7071067811865475,
      "41": 0.7071067811865475,
      "44": 0.6324555320336759,
      "69": 0.6324555320336759,
      "71": 0.7071067811865475,
      "72": 0.7071067811865475,
      "74": 0.7071067811865475,
      "75": 0.7071067811865475,
      "76": 0.7071067811865475,
      "78": 0.7071067811865475,
      "80": 0.7071067811865475,
      "81": 0.7559289460184544
    },
    "n_suspicious": 28,
    "pct_suspicious": 43.1,
    "n_fail": 4,
    "n_pass": 6
  },
  "dd": {
    "minimal_lines": [
      7,
      9,
      10,
      11,
      12,
      20,
      22,
      24,
      26,
      28,
      30,
      39,
      40,
      41,
      51,
      69,
      71,
      72,
      74,
      76,
      78,
      81,
      82
    ],
    "n_suspicious": 23,
    "pct_suspicious": 35.4,
    "dd_iterations": 1,
    "n_reducible": 23
  }
}