{
  "sbfl": {
    "line_scores": {
      "1": 0.4472135954999579,
      "3": 0.4472135954999579,
      "4": 0.4472135954999579,
      "6": 0.4472135954999579,
      "8": 0.4472135954999579,
      "9": 0.4472135954999579,
      "10": 0.4472135954999579,
      "13": 0.4472135954999579,
      "15": 0.4472135954999579,
      "17": 0.47140452079103173,
      "23": 0.4472135954999579,
      "32": 0.4472135954999579,
      "57": 0.4472135954999579,
      "59": 0.47140452079103173,
      "63": 0.5345224838248488,
      "65": 0.5345224838248488,
      "67": 0.5773502691896258
    },
    "n_suspicious": 17,
    "pct_suspicious": 34.0,
    "n_fail": 2,
    "n_pass": 8
  },
  "dd": {
    "minimal_lines": [
      6,
      8,
      9,
      10,
      14,
      16,
      18,
      24,
      28,
      29,
      37,
      57,
      60,
      61,
      63,
      66,
      67
    ],
    "n_suspicious": 17,
    "pct_suspicious": 34.0,
    "dd_iterations": 1,
    "n_reducible": 17
  }
}