{
  "sbfl": {
    "line_scores": {
      "1": 0.4472135954999579,
      "3": 0.4472135954999579,
      "4": 0.4472135954999579,
      "6": 0.4472135954999579,
      "8": 0.4472135954999579,
      "9": 0.4472135954999579,
      "10": 0.4472135954999579,
      "11": 0.4472135954999579,
      "14": 0.4472135954999579,
      "16": 0.5,
      "18": 0.5,
      "19": 0.5,
      "23": 0.4472135954999579,
      "25": 0.5,
      "28": 0.4472135954999579,
      "52": 0.4472135954999579,
      "54": 0.47140452079103173,
      "56": 0.47140452079103173,
      "59": 0.5,
      "61": 0.5,
      "62": 0.5,
      "65": 0.5,
      "66": 0.5,
      "67": 0.5,
      "69": 0.5,
      "71": 0.5,
      "73": 0.5,
      "74": 0.5
    },
    "n_suspicious": 28,
    "pct_suspicious": 50.0,
    "n_fail": 2,
    "n_pass": 8
  },
  "dd": {
    "minimal_lines": [
      6,
      8,
      9,
      10,
      11,
      15,
      17,
      20,
      24,
      25,
      34,
      53,
      55,
      57,
      59,
      61,
      63,
      66,
      67,
      69,
      71,
      74,
      75
    ],
    "n_suspicious": 23,
    "pct_suspicious": 41.1,
    "dd_iterations": 1,
    "n_reducible": 23
  }
}