{
  "sbfl": {
    "line_scores": {
      "1": 0.6324555320336759,
      "3": 0.6324555320336759,
      "4": 0.6324555320336759,
      "6": 0.6324555320336759,
      "8": 0.6324555320336759,
      "9": 0.6324555320336759,
      "10": 0.6324555320336759,
      "11": 0.6324555320336759,
      "14": 0.6324555320336759,
      "20": 0.6324555320336759,
      "22": 0.6666666666666666,
      "24": 0.6666666666666666,
      "26": 0.7071067811865475,
      "28": 0.7071067811865475,
      "30": 0.7071067811865475,
      "34": 0.6324555320336759,
      "40": 0.7071067811865475,
      "41": 0.7071067811865475,
      "42": 0.7071067811865475,
      "43": 0.7071067811865475,
      "44": 0.7071067811865475,
      "45": 0.7071067811865475,
      "48": 0.6324555320336759,
      "73": 0.6324555320336759,
      "74": 0.7071067811865475,
      "76": 0.7071067811865475,
      "79": 0.7071067811865475,
      "81": 0.7071067811865475,
      "82": 0.8164965809277261
    },
    "n_suspicious": 29,
    "pct_suspicious": 43.3,
    "n_fail": 4,
    "n_pass": 6
  },
  "dd": {
    "minimal_lines": [
      6,
      8,
      9,
      10,
      11,
      19,
      21,
      23,
      25,
      27,
      29,
      31,
      39,
      40,
      41,
      43,
      44,
      45,
      55,
      73,
      74,
      77,
      79,
      82,
      83
    ],
    "n_suspicious": 25,
    "pct_suspicious": 37.3,
    "dd_iterations": 1,
    "n_reducible": 25
  }
}