{
  "sbfl": {
    "line_scores": {
      "7": 0.7071067811865475,
      "9": 0.7071067811865475,
      "10": 0.7071067811865475,
      "12": 0.7071067811865475,
      "14": 0.7071067811865475,
      "15": 0.7071067811865475,
      "16": 0.7071067811865475,
      "19": 0.7071067811865475,
      "21": 0.7071067811865475,
      "23": 0.7453559924999299,
      "24": 0.7453559924999299,
      "29": 0.7453559924999299,
      "30": 0.7453559924999299,
      "37": 0.7071067811865475,
      "45": 0.7071067811865475,
      "69": 0.7071067811865475,
      "70": 0.7071067811865475,
      "72": 0.7453559924999299,
      "75": 0.7453559924999299,
      "76": 0.7905694150420948,
      "79": 0.7905694150420948,
      "80": 0.7905694150420948,
      "81": 0.7905694150420948
    },
    "n_suspicious": 23,
    "pct_suspicious": 35.9,
    "n_fail": 5,
    "n_pass": 5
  },
  "dd": {
    "minimal_lines": [
      1,
      12,
      14,
      15,
      16,
      20,
      22,
      23,
      25,
      29,
      31,
      39,
      41,
      42,
      49,
      69,
      70,
      72,
      77,
      79,
      80,
      81
    ],
    "n_suspicious": 22,
    "pct_suspicious": 34.4,
    "dd_iterations": 1,
    "n_reducible": 22
  }
}