{
  "sbfl": {
    "line_scores": {
      "1": 0.7745966692414834,
      "3": 0.7745966692414834,
      "4": 0.7745966692414834,
      "6": 0.7745966692414834,
      "8": 0.7745966692414834,
      "9": 0.7745966692414834,
      "10": 0.7745966692414834,
      "11": 0.7745966692414834,
      "14": 0.7745966692414834,
      "16": 0.7745966692414834,
      "17": 0.7745966692414834,
      "19": 0.816496580927726,
      "22": 0.7745966692414834,
      "24": 0.816496580927726,
      "30": 0.7745966692414834,
      "57": 0.7745966692414834,
      "58": 0.816496580927726,
      "60": 0.816496580927726,
      "63": 0.816496580927726,
      "65": 0.816496580927726,
      "68": 0.8660254037844387,
      "69": 0.8660254037844387
    },
    "n_suspicious": 22,
    "pct_suspicious": 42.3,
    "n_fail": 6,
    "n_pass": 4
  },
  "dd": {
    "minimal_lines": [
      6,
      8,
      9,
      10,
      11,
      15,
      16,
      18,
      19,
      23,
      25,
      33,
      57,
      58,
      61,
      63,
      66,
      68,
      69
    ],
    "n_suspicious": 19,
    "pct_suspicious": 36.5,
    "dd_iterations": 1,
    "n_reducible": 19
  }
}