{
  "sbfl": {
    "line_scores": {
      "1": 0.6324555320336759,
      "3": 0.6324555320336759,
      "4": 0.6324555320336759,
      "6": 0.6324555320336759,
      "8": 0.6324555320336759,
      "9": 0.6324555320336759,
      "10": 0.6324555320336759,
      "11": 0.6324555320336759,
      "14": 0.6324555320336759,
      "25": 0.6324555320336759,
      "27": 0.6324555320336759,
      "28": 0.6324555320336759,
      "34": 0.6324555320336759,
      "36": 0.6666666666666666,
      "42": 0.6324555320336759,
      "67": 0.6324555320336759,
      "68": 0.6324555320336759,
      "71": 0.6666666666666666,
      "73": 0.6666666666666666,
      "75": 0.6666666666666666,
      "76": 0.7071067811865475,
      "78": 0.6666666666666666,
      "79": 0.7071067811865475,
      "80": 0.7071067811865475,
      "84": 0.7559289460184544,
      "85": 0.7559289460184544,
      "86": 0.7559289460184544
    },
    "n_suspicious": 27,
    "pct_suspicious": 40.9,
    "n_fail": 4,
    "n_pass": 6
  },
  "dd": {
    "minimal_lines": [
      6,
      8,
      9,
      10,
      11,
      15,
      26,
      27,
      29,
      35,
      37,
      46,
      67,
      69,
      71,
      73,
      76,
      79,
      81,
      82,
      84,
      85,
      86
    ],
    "n_suspicious": 23,
    "pct_suspicious": 34.8,
    "dd_iterations": 1,
    "n_reducible": 23
  }
}