{
  "sbfl": {
    "line_scores": {
      "1": 0.6324555320336759,
      "3": 0.6324555320336759,
      "4": 0.6324555320336759,
      "6": 0.6324555320336759,
      "8": 0.6324555320336759,
      "9": 0.6324555320336759,
      "10": 0.6324555320336759,
      "13": 0.6324555320336759,
      "24": 0.6324555320336759,
      "28": 0.6324555320336759,
      "29": 0.6666666666666666,
      "35": 0.6324555320336759,
      "42": 0.6324555320336759,
      "60": 0.6324555320336759,
      "61": 0.6324555320336759,
      "63": 0.6324555320336759,
      "64": 0.6324555320336759,
      "65": 0.6324555320336759,
      "66": 0.7559289460184544,
      "67": 0.7559289460184544,
      "68": 0.5,
      "69": 0.5,
      "70": 0.7559289460184544,
      "71": 0.4472135954999579,
      "72": 0.4472135954999579,
      "74": 0.8944271909999159,
      "75": 0.8944271909999159,
      "76": 0.8944271909999159,
      "77": 0.8944271909999159,
      "78": 0.6324555320336759,
      "79": 0.6324555320336759,
      "81": 0.6324555320336759,
      "82": 1.0,
      "84": 0.6324555320336759,
      "85": 0.6324555320336759
    },
    "n_suspicious": 35,
    "pct_suspicious": 52.2,
    "n_fail": 4,
    "n_pass": 6
  },
  "dd": {
    "minimal_lines": [
      6,
      8,
      9,
      10,
      14,
      25,
      30,
      36,
      38,
      39,
      43,
      60,
      61,
      63,
      64,
      66,
      68,
      69,
      71,
      72,
      74,
      75,
      76,
      77,
      78,
      79,
      82,
      84,
      85
    ],
    "n_suspicious": 29,
    "pct_suspicious": 43.3,
    "dd_iterations": 1,
    "n_reducible": 29
  }
}