{
  "sbfl": {
    "line_scores": {
      "1": 0.7071067811865475,
      "3": 0.7071067811865475,
      "4": 0.7071067811865475,
      "6": 0.7071067811865475,
      "14": 0.7071067811865475,
      "16": 0.7071067811865475,
      "17": 0.7071067811865475,
      "18": 0.7071067811865475,
      "21": 0.7071067811865475,
      "25": 0.7071067811865475,
      "27": 0.7453559924999299,
      "29": 0.7453559924999299,
      "33": 0.7071067811865475,
      "35": 0.7453559924999299,
      "38": 0.7071067811865475,
      "68": 0.7071067811865475,
      "70": 0.7453559924999299,
      "71": 0.7453559924999299,
      "73": 0.7453559924999299,
      "80": 0.7453559924999299,
      "81": 0.7453559924999299
    },
    "n_suspicious": 21,
    "pct_suspicious": 33.3,
    "n_fail": 5,
    "n_pass": 5
  },
  "dd": {
    "minimal_lines": [
      6,
      14,
      16,
      17,
      18,
      24,
      26,
      28,
      30,
      34,
      35,
      47,
      68,
      70,
      71,
      74,
      76,
      78,
      80,
      81
    ],
    "n_suspicious": 20,
    "pct_suspicious": 31.7,
    "dd_iterations": 1,
    "n_reducible": 20
  }
}