{
  "sbfl": {
    "line_scores": {
      "8": 0.5477225575051661,
      "10": 0.5477225575051661,
      "11": 0.5477225575051661,
      "13": 0.5477225575051661,
      "15": 0.5477225575051661,
      "16": 0.5477225575051661,
      "17": 0.5477225575051661,
      "20": 0.5477225575051661,
      "32": 0.6123724356957946,
      "33": 0.6123724356957946,
      "35": 0.6546536707079772,
      "38": 0.5477225575051661,
      "40": 0.6546536707079772,
      "43": 0.5477225575051661,
      "66": 0.5477225575051661,
      "70": 0.6123724356957946,
      "71": 0.6546536707079772,
      "73": 0.6546536707079772,
      "75": 0.7071067811865476
    },
    "n_suspicious": 19,
    "pct_suspicious": 34.5,
    "n_fail": 3,
    "n_pass": 7
  },
  "dd": {
    "minimal_lines": [
      1,
      13,
      15,
      16,
      17,
      21,
      32,
      34,
      35,
      39,
      40,
      48,
      67,
      68,
      70,
      71,
      74,
      75
    ],
    "n_suspicious": 18,
    "pct_suspicious": 32.7,
    "dd_iterations": 1,
    "n_reducible": 18
  }
}