{
  "sbfl": {
    "line_scores": {
      "1": 0.5477225575051661,
      "3": 0.5477225575051661,
      "4": 0.5477225575051661,
      "6": 0.5477225575051661,
      "8": 0.5477225575051661,
      "9": 0.5477225575051661,
      "10": 0.5477225575051661,
      "11": 0.5477225575051661,
      "14": 0.5477225575051661,
      "16": 0.5773502691896257,
      "18": 0.6123724356957946,
      "22": 0.6123724356957946,
      "23": 0.6123724356957946,
      "25": 0.6123724356957946,
      "29": 0.5477225575051661,
      "33": 0.6123724356957946,
      "34": 0.6123724356957946,
      "37": 0.5477225575051661,
      "61": 0.5477225575051661,
      "63": 0.5773502691896257,
      "66": 0.5773502691896257,
      "68": 0.6123724356957946,
      "69": 0.6123724356957946,
      "71": 0.6123724356957946,
      "72": 0.6123724356957946,
      "76": 0.6123724356957946
    },
    "n_suspicious": 26,
    "pct_suspicious": 44.1,
    "n_fail": 3,
    "n_pass": 7
  },
  "dd": {
    "minimal_lines": [
      6,
      8,
      9,
      10,
      11,
      15,
      17,
      19,
      24,
      26,
      32,
      33,
      34,
      43,
      62,
      64,
      66,
      68,
      69,
      72,
      74,
      76
    ],
    "n_suspicious": 22,
    "pct_suspicious": 37.3,
    "dd_iterations": 1,
    "n_reducible": 22
  }
}