{
  "sbfl": {
    "line_scores": {
      "1": 0.2886751345948129,
      "3": 0.2886751345948129,
      "4": 0.2886751345948129,
      "6": 0.2886751345948129,
      "7": 0.2886751345948129,
      "8": 0.2886751345948129,
      "9": 0.2886751345948129,
      "10": 0.2886751345948129,
      "13": 0.2886751345948129,
      "15": 0.2886751345948129,
      "17": 0.30151134457776363,
      "19": 0.31622776601683794,
      "23": 0.2886751345948129,
      "25": 0.3333333333333333,
      "28": 0.2886751345948129,
      "52": 0.2886751345948129,
      "53": 0.3333333333333333,
      "55": 0.3333333333333333,
      "56": 0.3333333333333333,
      "57": 0.3333333333333333,
      "58": 0.3333333333333333,
      "60": 0.3333333333333333
    },
    "n_suspicious": 22,
    "pct_suspicious": 47.8,
    "n_fail": 1,
    "n_pass": 11
  },
  "dd": {
    "minimal_lines": [
      6,
      7,
      8,
      9,
      10,
      14,
      16,
      18,
      20,
      24,
      25,
      34,
      52,
      53,
      55,
      57,
      58,
      60
    ],
    "n_suspicious": 18,
    "pct_suspicious": 39.1,
    "dd_iterations": 1,
    "n_reducible": 18
  }
}