{
  "sbfl": {
    "line_scores": {
      "1": 0.31622776601683794,
      "3": 0.31622776601683794,
      "4": 0.31622776601683794,
      "6": 0.31622776601683794,
      "7": 0.31622776601683794,
      "8": 0.31622776601683794,
      "9": 0.31622776601683794,
      "10": 0.31622776601683794,
      "13": 0.31622776601683794,
      "15": 0.31622776601683794,
      "17": 0.3333333333333333,
      "19": 0.35355339059327373,
      "23": 0.31622776601683794,
      "25": 0.3779644730092272,
      "28": 0.31622776601683794,
      "51": 0.31622776601683794,
      "53": 0.3779644730092272,
      "55": 0.3779644730092272,
      "56": 0.3779644730092272,
      "57": 0.3779644730092272,
      "59": 0.3779644730092272
    },
    "n_suspicious": 21,
    "pct_suspicious": 47.7,
    "n_fail": 1,
    "n_pass": 9
  },
  "dd": {
    "minimal_lines": [
      6,
      7,
      8,
      9,
      10,
      14,
      16,
      18,
      20,
      24,
      25,
      34,
      51,
      53,
      55,
      57,
      59
    ],
    "n_suspicious": 17,
    "pct_suspicious": 38.6,
    "dd_iterations": 1,
    "n_reducible": 17
  }
}