{
  "sbfl": {
    "line_scores": {
      "1": 0.5477225575051661,
      "3": 0.5477225575051661,
      "4": 0.5477225575051661,
      "6": 0.5477225575051661,
      "14": 0.5477225575051661,
      "15": 0.5477225575051661,
      "16": 0.5477225575051661,
      "17": 0.5477225575051661,
      "20": 0.5477225575051661,
      "22": 0.5477225575051661,
      "26": 0.5773502691896257,
      "32": 0.5477225575051661,
      "34": 0.5773502691896257,
      "42": 0.5477225575051661,
      "64": 0.5477225575051661,
      "65": 0.5477225575051661,
      "66": 0.5773502691896257,
      "68": 0.5773502691896257,
      "69": 0.6123724356957946,
      "71": 0.7071067811865476
    },
    "n_suspicious": 20,
    "pct_suspicious": 35.7,
    "n_fail": 3,
    "n_pass": 7
  },
  "dd": {
    "minimal_lines": [
      6,
      14,
      15,
      16,
      17,
      21,
      23,
      27,
      33,
      35,
      46,
      64,
      65,
      66,
      70,
      71
    ],
    "n_suspicious": 16,
    "pct_suspicious": 28.6,
    "dd_iterations": 1,
    "n_reducible": 16
  }
}