{
  "sbfl": {
    "line_scores": {
      "1": 0.7745966692414834,
      "3": 0.7745966692414834,
      "4": 0.7745966692414834,
      "6": 0.7745966692414834,
      "8": 0.7745966692414834,
      "9": 0.7745966692414834,
      "10": 0.7745966692414834,
      "11": 0.7745966692414834,
      "14": 0.7745966692414834,
      "16": 0.7745966692414834,
      "20": 0.7745966692414834,
      "27": 0.7745966692414834,
      "50": 0.7745966692414834,
      "52": 0.7745966692414834,
      "55": 0.816496580927726,
      "59": 0.816496580927726,
      "60": 0.8660254037844387,
      "62": 0.8660254037844387,
      "64": 0.816496580927726,
      "65": 0.8660254037844387,
      "66": 0.8660254037844387,
      "69": 0.8660254037844387,
      "72": 0.8660254037844387,
      "73": 0.8660254037844387,
      "74": 0.8660254037844387
    },
    "n_suspicious": 25,
    "pct_suspicious": 45.5,
    "n_fail": 6,
    "n_pass": 4
  },
  "dd": {
    "minimal_lines": [
      6,
      8,
      9,
      10,
      11,
      15,
      17,
      23,
      24,
      30,
      50,
      53,
      56,
      57,
      61,
      62,
      65,
      67,
      70,
      72,
      73,
      74
    ],
    "n_suspicious": 22,
    "pct_suspicious": 40.0,
    "dd_iterations": 1,
    "n_reducible": 22
  }
}