{
  "sbfl": {
    "line_scores": {
      "1": 0.7453559924999299,
      "3": 0.7453559924999299,
      "4": 0.7453559924999299,
      "6": 0.7453559924999299,
      "8": 0.7453559924999299,
      "9": 0.7453559924999299,
      "10": 0.7453559924999299,
      "11": 0.7453559924999299,
      "14": 0.7453559924999299,
      "16": 0.7453559924999299,
      "20": 0.7905694150420948,
      "26": 0.7453559924999299,
      "28": 0.7905694150420948,
      "34": 0.7453559924999299,
      "60": 0.7453559924999299,
      "61": 0.7453559924999299,
      "62": 0.7905694150420948,
      "64": 0.7905694150420948,
      "66": 0.7905694150420948,
      "67": 0.8451542547285166,
      "74": 0.8451542547285166,
      "75": 0.8451542547285166,
      "76": 0.8451542547285166
    },
    "n_suspicious": 23,
    "pct_suspicious": 38.3,
    "n_fail": 5,
    "n_pass": 4
  },
  "dd": {
    "minimal_lines": [
      6,
      8,
      9,
      10,
      11,
      15,
      17,
      21,
      27,
      29,
      37,
      60,
      61,
      62,
      64,
      68,
      72,
      74,
      75,
      76
    ],
    "n_suspicious": 20,
    "pct_suspicious": 33.3,
    "dd_iterations": 1,
    "n_reducible": 20
  }
}