{
  "sbfl": {
    "line_scores": {
      "1": 0.7453559924999299,
      "3": 0.7453559924999299,
      "4": 0.7453559924999299,
      "6": 0.7453559924999299,
      "8": 0.7453559924999299,
      "9": 0.7453559924999299,
      "10": 0.7453559924999299,
      "11": 0.7453559924999299,
      "14": 0.7453559924999299,
      "21": 0.7453559924999299,
      "23": 0.7453559924999299,
      "29": 0.7453559924999299,
      "31": 0.7453559924999299,
      "34": 0.7453559924999299,
      "57": 0.7453559924999299,
      "59": 0.7453559924999299,
      "62": 0.7453559924999299,
      "67": 0.7453559924999299,
      "68": 0.7905694150420948,
      "70": 0.7453559924999299,
      "71": 0.7905694150420948,
      "79": 0.7905694150420948,
      "80": 0.7905694150420948,
      "81": 0.7905694150420948,
      "82": 0.7905694150420948
    },
    "n_suspicious": 25,
    "pct_suspicious": 39.7,
    "n_fail": 5,
    "n_pass": 4
  },
  "dd": {
    "minimal_lines": [
      6,
      8,
      9,
      10,
      11,
      15,
      22,
      24,
      30,
      31,
      37,
      57,
      60,
      63,
      68,
      72,
      77,
      79,
      80,
      81,
      82
    ],
    "n_suspicious": 21,
    "pct_suspicious": 33.3,
    "dd_iterations": 1,
    "n_reducible": 21
  }
}