{
  "sbfl": {
    "line_scores": {
      "1": 0.6324555320336759,
      "3": 0.6324555320336759,
      "4": 0.6324555320336759,
      "6": 0.6324555320336759,
      "14": 0.6324555320336759,
      "16": 0.6324555320336759,
      "17": 0.6324555320336759,
      "18": 0.6324555320336759,
      "19": 0.6324555320336759,
      "22": 0.6324555320336759,
      "24": 0.6324555320336759,
      "28": 0.6324555320336759,
      "30": 0.6666666666666666,
      "33": 0.6324555320336759,
      "55": 0.6324555320336759,
      "56": 0.6666666666666666,
      "58": 0.6666666666666666,
      "65": 0.6666666666666666,
      "66": 1.0,
      "67": 0.6666666666666666
    },
    "n_suspicious": 20,
    "pct_suspicious": 40.0,
    "n_fail": 4,
    "n_pass": 6
  },
  "dd": {
    "minimal_lines": [
      6,
      14,
      16,
      17,
      18,
      19,
      23,
      25,
      29,
      30,
      39,
      55,
      56,
      58,
      66,
      67
    ],
    "n_suspicious": 16,
    "pct_suspicious": 32.0,
    "dd_iterations": 1,
    "n_reducible": 16
  }
}