{
  "sbfl": {
    "line_scores": {
      "7": 0.5477225575051661,
      "9": 0.5477225575051661,
      "10": 0.5477225575051661,
      "12": 0.5477225575051661,
      "14": 0.5477225575051661,
      "15": 0.5477225575051661,
      "16": 0.5477225575051661,
      "19": 0.5477225575051661,
      "21": 0.5477225575051661,
      "23": 0.5773502691896257,
      "27": 0.5477225575051661,
      "29": 0.6123724356957946,
      "32": 0.5477225575051661,
      "57": 0.5477225575051661,
      "59": 0.6123724356957946,
      "60": 0.6123724356957946,
      "62": 0.6123724356957946,
      "64": 0.6123724356957946,
      "66": 0.6123724356957946,
      "68": 0.6546536707079772
    },
    "n_suspicious": 20,
    "pct_suspicious": 40.0,
    "n_fail": 3,
    "n_pass": 7
  },
  "dd": {
    "minimal_lines": [
      1,
      12,
      14,
      15,
      16,
      20,
      22,
      24,
      28,
      29,
      38,
      57,
      59,
      60,
      62,
      64,
      67,
      68
    ],
    "n_suspicious": 18,
    "pct_suspicious": 36.0,
    "dd_iterations": 1,
    "n_reducible": 18
  }
}