{
  "sbfl": {
    "line_scores": {
      "1": 0.6324555320336759,
      "3": 0.6324555320336759,
      "4": 0.6324555320336759,
      "6": 0.6324555320336759,
      "13": 0.6324555320336759,
      "14": 0.6324555320336759,
      "15": 0.6324555320336759,
      "16": 0.6324555320336759,
      "19": 0.6324555320336759,
      "25": 0.6324555320336759,
      "27": 0.6666666666666666,
      "31": 0.6324555320336759,
      "36": 0.7071067811865475,
      "39": 0.6324555320336759,
      "64": 0.6324555320336759,
      "66": 0.7071067811865475,
      "67": 0.7071067811865475,
      "69": 0.7071067811865475,
      "71": 0.7071067811865475,
      "73": 0.7071067811865475,
      "75": 0.7559289460184544
    },
    "n_suspicious": 21,
    "pct_suspicious": 38.2,
    "n_fail": 4,
    "n_pass": 6
  },
  "dd": {
    "minimal_lines": [
      6,
      13,
      14,
      15,
      16,
      20,
      26,
      28,
      32,
      36,
      45,
      64,
      66,
      67,
      69,
      71,
      74,
      75
    ],
    "n_suspicious": 18,
    "pct_suspicious": 32.7,
    "dd_iterations": 1,
    "n_reducible": 18
  }
}