{
  "sbfl": {
    "line_scores": {
      "7": 0.7453559924999299,
      "9": 0.7453559924999299,
      "10": 0.7453559924999299,
      "12": 0.7453559924999299,
      "13": 0.7453559924999299,
      "14": 0.7453559924999299,
      "15": 0.7453559924999299,
      "17": 0.7453559924999299,
      "20": 0.7453559924999299,
      "22": 0.7453559924999299,
      "24": 0.7905694150420948,
      "25": 0.7905694150420948,
      "29": 0.7905694150420948,
      "35": 0.7453559924999299,
      "37": 0.8451542547285166,
      "38": 0.8451542547285166,
      "39": 0.8451542547285166,
      "42": 0.7453559924999299,
      "61": 0.7453559924999299,
      "62": 0.7453559924999299,
      "64": 0.7905694150420948,
      "65": 0.8451542547285166,
      "72": 0.8451542547285166,
      "73": 0.8451542547285166
    },
    "n_suspicious": 24,
    "pct_suspicious": 41.4,
    "n_fail": 5,
    "n_pass": 4
  },
  "dd": {
    "minimal_lines": [
      1,
      12,
      13,
      14,
      15,
      17,
      21,
      23,
      24,
      26,
      30,
      36,
      37,
      38,
      39,
      45,
      61,
      62,
      66,
      70,
      72,
      73
    ],
    "n_suspicious": 22,
    "pct_suspicious": 37.9,
    "dd_iterations": 1,
    "n_reducible": 22
  }
}