{
  "sbfl": {
    "line_scores": {
      "1": 0.4472135954999579,
      "3": 0.4472135954999579,
      "4": 0.4472135954999579,
      "6": 0.4472135954999579,
      "8": 0.4472135954999579,
      "9": 0.4472135954999579,
      "10": 0.4472135954999579,
      "11": 0.4472135954999579,
      "14": 0.4472135954999579,
      "20": 0.4472135954999579,
      "22": 0.47140452079103173,
      "24": 0.47140452079103173,
      "26": 0.5,
      "30": 0.4472135954999579,
      "37": 0.5,
      "40": 0.4472135954999579,
      "61": 0.4472135954999579,
      "63": 0.5,
      "64": 0.5,
      "66": 0.5,
      "68": 0.5
    },
    "n_suspicious": 21,
    "pct_suspicious": 42.0,
    "n_fail": 2,
    "n_pass": 8
  },
  "dd": {
    "minimal_lines": [
      6,
      8,
      9,
      10,
      11,
      15,
      21,
      23,
      25,
      27,
      33,
      37,
      43,
      61,
      63,
      64,
      66,
      68
    ],
    "n_suspicious": 18,
    "pct_suspicious": 36.0,
    "dd_iterations": 1,
    "n_reducible": 18
  }
}