{
  "sbfl": {
    "line_scores": {
      "7": 0.7071067811865475,
      "9": 0.7071067811865475,
      "10": 0.7071067811865475,
      "12": 0.7071067811865475,
      "14": 0.7071067811865475,
      "15": 0.7071067811865475,
      "16": 0.7071067811865475,
      "19": 0.7071067811865475,
      "21": 0.7071067811865475,
      "23": 0.7453559924999299,
      "29": 0.7071067811865475,
      "31": 0.7453559924999299,
      "38": 0.7071067811865475,
      "62": 0.7071067811865475,
      "63": 0.7071067811865475,
      "64": 0.7453559924999299,
      "66": 0.7453559924999299,
      "67": 0.7905694150420948,
      "74": 0.8451542547285166,
      "75": 0.8451542547285166,
      "76": 0.8451542547285166
    },
    "n_suspicious": 21,
    "pct_suspicious": 35.0,
    "n_fail": 5,
    "n_pass": 5
  },
  "dd": {
    "minimal_lines": [
      1,
      12,
      14,
      15,
      16,
      20,
      22,
      24,
      30,
      32,
      41,
      62,
      63,
      64,
      68,
      72,
      74,
      75,
      76
    ],
    "n_suspicious": 19,
    "pct_suspicious": 31.7,
    "dd_iterations": 1,
    "n_reducible": 19
  }
}