{
  "sbfl": {
    "line_scores": {
      "1": 0.7745966692414834,
      "3": 0.7745966692414834,
      "4": 0.7745966692414834,
      "6": 0.7745966692414834,
      "8": 0.7745966692414834,
      "9": 0.7745966692414834,
      "10": 0.7745966692414834,
      "11": 0.7745966692414834,
      "14": 0.7745966692414834,
      "16": 0.7745966692414834,
      "18": 0.7745966692414834,
      "19": 0.7745966692414834,
      "21": 0.7745966692414834,
      "23": 0.816496580927726,
      "26": 0.7745966692414834,
      "28": 0.816496580927726,
      "35": 0.7745966692414834,
      "59": 0.7745966692414834,
      "60": 0.816496580927726,
      "62": 0.816496580927726,
      "66": 0.8660254037844387,
      "67": 0.8660254037844387
    },
    "n_suspicious": 22,
    "pct_suspicious": 42.3,
    "n_fail": 6,
    "n_pass": 4
  },
  "dd": {
    "minimal_lines": [
      6,
      8,
      9,
      10,
      11,
      15,
      17,
      18,
      20,
      22,
      23,
      27,
      29,
      38,
      59,
      60,
      63,
      64,
      66,
      67
    ],
    "n_suspicious": 20,
    "pct_suspicious": 38.5,
    "dd_iterations": 1,
    "n_reducible": 20
  }
}