{
  "sbfl": {
    "line_scores": {
      "1": 0.6324555320336759,
      "3": 0.6324555320336759,
      "4": 0.6324555320336759,
      "6": 0.6324555320336759,
      "8": 0.6324555320336759,
      "9": 0.6324555320336759,
      "10": 0.6324555320336759,
      "13": 0.6324555320336759,
      "20": 0.6666666666666666,
      "22": 0.7071067811865475,
      "26": 0.6324555320336759,
      "28": 0.7071067811865475,
      "31": 0.6324555320336759,
      "55": 0.6324555320336759,
      "57": 0.6666666666666666,
      "60": 0.6666666666666666,
      "62": 0.7071067811865475,
      "63": 0.7071067811865475,
      "66": 0.7071067811865475,
      "67": 0.7071067811865475,
      "68": 0.7071067811865475,
      "70": 0.7071067811865475,
      "72": 0.7071067811865475,
      "74": 0.7071067811865475,
      "75": 0.7071067811865475
    },
    "n_suspicious": 25,
    "pct_suspicious": 44.6,
    "n_fail": 4,
    "n_pass": 6
  },
  "dd": {
    "minimal_lines": [
      6,
      8,
      9,
      10,
      14,
      21,
      23,
      27,
      28,
      37,
      56,
      58,
      60,
      62,
      64,
      67,
      68,
      70,
      72,
      75,
      76
    ],
    "n_suspicious": 21,
    "pct_suspicious": 37.5,
    "dd_iterations": 1,
    "n_reducible": 21
  }
}