{
  "sbfl": {
    "line_scores": {
      "1": 0.7071067811865475,
      "3": 0.7071067811865475,
      "4": 0.7071067811865475,
      "6": 0.7071067811865475,
      "13": 0.7071067811865475,
      "15": 0.7071067811865475,
      "16": 0.7071067811865475,
      "17": 0.7071067811865475,
      "19": 0.7071067811865475,
      "22": 0.7071067811865475,
      "24": 0.7071067811865475,
      "30": 0.7071067811865475,
      "32": 0.7453559924999299,
      "36": 0.7905694150420948,
      "43": 0.7905694150420948,
      "46": 0.7071067811865475,
      "66": 0.7071067811865475,
      "67": 0.7453559924999299,
      "69": 0.7905694150420948,
      "70": 0.7905694150420948,
      "72": 0.7905694150420948
    },
    "n_suspicious": 21,
    "pct_suspicious": 38.2,
    "n_fail": 5,
    "n_pass": 5
  },
  "dd": {
    "minimal_lines": [
      6,
      13,
      15,
      16,
      17,
      19,
      23,
      25,
      31,
      33,
      37,
      42,
      43,
      52,
      66,
      67,
      69,
      70,
      72
    ],
    "n_suspicious": 19,
    "pct_suspicious": 34.5,
    "dd_iterations": 1,
    "n_reducible": 19
  }
}