{
  "sbfl": {
    "line_scores": {
      "1": 0.5477225575051661,
      "3": 0.5477225575051661,
      "4": 0.5477225575051661,
      "6": 0.5477225575051661,
      "13": 0.5477225575051661,
      "14": 0.5477225575051661,
      "15": 0.5477225575051661,
      "16": 0.5477225575051661,
      "19": 0.5477225575051661,
      "25": 0.5477225575051661,
      "27": 0.5773502691896257,
      "33": 0.5477225575051661,
      "35": 0.6546536707079772,
      "38": 0.5477225575051661,
      "63": 0.5477225575051661,
      "64": 0.5773502691896257,
      "65": 0.5773502691896257,
      "68": 0.6546536707079772,
      "69": 0.6546536707079772,
      "71": 0.6546536707079772,
      "73": 0.7071067811865476
    },
    "n_suspicious": 21,
    "pct_suspicious": 36.8,
    "n_fail": 3,
    "n_pass": 7
  },
  "dd": {
    "minimal_lines": [
      6,
      13,
      14,
      15,
      16,
      20,
      26,
      28,
      34,
      35,
      45,
      63,
      64,
      66,
      67,
      68,
      69,
      72,
      73
    ],
    "n_suspicious": 19,
    "pct_suspicious": 33.3,
    "dd_iterations": 1,
    "n_reducible": 19
  }
}