{
  "sbfl": {
    "line_scores": {
      "7": 0.6324555320336759,
      "9": 0.6324555320336759,
      "10": 0.6324555320336759,
      "12": 0.6324555320336759,
      "14": 0.6324555320336759,
      "15": 0.6324555320336759,
      "16": 0.6324555320336759,
      "19": 0.6324555320336759,
      "21": 0.6324555320336759,
      "28": 0.6324555320336759,
      "30": 0.7071067811865475,
      "33": 0.6324555320336759,
      "55": 0.6324555320336759,
      "57": 0.6666666666666666,
      "60": 0.6666666666666666,
      "61": 0.6666666666666666,
      "62": 0.7071067811865475,
      "63": 0.7071067811865475,
      "65": 0.6666666666666666
    },
    "n_suspicious": 19,
    "pct_suspicious": 39.6,
    "n_fail": 4,
    "n_pass": 6
  },
  "dd": {
    "minimal_lines": [
      1,
      12,
      14,
      15,
      16,
      20,
      22,
      29,
      30,
      38,
      55,
      58,
      60,
      62,
      63,
      65
    ],
    "n_suspicious": 16,
    "pct_suspicious": 33.3,
    "dd_iterations": 1,
    "n_reducible": 16
  }
}