{
  "sbfl": {
    "line_scores": {
      "1": 0.31622776601683794,
      "3": 0.31622776601683794,
      "4": 0.31622776601683794,
      "6": 0.31622776601683794,
      "7": 0.31622776601683794,
      "8": 0.31622776601683794,
      "9": 0.31622776601683794,
      "10": 0.31622776601683794,
      "13": 0.31622776601683794,
      "15": 0.35355339059327373,
      "16": 0.35355339059327373,
      "22": 0.31622776601683794,
      "24": 0.35355339059327373,
      "27": 0.31622776601683794,
      "51": 0.31622776601683794,
      "53": 0.3333333333333333,
      "56": 0.35355339059327373,
      "57": 0.35355339059327373,
      "59": 0.35355339059327373,
      "61": 0.35355339059327373,
      "63": 0.35355339059327373,
      "65": 0.35355339059327373
    },
    "n_suspicious": 22,
    "pct_suspicious": 45.8,
    "n_fail": 1,
    "n_pass": 9
  },
  "dd": {
    "minimal_lines": [
      6,
      7,
      8,
      9,
      10,
      14,
      17,
      23,
      24,
      33,
      52,
      54,
      56,
      57,
      59,
      61,
      63,
      65
    ],
    "n_suspicious": 18,
    "pct_suspicious": 37.5,
    "dd_iterations": 1,
    "n_reducible": 18
  }
}