{
  "sbfl": {
    "line_scores": {
      "1": 0.5477225575051661,
      "3": 0.5477225575051661,
      "4": 0.5477225575051661,
      "6": 0.5477225575051661,
      "8": 0.5477225575051661,
      "9": 0.5477225575051661,
      "10": 0.5477225575051661,
      "11": 0.5477225575051661,
      "14": 0.5477225575051661,
      "20": 0.5477225575051661,
      "22": 0.5773502691896257,
      "24": 0.5773502691896257,
      "26": 0.6123724356957946,
      "28": 0.6123724356957946,
      "32": 0.5477225575051661,
      "36": 0.6546536707079772,
      "39": 0.5477225575051661,
      "62": 0.5477225575051661,
      "64": 0.6546536707079772,
      "65": 0.6546536707079772,
      "67": 0.6546536707079772,
      "68": 0.6546536707079772,
      "70": 0.6546536707079772,
      "71": 0.6546536707079772
    },
    "n_suspicious": 24,
    "pct_suspicious": 44.4,
    "n_fail": 3,
    "n_pass": 7
  },
  "dd": {
    "minimal_lines": [
      6,
      8,
      9,
      10,
      11,
      15,
      21,
      23,
      25,
      27,
      29,
      35,
      36,
      42,
      62,
      64,
      65,
      68,
      70,
      71
    ],
    "n_suspicious": 20,
    "pct_suspicious": 37.0,
    "dd_iterations": 1,
    "n_reducible": 20
  }
}