{
  "sbfl": {
    "line_scores": {
      "7": 0.5477225575051661,
      "9": 0.5477225575051661,
      "10": 0.5477225575051661,
      "12": 0.5477225575051661,
      "14": 0.5477225575051661,
      "15": 0.5477225575051661,
      "16": 0.5477225575051661,
      "17": 0.5477225575051661,
      "20": 0.5477225575051661,
      "22": 0.6123724356957946,
      "23": 0.6123724356957946,
      "30": 0.5477225575051661,
      "32": 0.6546536707079772,
      "35": 0.5477225575051661,
      "58": 0.5477225575051661,
      "60": 0.5773502691896257,
      "63": 0.6123724356957946,
      "65": 0.6546536707079772,
      "66": 0.6546536707079772,
      "68": 0.6546536707079772,
      "70": 0.6546536707079772,
      "73": 0.7071067811865476
    },
    "n_suspicious": 22,
    "pct_suspicious": 39.3,
    "n_fail": 3,
    "n_pass": 7
  },
  "dd": {
    "minimal_lines": [
      1,
      12,
      14,
      15,
      16,
      17,
      21,
      24,
      31,
      32,
      41,
      59,
      61,
      63,
      65,
      66,
      68,
      71,
      72,
      73
    ],
    "n_suspicious": 20,
    "pct_suspicious": 35.7,
    "dd_iterations": 1,
    "n_reducible": 20
  }
}