{
  "sbfl": {
    "line_scores": {
      "1": 0.6324555320336759,
      "3": 0.6324555320336759,
      "4": 0.6324555320336759,
      "6": 0.6324555320336759,
      "8": 0.6324555320336759,
      "9": 0.6324555320336759,
      "10": 0.6324555320336759,
      "11": 0.6324555320336759,
      "14": 0.6324555320336759,
      "16": 0.6324555320336759,
      "18": 0.6666666666666666,
      "22": 0.6324555320336759,
      "24": 0.7071067811865475,
      "27": 0.6324555320336759,
      "53": 0.6324555320336759,
      "55": 0.7071067811865475,
      "56": 0.7071067811865475,
      "58": 0.7071067811865475,
      "60": 0.7071067811865475,
      "64": 0.7559289460184544
    },
    "n_suspicious": 20,
    "pct_suspicious": 42.6,
    "n_fail": 4,
    "n_pass": 6
  },
  "dd": {
    "minimal_lines": [
      6,
      8,
      9,
      10,
      11,
      15,
      17,
      19,
      23,
      24,
      33,
      53,
      55,
      56,
      58,
      61,
      62,
      64
    ],
    "n_suspicious": 18,
    "pct_suspicious": 38.3,
    "dd_iterations": 1,
    "n_reducible": 18
  }
}