{
  "sbfl": {
    "line_scores": {
      "1": 0.7745966692414834,
      "3": 0.7745966692414834,
      "4": 0.7745966692414834,
      "6": 0.7745966692414834,
      "9": 0.7745966692414834,
      "10": 0.7745966692414834,
      "13": 0.7745966692414834,
      "16": 0.7745966692414834,
      "22": 0.816496580927726,
      "28": 0.7745966692414834,
      "30": 0.816496580927726,
      "33": 0.7745966692414834,
      "63": 0.7745966692414834,
      "66": 0.816496580927726,
      "68": 0.816496580927726,
      "69": 0.816496580927726,
      "71": 0.816496580927726,
      "72": 0.5773502691896258,
      "73": 0.5773502691896258,
      "74": 0.4082482904638631,
      "75": 0.4082482904638631,
      "76": 0.4082482904638631,
      "78": 0.816496580927726,
      "83": 0.816496580927726,
      "84": 0.816496580927726
    },
    "n_suspicious": 25,
    "pct_suspicious": 40.3,
    "n_fail": 6,
    "n_pass": 4
  },
  "dd": {
    "minimal_lines": [
      6,
      9,
      10,
      13,
      17,
      23,
      29,
      30,
      42,
      64,
      66,
      68,
      69,
      72,
      74,
      76,
      78,
      83,
      84
    ],
    "n_suspicious": 19,
    "pct_suspicious": 30.6,
    "dd_iterations": 1,
    "n_reducible": 19
  }
}