{
  "sbfl": {
    "line_scores": {
      "1": 0.5477225575051661,
      "3": 0.5477225575051661,
      "4": 0.5477225575051661,
      "6": 0.5477225575051661,
      "8": 0.5477225575051661,
      "9": 0.5477225575051661,
      "10": 0.5477225575051661,
      "13": 0.5477225575051661,
      "24": 0.5477225575051661,
      "26": 0.5773502691896257,
      "32": 0.5477225575051661,
      "34": 0.5773502691896257,
      "37": 0.5477225575051661,
      "54": 0.5477225575051661,
      "55": 0.5773502691896257,
      "57": 0.5773502691896257,
      "58": 0.5773502691896257,
      "59": 0.5773502691896257,
      "61": 0.5773502691896257,
      "62": 0.7071067811865476,
      "63": 0.7071067811865476,
      "64": 0.7071067811865476,
      "66": 0.5773502691896258,
      "67": 0.5773502691896258,
      "69": 0.5773502691896257,
      "70": 0.5773502691896257,
      "72": 0.5773502691896257,
      "73": 1.0,
      "75": 0.5773502691896257,
      "78": 0.5773502691896257
    },
    "n_suspicious": 30,
    "pct_suspicious": 52.6,
    "n_fail": 3,
    "n_pass": 7
  },
  "dd": {
    "minimal_lines": [
      6,
      8,
      9,
      10,
      14,
      25,
      27,
      33,
      34,
      38,
      54,
      55,
      57,
      58,
      59,
      63,
      64,
      66,
      67,
      69,
      70,
      73,
      76,
      78
    ],
    "n_suspicious": 24,
    "pct_suspicious": 42.1,
    "dd_iterations": 1,
    "n_reducible": 24
  }
}