{
  "sbfl": {
    "line_scores": {
      "1": 0.4472135954999579,
      "3": 0.4472135954999579,
      "4": 0.4472135954999579,
      "6": 0.4472135954999579,
      "8": 0.4472135954999579,
      "9": 0.4472135954999579,
      "10": 0.4472135954999579,
      "13": 0.4472135954999579,
      "15": 0.4472135954999579,
      "21": 0.4472135954999579,
      "23": 0.47140452079103173,
      "26": 0.4472135954999579,
      "49": 0.4472135954999579,
      "51": 0.47140452079103173,
      "53": 0.47140452079103173,
      "54": 0.5773502691896258,
      "55": 1.0,
      "57": 0.47140452079103173,
      "58": 0.47140452079103173,
      "59": 0.47140452079103173
    },
    "n_suspicious": 20,
    "pct_suspicious": 46.5,
    "n_fail": 2,
    "n_pass": 8
  },
  "dd": {
    "minimal_lines": [
      6,
      8,
      9,
      10,
      14,
      16,
      22,
      23,
      32,
      49,
      51,
      55,
      57,
      58,
      59
    ],
    "n_suspicious": 15,
    "pct_suspicious": 34.9,
    "dd_iterations": 1,
    "n_reducible": 15
  }
}