{
  "sbfl": {
    "line_scores": {
      "1": 0.5477225575051661,
      "3": 0.5477225575051661,
      "4": 0.5477225575051661,
      "6": 0.5477225575051661,
      "8": 0.5477225575051661,
      "9": 0.5477225575051661,
      "10": 0.5477225575051661,
      "13": 0.5477225575051661,
      "15": 0.5773502691896257,
      "17": 0.6123724356957946,
      "21": 0.6123724356957946,
      "23": 0.6123724356957946,
      "27": 0.5477225575051661,
      "29": 0.6123724356957946,
      "30": 0.6123724356957946,
      "33": 0.5477225575051661,
      "59": 0.5477225575051661,
      "61": 0.5773502691896257,
      "64": 0.5773502691896257,
      "66": 0.6123724356957946,
      "67": 0.6123724356957946,
      "69": 0.6123724356957946,
      "70": 0.6123724356957946,
      "74": 0.6123724356957946
    },
    "n_suspicious": 24,
    "pct_suspicious": 42.1,
    "n_fail": 3,
    "n_pass": 7
  },
  "dd": {
    "minimal_lines": [
      6,
      8,
      9,
      10,
      14,
      16,
      18,
      22,
      24,
      28,
      29,
      30,
      39,
      60,
      62,
      64,
      66,
      67,
      70,
      72,
      74
    ],
    "n_suspicious": 21,
    "pct_suspicious": 36.8,
    "dd_iterations": 1,
    "n_reducible": 21
  }
}