{
  "sbfl": {
    "line_scores": {
      "7": 0.5477225575051661,
      "9": 0.5477225575051661,
      "10": 0.5477225575051661,
      "12": 0.5477225575051661,
      "14": 0.5477225575051661,
      "15": 0.5477225575051661,
      "16": 0.5477225575051661,
      "17": 0.5477225575051661,
      "20": 0.5477225575051661,
      "22": 0.5477225575051661,
      "26": 0.5477225575051661,
      "28": 0.5773502691896257,
      "30": 0.6123724356957946,
      "31": 0.6123724356957946,
      "37": 0.5477225575051661,
      "61": 0.5477225575051661,
      "62": 0.5773502691896257,
      "64": 0.6546536707079772,
      "65": 0.6546536707079772,
      "67": 0.6546536707079772,
      "69": 0.6546536707079772,
      "71": 0.6546536707079772,
      "73": 0.7071067811865476
    },
    "n_suspicious": 23,
    "pct_suspicious": 41.1,
    "n_fail": 3,
    "n_pass": 7
  },
  "dd": {
    "minimal_lines": [
      1,
      12,
      14,
      15,
      16,
      17,
      21,
      23,
      27,
      29,
      32,
      43,
      61,
      62,
      64,
      65,
      67,
      69,
      72,
      73
    ],
    "n_suspicious": 20,
    "pct_suspicious": 35.7,
    "dd_iterations": 1,
    "n_reducible": 20
  }
}