{
  "sbfl": {
    "line_scores": {
      "1": 0.6324555320336759,
      "3": 0.6324555320336759,
      "4": 0.6324555320336759,
      "6": 0.6324555320336759,
      "8": 0.6324555320336759,
      "9": 0.6324555320336759,
      "11": 0.6324555320336759,
      "12": 0.6324555320336759,
      "15": 0.6324555320336759,
      "17": 0.6324555320336759,
      "19": 0.6324555320336759,
      "26": 0.6324555320336759,
      "28": 0.6324555320336759,
      "29": 0.6666666666666666,
      "33": 0.6666666666666666,
      "39": 0.6324555320336759,
      "66": 0.6324555320336759,
      "67": 0.6324555320336759,
      "68": 0.6324555320336759,
      "70": 0.6324555320336759,
      "73": 0.6666666666666666,
      "75": 0.6666666666666666
    },
    "n_suspicious": 22,
    "pct_suspicious": 37.9,
    "n_fail": 4,
    "n_pass": 6
  },
  "dd": {
    "minimal_lines": [
      6,
      8,
      9,
      11,
      12,
      16,
      18,
      20,
      27,
      30,
      34,
      44,
      66,
      67,
      68,
      71,
      73,
      75
    ],
    "n_suspicious": 18,
    "pct_suspicious": 31.0,
    "dd_iterations": 1,
    "n_reducible": 18
  }
}