{
  "sbfl": {
    "line_scores": {
      "1": 0.5477225575051661,
      "3": 0.5477225575051661,
      "4": 0.5477225575051661,
      "6": 0.5477225575051661,
      "13": 0.5477225575051661,
      "14": 0.5477225575051661,
      "15": 0.5477225575051661,
      "16": 0.5477225575051661,
      "19": 0.5477225575051661,
      "21": 0.5477225575051661,
      "23": 0.5773502691896257,
      "26": 0.5477225575051661,
      "28": 0.7071067811865476,
      "29": 0.7071067811865476,
      "32": 0.7071067811865476,
      "35": 0.5477225575051661,
      "59": 0.5477225575051661,
      "60": 0.5773502691896257,
      "61": 0.5773502691896257,
      "64": 0.6546536707079772,
      "66": 0.6546536707079772,
      "67": 0.6546536707079772,
      "70": 0.7071067811865476,
      "73": 0.7071067811865476
    },
    "n_suspicious": 24,
    "pct_suspicious": 42.9,
    "n_fail": 3,
    "n_pass": 7
  },
  "dd": {
    "minimal_lines": [
      6,
      13,
      14,
      15,
      16,
      20,
      22,
      23,
      27,
      29,
      31,
      32,
      40,
      59,
      60,
      62,
      63,
      64,
      66,
      68,
      71,
      73
    ],
    "n_suspicious": 22,
    "pct_suspicious": 39.3,
    "dd_iterations": 1,
    "n_reducible": 22
  }
}