{
  "sbfl": {
    "line_scores": {
      "1": 0.5477225575051661,
      "3": 0.5477225575051661,
      "4": 0.5477225575051661,
      "6": 0.5477225575051661,
      "14": 0.5477225575051661,
      "16": 0.5477225575051661,
      "17": 0.5477225575051661,
      "18": 0.5477225575051661,
      "21": 0.5477225575051661,
      "27": 0.5477225575051661,
      "33": 0.5477225575051661,
      "35": 0.5773502691896257,
      "38": 0.5477225575051661,
      "61": 0.5477225575051661,
      "63": 0.5773502691896257,
      "65": 0.5773502691896257,
      "66": 0.7745966692414834,
      "67": 1.0,
      "69": 0.5773502691896257,
      "70": 0.5773502691896257,
      "71": 0.5773502691896257
    },
    "n_suspicious": 21,
    "pct_suspicious": 40.4,
    "n_fail": 3,
    "n_pass": 7
  },
  "dd": {
    "minimal_lines": [
      6,
      14,
      16,
      17,
      18,
      22,
      28,
      34,
      35,
      44,
      61,
      63,
      67,
      69,
      70,
      71
    ],
    "n_suspicious": 16,
    "pct_suspicious": 30.8,
    "dd_iterations": 1,
    "n_reducible": 16
  }
}