{
  "sbfl": {
    "line_scores": {
      "1": 0.5773502691896257,
      "3": 0.5773502691896257,
      "4": 0.5773502691896257,
      "6": 0.5773502691896257,
      "8": 0.5773502691896257,
      "9": 0.5773502691896257,
      "10": 0.5773502691896257,
      "13": 0.5773502691896257,
      "15": 0.5773502691896257,
      "19": 0.5773502691896257,
      "21": 0.6123724356957946,
      "24": 0.5773502691896257,
      "47": 0.5773502691896257,
      "49": 0.6123724356957946,
      "50": 0.6123724356957946,
      "52": 0.6123724356957946,
      "53": 0.8660254037844387,
      "54": 0.8660254037844387,
      "56": 0.6123724356957946,
      "57": 0.5773502691896258,
      "59": 0.6123724356957946
    },
    "n_suspicious": 21,
    "pct_suspicious": 50.0,
    "n_fail": 3,
    "n_pass": 6
  },
  "dd": {
    "minimal_lines": [
      6,
      8,
      9,
      10,
      14,
      16,
      20,
      21,
      30,
      47,
      49,
      50,
      53,
      54,
      57,
      59
    ],
    "n_suspicious": 16,
    "pct_suspicious": 38.1,
    "dd_iterations": 1,
    "n_reducible": 16
  }
}