{
  "sbfl": {
    "line_scores": {
      "7": 0.5477225575051661,
      "9": 0.5477225575051661,
      "10": 0.5477225575051661,
      "12": 0.5477225575051661,
      "14": 0.5477225575051661,
      "15": 0.5477225575051661,
      "16": 0.5477225575051661,
      "17": 0.5477225575051661,
      "20": 0.5477225575051661,
      "22": 0.5477225575051661,
      "26": 0.5773502691896257,
      "32": 0.5477225575051661,
      "34": 0.6123724356957946,
      "37": 0.5477225575051661,
      "64": 0.5477225575051661,
      "66": 0.6123724356957946,
      "67": 0.6123724356957946,
      "69": 0.6123724356957946,
      "71": 0.6123724356957946,
      "73": 0.6546536707079772
    },
    "n_suspicious": 20,
    "pct_suspicious": 35.7,
    "n_fail": 3,
    "n_pass": 7
  },
  "dd": {
    "minimal_lines": [
      1,
      12,
      14,
      15,
      16,
      17,
      21,
      23,
      27,
      33,
      34,
      44,
      64,
      66,
      67,
      69,
      72,
      73
    ],
    "n_suspicious": 18,
    "pct_suspicious": 32.1,
    "dd_iterations": 1,
    "n_reducible": 18
  }
}