{
  "sbfl": {
    "line_scores": {
      "1": 0.6324555320336759,
      "3": 0.6324555320336759,
      "4": 0.6324555320336759,
      "6": 0.6324555320336759,
      "8": 0.6324555320336759,
      "9": 0.6324555320336759,
      "10": 0.6324555320336759,
      "11": 0.6324555320336759,
      "14": 0.6324555320336759,
      "16": 0.6324555320336759,
      "17": 0.5,
      "18": 0.5,
      "20": 0.5,
      "23": 0.6324555320336759,
      "29": 0.6666666666666666,
      "33": 0.6666666666666666,
      "34": 0.6666666666666666,
      "37": 0.6324555320336759,
      "64": 0.6324555320336759,
      "66": 0.6324555320336759,
      "67": 0.6324555320336759,
      "71": 0.6666666666666666,
      "72": 0.6666666666666666,
      "75": 0.7071067811865475,
      "76": 0.7071067811865475
    },
    "n_suspicious": 25,
    "pct_suspicious": 42.4,
    "n_fail": 4,
    "n_pass": 6
  },
  "dd": {
    "minimal_lines": [
      6,
      8,
      9,
      10,
      11,
      15,
      17,
      19,
      20,
      24,
      30,
      33,
      34,
      44,
      64,
      66,
      68,
      69,
      71,
      73,
      75,
      76
    ],
    "n_suspicious": 22,
    "pct_suspicious": 37.3,
    "dd_iterations": 1,
    "n_reducible": 22
  }
}