{
  "sbfl": {
    "line_scores": {
      "7": 0.4472135954999579,
      "9": 0.4472135954999579,
      "10": 0.4472135954999579,
      "12": 0.4472135954999579,
      "14": 0.4472135954999579,
      "15": 0.4472135954999579,
      "16": 0.4472135954999579,
      "19": 0.4472135954999579,
      "21": 0.4472135954999579,
      "23": 0.47140452079103173,
      "24": 0.5,
      "28": 0.4472135954999579,
      "30": 0.47140452079103173,
      "32": 0.5,
      "35": 0.4472135954999579,
      "58": 0.4472135954999579,
      "59": 0.47140452079103173,
      "61": 0.5,
      "62": 0.5,
      "64": 0.5,
      "65": 0.8164965809277261,
      "67": 0.5,
      "68": 0.5
    },
    "n_suspicious": 23,
    "pct_suspicious": 45.1,
    "n_fail": 2,
    "n_pass": 8
  },
  "dd": {
    "minimal_lines": [
      1,
      12,
      14,
      15,
      16,
      20,
      22,
      24,
      25,
      29,
      31,
      32,
      41,
      58,
      59,
      61,
      62,
      65,
      67,
      68
    ],
    "n_suspicious": 20,
    "pct_suspicious": 39.2,
    "dd_iterations": 1,
    "n_reducible": 20
  }
}