{
  "sbfl": {
    "line_scores": {
      "7": 0.6324555320336759,
      "9": 0.6324555320336759,
      "10": 0.6324555320336759,
      "12": 0.6324555320336759,
      "14": 0.6324555320336759,
      "15": 0.6324555320336759,
      "16": 0.6324555320336759,
      "17": 0.6324555320336759,
      "20": 0.6324555320336759,
      "22": 0.6324555320336759,
      "24": 0.7071067811865475,
      "30": 0.6324555320336759,
      "34": 0.7071067811865475,
      "37": 0.6324555320336759,
      "59": 0.6324555320336759,
      "61": 0.7071067811865475,
      "62": 0.7071067811865475,
      "64": 0.7071067811865475,
      "68": 0.8164965809277261,
      "69": 0.8164965809277261
    },
    "n_suspicious": 20,
    "pct_suspicious": 37.7,
    "n_fail": 4,
    "n_pass": 6
  },
  "dd": {
    "minimal_lines": [
      1,
      12,
      14,
      15,
      16,
      17,
      21,
      23,
      25,
      33,
      34,
      43,
      59,
      61,
      62,
      65,
      66,
      68,
      69
    ],
    "n_suspicious": 19,
    "pct_suspicious": 35.8,
    "dd_iterations": 1,
    "n_reducible": 19
  }
}