{
  "n_passing": 9,
  "n_failing": 3,
  "constraint_scores": {
    "C1": {
      "ef": 1,
      "ep": 1,
      "nf": 2,
      "np": 8,
      "ochiai": 0.4082482904638631,
      "tarantula": 0.75
    },
    "C2": {
      "ef": 1,
      "ep": 1,
      "nf": 2,
      "np": 8,
      "ochiai": 0.4082482904638631,
      "tarantula": 0.75
    },
    "C3": {
      "ef": 2,
      "ep": 0,
      "nf": 1,
      "np": 9,
      "ochiai": 0.8164965809277261,
      "tarantula": 1.0
    },
    "C4": {
      "ef": 0,
      "ep": 0,
      "nf": 3,
      "np": 9,
      "ochiai": 0.0,
      "tarantula": 0.0
    }
  },
  "ranked_constraints": [
    [
      "C3",
      0.8164965809277261
    ],
    [
      "C1",
      0.4082482904638631
    ],
    [
      "C2",
      0.4082482904638631
    ],
    [
      "C4",
      0.0
    ]
  ],
  "line_scores": {
    "67": 1.4449489742783177,
    "68": 0.13472193585307482,
    "66": 0.13472193585307482,
    "69": 0.06123724356957946,
    "65": 0.3674234614174768,
    "63": 0.8164965809277261
  },
  "ranked_lines": [
    [
      67,
      1.4449489742783177
    ],
    [
      63,
      0.8164965809277261
    ],
    [
      65,
      0.3674234614174768
    ],
    [
      68,
      0.13472193585307482
    ],
    [
      66,
      0.13472193585307482
    ],
    [
      69,
      0.06123724356957946
    ]
  ],
  "fault_line_pred": 67
}