{
  "n_passing": 8,
  "n_failing": 2,
  "constraint_scores": {
    "C1": {
      "ef": 0,
      "ep": 1,
      "nf": 2,
      "np": 7,
      "ochiai": 0.0,
      "tarantula": 0.0
    },
    "C2": {
      "ef": 1,
      "ep": 0,
      "nf": 1,
      "np": 8,
      "ochiai": 0.7071067811865475,
      "tarantula": 1.0
    },
    "C3": {
      "ef": 1,
      "ep": 2,
      "nf": 1,
      "np": 6,
      "ochiai": 0.4082482904638631,
      "tarantula": 0.6666666666666666
    },
    "C4": {
      "ef": 0,
      "ep": 0,
      "nf": 2,
      "np": 8,
      "ochiai": 0.0,
      "tarantula": 0.0
    }
  },
  "ranked_constraints": [
    [
      "C2",
      0.7071067811865475
    ],
    [
      "C3",
      0.4082482904638631
    ],
    [
      "C1",
      0.0
    ],
    [
      "C4",
      0.0
    ]
  ],
  "line_scores": {
    "65": 0.6363961030678927,
    "63": 0.4082482904638631,
    "67": 1.2
  },
  "ranked_lines": [
    [
      67,
      1.2
    ],
    [
      65,
      0.6363961030678927
    ],
    [
      63,
      0.4082482904638631
    ]
  ],
  "fault_line_pred": 67
}