{
  "n_passing": 5,
  "n_failing": 5,
  "constraint_scores": {
    "C1": {
      "ef": 5,
      "ep": 0,
      "nf": 0,
      "np": 5,
      "ochiai": 1.0,
      "tarantula": 1.0
    },
    "C2": {
      "ef": 2,
      "ep": 0,
      "nf": 3,
      "np": 5,
      "ochiai": 0.6324555320336759,
      "tarantula": 1.0
    },
    "C3": {
      "ef": 0,
      "ep": 0,
      "nf": 5,
      "np": 5,
      "ochiai": 0.0,
      "tarantula": 0.0
    },
    "C4": {
      "ef": 4,
      "ep": 3,
      "nf": 1,
      "np": 2,
      "ochiai": 0.6761234037828132,
      "tarantula": 0.5714285714285715
    }
  },
  "ranked_constraints": [
    [
      "C1",
      1.0
    ],
    [
      "C4",
      0.6761234037828132
    ],
    [
      "C2",
      0.6324555320336759
    ],
    [
      "C3",
      0.0
    ]
  ],
  "line_scores": {
    "74": 1.8324555320336757,
    "75": 0.33,
    "73": 0.33,
    "76": 0.15,
    "72": 0.6085110634045319
  },
  "ranked_lines": [
    [
      74,
      1.8324555320336757
    ],
    [
      72,
      0.6085110634045319
    ],
    [
      75,
      0.33
    ],
    [
      73,
      0.33
    ],
    [
      76,
      0.15
    ]
  ],
  "fault_line_pred": 74
}