{
  "n_passing": 6,
  "n_failing": 4,
  "constraint_scores": {
    "C1": {
      "ef": 3,
      "ep": 3,
      "nf": 1,
      "np": 3,
      "ochiai": 0.6123724356957946,
      "tarantula": 0.6
    },
    "C2": {
      "ef": 0,
      "ep": 0,
      "nf": 4,
      "np": 6,
      "ochiai": 0.0,
      "tarantula": 0.0
    },
    "C3": {
      "ef": 0,
      "ep": 1,
      "nf": 4,
      "np": 5,
      "ochiai": 0.0,
      "tarantula": 0.0
    },
    "C4": {
      "ef": 0,
      "ep": 0,
      "nf": 4,
      "np": 6,
      "ochiai": 0.0,
      "tarantula": 0.0
    }
  },
  "ranked_constraints": [
    [
      "C1",
      0.6123724356957946
    ],
    [
      "C2",
      0.0
    ],
    [
      "C3",
      0.0
    ],
    [
      "C4",
      0.0
    ]
  ],
  "line_scores": {
    "68": 1.5674234614174767,
    "69": 0.20208290377961222,
    "67": 0.20208290377961222,
    "70": 0.09185586535436918,
    "66": 0.09185586535436918
  },
  "ranked_lines": [
    [
      68,
      1.5674234614174767
    ],
    [
      69,
      0.20208290377961222
    ],
    [
      67,
      0.20208290377961222
    ],
    [
      70,
      0.09185586535436918
    ],
    [
      66,
      0.09185586535436918
    ]
  ],
  "fault_line_pred": 68
}