{
  "n_passing": 5,
  "n_failing": 5,
  "constraint_scores": {
    "C1": {
      "ef": 3,
      "ep": 3,
      "nf": 2,
      "np": 2,
      "ochiai": 0.5477225575051661,
      "tarantula": 0.5
    },
    "C2": {
      "ef": 0,
      "ep": 0,
      "nf": 5,
      "np": 5,
      "ochiai": 0.0,
      "tarantula": 0.0
    },
    "C3": {
      "ef": 0,
      "ep": 0,
      "nf": 5,
      "np": 5,
      "ochiai": 0.0,
      "tarantula": 0.0
    },
    "C4": {
      "ef": 0,
      "ep": 0,
      "nf": 5,
      "np": 5,
      "ochiai": 0.0,
      "tarantula": 0.0
    }
  },
  "ranked_constraints": [
    [
      "C1",
      0.5477225575051661
    ],
    [
      "C2",
      0.0
    ],
    [
      "C3",
      0.0
    ],
    [
      "C4",
      0.0
    ]
  ],
  "line_scores": {
    "68": 1.5286335345030997,
    "69": 0.1807484439767048,
    "67": 0.1807484439767048,
    "70": 0.0821583836257749,
    "66": 0.0821583836257749
  },
  "ranked_lines": [
    [
      68,
      1.5286335345030997
    ],
    [
      69,
      0.1807484439767048
    ],
    [
      67,
      0.1807484439767048
    ],
    [
      70,
      0.0821583836257749
    ],
    [
      66,
      0.0821583836257749
    ]
  ],
  "fault_line_pred": 68
}