{
  "n_passing": 5,
  "n_failing": 5,
  "constraint_scores": {
    "C1": {
      "ef": 4,
      "ep": 0,
      "nf": 1,
      "np": 5,
      "ochiai": 0.8944271909999159,
      "tarantula": 1.0
    },
    "C2": {
      "ef": 0,
      "ep": 0,
      "nf": 5,
      "np": 5,
      "ochiai": 0.0,
      "tarantula": 0.0
    },
    "C3": {
      "ef": 0,
      "ep": 0,
      "nf": 5,
      "np": 5,
      "ochiai": 0.0,
      "tarantula": 0.0
    },
    "C4": {
      "ef": 0,
      "ep": 0,
      "nf": 5,
      "np": 5,
      "ochiai": 0.0,
      "tarantula": 0.0
    }
  },
  "ranked_constraints": [
    [
      "C1",
      0.8944271909999159
    ],
    [
      "C2",
      0.0
    ],
    [
      "C3",
      0.0
    ],
    [
      "C4",
      0.0
    ]
  ],
  "line_scores": {
    "77": 1.7366563145999494,
    "78": 0.29516097302997224,
    "76": 0.29516097302997224,
    "79": 0.13416407864998736,
    "75": 0.13416407864998736
  },
  "ranked_lines": [
    [
      77,
      1.7366563145999494
    ],
    [
      78,
      0.29516097302997224
    ],
    [
      76,
      0.29516097302997224
    ],
    [
      79,
      0.13416407864998736
    ],
    [
      75,
      0.13416407864998736
    ]
  ],
  "fault_line_pred": 77
}