{
  "n_passing": 7,
  "n_failing": 3,
  "constraint_scores": {
    "C1": {
      "ef": 3,
      "ep": 1,
      "nf": 0,
      "np": 6,
      "ochiai": 0.8660254037844387,
      "tarantula": 0.875
    },
    "C2": {
      "ef": 0,
      "ep": 0,
      "nf": 3,
      "np": 7,
      "ochiai": 0.0,
      "tarantula": 0.0
    },
    "C3": {
      "ef": 0,
      "ep": 0,
      "nf": 3,
      "np": 7,
      "ochiai": 0.0,
      "tarantula": 0.0
    },
    "C4": {
      "ef": 0,
      "ep": 0,
      "nf": 3,
      "np": 7,
      "ochiai": 0.0,
      "tarantula": 0.0
    }
  },
  "ranked_constraints": [
    [
      "C1",
      0.8660254037844387
    ],
    [
      "C2",
      0.0
    ],
    [
      "C3",
      0.0
    ],
    [
      "C4",
      0.0
    ]
  ],
  "line_scores": {
    "70": 1.7196152422706632,
    "71": 0.2857883832488648,
    "69": 0.2857883832488648,
    "72": 0.1299038105676658,
    "68": 0.1299038105676658
  },
  "ranked_lines": [
    [
      70,
      1.7196152422706632
    ],
    [
      71,
      0.2857883832488648
    ],
    [
      69,
      0.2857883832488648
    ],
    [
      72,
      0.1299038105676658
    ],
    [
      68,
      0.1299038105676658
    ]
  ],
  "fault_line_pred": 70
}