{
  "n_passing": 5,
  "n_failing": 5,
  "constraint_scores": {
    "C1": {
      "ef": 1,
      "ep": 0,
      "nf": 4,
      "np": 5,
      "ochiai": 0.4472135954999579,
      "tarantula": 1.0
    },
    "C2": {
      "ef": 1,
      "ep": 0,
      "nf": 4,
      "np": 5,
      "ochiai": 0.4472135954999579,
      "tarantula": 1.0
    },
    "C3": {
      "ef": 4,
      "ep": 0,
      "nf": 1,
      "np": 5,
      "ochiai": 0.8944271909999159,
      "tarantula": 1.0
    },
    "C4": {
      "ef": 4,
      "ep": 0,
      "nf": 1,
      "np": 5,
      "ochiai": 0.8944271909999159,
      "tarantula": 1.0
    }
  },
  "ranked_constraints": [
    [
      "C3",
      0.8944271909999159
    ],
    [
      "C4",
      0.8944271909999159
    ],
    [
      "C1",
      0.4472135954999579
    ],
    [
      "C2",
      0.4472135954999579
    ]
  ],
  "line_scores": {
    "77": 2.094427190999916,
    "78": 0.8944271909999159,
    "76": 0.14758048651498612,
    "79": 0.06708203932499368,
    "75": 0.8944271909999159,
    "59": 0.4472135954999579,
    "61": 0.8944271909999159,
    "62": 0.8944271909999159,
    "63": 0.8944271909999159,
    "74": 0.8944271909999159,
    "81": 0.8944271909999159
  },
  "ranked_lines": [
    [
      77,
      2.094427190999916
    ],
    [
      78,
      0.8944271909999159
    ],
    [
      75,
      0.8944271909999159
    ],
    [
      61,
      0.8944271909999159
    ],
    [
      62,
      0.8944271909999159
    ],
    [
      63,
      0.8944271909999159
    ],
    [
      74,
      0.8944271909999159
    ],
    [
      81,
      0.8944271909999159
    ],
    [
      59,
      0.4472135954999579
    ],
    [
      76,
      0.14758048651498612
    ],
    [
      79,
      0.06708203932499368
    ]
  ],
  "fault_line_pred": 77
}