{
  "n_passing": 3,
  "n_failing": 6,
  "constraint_scores": {
    "C1": {
      "ef": 0,
      "ep": 1,
      "nf": 6,
      "np": 2,
      "ochiai": 0.0,
      "tarantula": 0.0
    },
    "C2": {
      "ef": 6,
      "ep": 0,
      "nf": 0,
      "np": 3,
      "ochiai": 1.0,
      "tarantula": 1.0
    },
    "C3": {
      "ef": 5,
      "ep": 0,
      "nf": 1,
      "np": 3,
      "ochiai": 0.9128709291752769,
      "tarantula": 1.0
    },
    "C4": {
      "ef": 0,
      "ep": 0,
      "nf": 6,
      "np": 3,
      "ochiai": 0.0,
      "tarantula": 0.0
    }
  },
  "ranked_constraints": [
    [
      "C2",
      1.0
    ],
    [
      "C3",
      0.9128709291752769
    ],
    [
      "C1",
      0.0
    ],
    [
      "C4",
      0.0
    ]
  ],
  "line_scores": {
    "59": 0.9,
    "56": 2.1128709291752767,
    "58": 0.9128709291752769,
    "62": 0.9128709291752769,
    "63": 0.9128709291752769
  },
  "ranked_lines": [
    [
      56,
      2.1128709291752767
    ],
    [
      58,
      0.9128709291752769
    ],
    [
      62,
      0.9128709291752769
    ],
    [
      63,
      0.9128709291752769
    ],
    [
      59,
      0.9
    ]
  ],
  "fault_line_pred": 56
}