{
  "n_passing": 6,
  "n_failing": 4,
  "constraint_scores": {
    "C1": {
      "ef": 0,
      "ep": 1,
      "nf": 4,
      "np": 5,
      "ochiai": 0.0,
      "tarantula": 0.0
    },
    "C2": {
      "ef": 0,
      "ep": 0,
      "nf": 4,
      "np": 6,
      "ochiai": 0.0,
      "tarantula": 0.0
    },
    "C3": {
      "ef": 4,
      "ep": 2,
      "nf": 0,
      "np": 4,
      "ochiai": 0.8164965809277261,
      "tarantula": 0.75
    },
    "C4": {
      "ef": 4,
      "ep": 4,
      "nf": 0,
      "np": 2,
      "ochiai": 0.7071067811865475,
      "tarantula": 0.6000000000000001
    }
  },
  "ranked_constraints": [
    [
      "C3",
      0.8164965809277261
    ],
    [
      "C4",
      0.7071067811865475
    ],
    [
      "C1",
      0.0
    ],
    [
      "C2",
      0.0
    ]
  ],
  "line_scores": {
    "78": 0.8164965809277261,
    "80": 0.8164965809277261,
    "73": 0.7071067811865475,
    "76": 1.2
  },
  "ranked_lines": [
    [
      76,
      1.2
    ],
    [
      78,
      0.8164965809277261
    ],
    [
      80,
      0.8164965809277261
    ],
    [
      73,
      0.7071067811865475
    ]
  ],
  "fault_line_pred": 76
}