{
  "n_passing": 8,
  "n_failing": 2,
  "constraint_scores": {
    "C1": {
      "ef": 1,
      "ep": 1,
      "nf": 1,
      "np": 7,
      "ochiai": 0.5,
      "tarantula": 0.8
    },
    "C2": {
      "ef": 1,
      "ep": 0,
      "nf": 1,
      "np": 8,
      "ochiai": 0.7071067811865475,
      "tarantula": 1.0
    },
    "C3": {
      "ef": 1,
      "ep": 1,
      "nf": 1,
      "np": 7,
      "ochiai": 0.5,
      "tarantula": 0.8
    },
    "C4": {
      "ef": 1,
      "ep": 0,
      "nf": 1,
      "np": 8,
      "ochiai": 0.7071067811865475,
      "tarantula": 1.0
    }
  },
  "ranked_constraints": [
    [
      "C2",
      0.7071067811865475
    ],
    [
      "C4",
      0.7071067811865475
    ],
    [
      "C1",
      0.5
    ],
    [
      "C3",
      0.5
    ]
  ],
  "line_scores": {
    "59": 1.9071067811865474,
    "60": 0.165,
    "58": 0.165,
    "61": 0.5,
    "57": 0.7071067811865475
  },
  "ranked_lines": [
    [
      59,
      1.9071067811865474
    ],
    [
      57,
      0.7071067811865475
    ],
    [
      61,
      0.5
    ],
    [
      60,
      0.165
    ],
    [
      58,
      0.165
    ]
  ],
  "fault_line_pred": 59
}