{
  "n_passing": 4,
  "n_failing": 5,
  "constraint_scores": {
    "C1": {
      "ef": 0,
      "ep": 0,
      "nf": 5,
      "np": 4,
      "ochiai": 0.0,
      "tarantula": 0.0
    },
    "C2": {
      "ef": 5,
      "ep": 1,
      "nf": 0,
      "np": 3,
      "ochiai": 0.9128709291752769,
      "tarantula": 0.8
    },
    "C3": {
      "ef": 5,
      "ep": 3,
      "nf": 0,
      "np": 1,
      "ochiai": 0.7905694150420948,
      "tarantula": 0.5714285714285714
    },
    "C4": {
      "ef": 0,
      "ep": 0,
      "nf": 5,
      "np": 4,
      "ochiai": 0.0,
      "tarantula": 0.0
    }
  },
  "ranked_constraints": [
    [
      "C2",
      0.9128709291752769
    ],
    [
      "C3",
      0.7905694150420948
    ],
    [
      "C1",
      0.0
    ],
    [
      "C4",
      0.0
    ]
  ],
  "line_scores": {
    "71": 0.8215838362577492,
    "80": 0.7905694150420948,
    "81": 0.7905694150420948,
    "82": 0.7905694150420948,
    "68": 1.2
  },
  "ranked_lines": [
    [
      68,
      1.2
    ],
    [
      71,
      0.8215838362577492
    ],
    [
      80,
      0.7905694150420948
    ],
    [
      81,
      0.7905694150420948
    ],
    [
      82,
      0.7905694150420948
    ]
  ],
  "fault_line_pred": 68
}