{
  "n_passing": 5,
  "n_failing": 5,
  "constraint_scores": {
    "C1": {
      "ef": 5,
      "ep": 3,
      "nf": 0,
      "np": 2,
      "ochiai": 0.7905694150420948,
      "tarantula": 0.625
    },
    "C2": {
      "ef": 0,
      "ep": 0,
      "nf": 5,
      "np": 5,
      "ochiai": 0.0,
      "tarantula": 0.0
    },
    "C3": {
      "ef": 0,
      "ep": 0,
      "nf": 5,
      "np": 5,
      "ochiai": 0.0,
      "tarantula": 0.0
    },
    "C4": {
      "ef": 0,
      "ep": 0,
      "nf": 5,
      "np": 5,
      "ochiai": 0.0,
      "tarantula": 0.0
    },
    "C5": {
      "ef": 0,
      "ep": 0,
      "nf": 5,
      "np": 5,
      "ochiai": 0.0,
      "tarantula": 0.0
    }
  },
  "ranked_constraints": [
    [
      "C1",
      0.7905694150420948
    ],
    [
      "C2",
      0.0
    ],
    [
      "C3",
      0.0
    ],
    [
      "C4",
      0.0
    ],
    [
      "C5",
      0.0
    ]
  ],
  "line_scores": {
    "69": 1.6743416490252567,
    "70": 0.2608879069638913,
    "68": 0.2608879069638913,
    "71": 0.11858541225631421,
    "67": 0.11858541225631421
  },
  "ranked_lines": [
    [
      69,
      1.6743416490252567
    ],
    [
      70,
      0.2608879069638913
    ],
    [
      68,
      0.2608879069638913
    ],
    [
      71,
      0.11858541225631421
    ],
    [
      67,
      0.11858541225631421
    ]
  ],
  "fault_line_pred": 69
}