{
  "n_passing": 7,
  "n_failing": 3,
  "constraint_scores": {
    "C1": {
      "ef": 3,
      "ep": 7,
      "nf": 0,
      "np": 0,
      "ochiai": 0.5477225575051661,
      "tarantula": 0.5
    },
    "C2": {
      "ef": 3,
      "ep": 5,
      "nf": 0,
      "np": 2,
      "ochiai": 0.6123724356957946,
      "tarantula": 0.5833333333333333
    },
    "C3": {
      "ef": 0,
      "ep": 0,
      "nf": 3,
      "np": 7,
      "ochiai": 0.0,
      "tarantula": 0.0
    },
    "C4": {
      "ef": 0,
      "ep": 0,
      "nf": 3,
      "np": 7,
      "ochiai": 0.0,
      "tarantula": 0.0
    }
  },
  "ranked_constraints": [
    [
      "C2",
      0.6123724356957946
    ],
    [
      "C1",
      0.5477225575051661
    ],
    [
      "C3",
      0.0
    ],
    [
      "C4",
      0.0
    ]
  ],
  "line_scores": {
    "67": 1.5286335345030997,
    "68": 0.1807484439767048,
    "66": 0.1807484439767048,
    "69": 0.0821583836257749,
    "65": 0.0821583836257749,
    "64": 0.6123724356957946
  },
  "ranked_lines": [
    [
      67,
      1.5286335345030997
    ],
    [
      64,
      0.6123724356957946
    ],
    [
      68,
      0.1807484439767048
    ],
    [
      66,
      0.1807484439767048
    ],
    [
      69,
      0.0821583836257749
    ],
    [
      65,
      0.0821583836257749
    ]
  ],
  "fault_line_pred": 67
}