{
  "n_passing": 6,
  "n_failing": 4,
  "constraint_scores": {
    "C1": {
      "ef": 0,
      "ep": 1,
      "nf": 4,
      "np": 5,
      "ochiai": 0.0,
      "tarantula": 0.0
    },
    "C2": {
      "ef": 0,
      "ep": 1,
      "nf": 4,
      "np": 5,
      "ochiai": 0.0,
      "tarantula": 0.0
    },
    "C3": {
      "ef": 4,
      "ep": 1,
      "nf": 0,
      "np": 5,
      "ochiai": 0.8944271909999159,
      "tarantula": 0.8571428571428571
    },
    "C4": {
      "ef": 4,
      "ep": 0,
      "nf": 0,
      "np": 6,
      "ochiai": 1.0,
      "tarantula": 1.0
    }
  },
  "ranked_constraints": [
    [
      "C4",
      1.0
    ],
    [
      "C3",
      0.8944271909999159
    ],
    [
      "C1",
      0.0
    ],
    [
      "C2",
      0.0
    ]
  ],
  "line_scores": {
    "76": 0.8944271909999159,
    "74": 1.0,
    "73": 1.2
  },
  "ranked_lines": [
    [
      73,
      1.2
    ],
    [
      74,
      1.0
    ],
    [
      76,
      0.8944271909999159
    ]
  ],
  "fault_line_pred": 73
}