{
  "n_passing": 9,
  "n_failing": 3,
  "constraint_scores": {
    "C1": {
      "ef": 2,
      "ep": 1,
      "nf": 1,
      "np": 8,
      "ochiai": 0.6666666666666666,
      "tarantula": 0.8571428571428572
    },
    "C2": {
      "ef": 2,
      "ep": 1,
      "nf": 1,
      "np": 8,
      "ochiai": 0.6666666666666666,
      "tarantula": 0.8571428571428572
    },
    "C3": {
      "ef": 2,
      "ep": 0,
      "nf": 1,
      "np": 9,
      "ochiai": 0.8164965809277261,
      "tarantula": 1.0
    },
    "C4": {
      "ef": 0,
      "ep": 0,
      "nf": 3,
      "np": 9,
      "ochiai": 0.0,
      "tarantula": 0.0
    }
  },
  "ranked_constraints": [
    [
      "C3",
      0.8164965809277261
    ],
    [
      "C1",
      0.6666666666666666
    ],
    [
      "C2",
      0.6666666666666666
    ],
    [
      "C4",
      0.0
    ]
  ],
  "line_scores": {
    "62": 1.5999999999999999,
    "63": 0.22,
    "61": 0.22,
    "64": 0.09999999999999999,
    "60": 0.6666666666666666,
    "58": 0.8164965809277261
  },
  "ranked_lines": [
    [
      62,
      1.5999999999999999
    ],
    [
      58,
      0.8164965809277261
    ],
    [
      60,
      0.6666666666666666
    ],
    [
      63,
      0.22
    ],
    [
      61,
      0.22
    ],
    [
      64,
      0.09999999999999999
    ]
  ],
  "fault_line_pred": 62
}