{
  "n_passing": 6,
  "n_failing": 4,
  "constraint_scores": {
    "C1": {
      "ef": 0,
      "ep": 1,
      "nf": 4,
      "np": 5,
      "ochiai": 0.0,
      "tarantula": 0.0
    },
    "C2": {
      "ef": 4,
      "ep": 1,
      "nf": 0,
      "np": 5,
      "ochiai": 0.8944271909999159,
      "tarantula": 0.8571428571428571
    },
    "C3": {
      "ef": 4,
      "ep": 5,
      "nf": 0,
      "np": 1,
      "ochiai": 0.6666666666666666,
      "tarantula": 0.5454545454545454
    },
    "C4": {
      "ef": 0,
      "ep": 0,
      "nf": 4,
      "np": 6,
      "ochiai": 0.0,
      "tarantula": 0.0
    }
  },
  "ranked_constraints": [
    [
      "C2",
      0.8944271909999159
    ],
    [
      "C3",
      0.6666666666666666
    ],
    [
      "C1",
      0.0
    ],
    [
      "C4",
      0.0
    ]
  ],
  "line_scores": {
    "67": 2.0049844718999243
  },
  "ranked_lines": [
    [
      67,
      2.0049844718999243
    ]
  ],
  "fault_line_pred": 67
}