{
  "n_passing": 4,
  "n_failing": 6,
  "constraint_scores": {
    "C1": {
      "ef": 1,
      "ep": 0,
      "nf": 5,
      "np": 4,
      "ochiai": 0.4082482904638631,
      "tarantula": 1.0
    },
    "C2": {
      "ef": 5,
      "ep": 0,
      "nf": 1,
      "np": 4,
      "ochiai": 0.9128709291752769,
      "tarantula": 1.0
    },
    "C3": {
      "ef": 1,
      "ep": 0,
      "nf": 5,
      "np": 4,
      "ochiai": 0.4082482904638631,
      "tarantula": 1.0
    }
  },
  "ranked_constraints": [
    [
      "C2",
      0.9128709291752769
    ],
    [
      "C1",
      0.4082482904638631
    ],
    [
      "C3",
      0.4082482904638631
    ]
  ],
  "line_scores": {
    "75": 1.5012474066278414,
    "76": 0.13693063937629152,
    "74": 0.5477225575051661,
    "77": 0.24494897427831783,
    "73": 0.3012474066278414,
    "72": 0.13693063937629152,
    "78": 0.13472193585307482,
    "79": 0.06123724356957946
  },
  "ranked_lines": [
    [
      75,
      1.5012474066278414
    ],
    [
      74,
      0.5477225575051661
    ],
    [
      73,
      0.3012474066278414
    ],
    [
      77,
      0.24494897427831783
    ],
    [
      76,
      0.13693063937629152
    ],
    [
      72,
      0.13693063937629152
    ],
    [
      78,
      0.13472193585307482
    ],
    [
      79,
      0.06123724356957946
    ]
  ],
  "fault_line_pred": 75
}