{
  "n_passing": 6,
  "n_failing": 4,
  "constraint_scores": {
    "C1": {
      "ef": 4,
      "ep": 2,
      "nf": 0,
      "np": 4,
      "ochiai": 0.8164965809277261,
      "tarantula": 0.75
    },
    "C2": {
      "ef": 0,
      "ep": 0,
      "nf": 4,
      "np": 6,
      "ochiai": 0.0,
      "tarantula": 0.0
    },
    "C3": {
      "ef": 1,
      "ep": 0,
      "nf": 3,
      "np": 6,
      "ochiai": 0.5,
      "tarantula": 1.0
    }
  },
  "ranked_constraints": [
    [
      "C1",
      0.8164965809277261
    ],
    [
      "C3",
      0.5
    ],
    [
      "C2",
      0.0
    ]
  ],
  "line_scores": {
    "59": 1.6898979485566357,
    "60": 0.26944387170614964,
    "58": 0.5,
    "61": 0.12247448713915891,
    "57": 0.12247448713915891
  },
  "ranked_lines": [
    [
      59,
      1.6898979485566357
    ],
    [
      58,
      0.5
    ],
    [
      60,
      0.26944387170614964
    ],
    [
      61,
      0.12247448713915891
    ],
    [
      57,
      0.12247448713915891
    ]
  ],
  "fault_line_pred": 59
}