{
  "n_passing": 6,
  "n_failing": 4,
  "constraint_scores": {
    "C1": {
      "ef": 2,
      "ep": 5,
      "nf": 2,
      "np": 1,
      "ochiai": 0.3779644730092272,
      "tarantula": 0.37499999999999994
    },
    "C2": {
      "ef": 0,
      "ep": 0,
      "nf": 4,
      "np": 6,
      "ochiai": 0.0,
      "tarantula": 0.0
    },
    "C3": {
      "ef": 0,
      "ep": 0,
      "nf": 4,
      "np": 6,
      "ochiai": 0.0,
      "tarantula": 0.0
    },
    "C4": {
      "ef": 0,
      "ep": 0,
      "nf": 4,
      "np": 6,
      "ochiai": 0.0,
      "tarantula": 0.0
    }
  },
  "ranked_constraints": [
    [
      "C1",
      0.3779644730092272
    ],
    [
      "C2",
      0.0
    ],
    [
      "C3",
      0.0
    ],
    [
      "C4",
      0.0
    ]
  ],
  "line_scores": {
    "85": 1.4267786838055363,
    "86": 0.12472827609304499,
    "84": 0.12472827609304499,
    "87": 0.05669467095138408,
    "83": 0.05669467095138408
  },
  "ranked_lines": [
    [
      85,
      1.4267786838055363
    ],
    [
      86,
      0.12472827609304499
    ],
    [
      84,
      0.12472827609304499
    ],
    [
      87,
      0.05669467095138408
    ],
    [
      83,
      0.05669467095138408
    ]
  ],
  "fault_line_pred": 85
}