{
  "n_passing": 5,
  "n_failing": 5,
  "constraint_scores": {
    "C1": {
      "ef": 1,
      "ep": 0,
      "nf": 4,
      "np": 5,
      "ochiai": 0.4472135954999579,
      "tarantula": 1.0
    },
    "C2": {
      "ef": 0,
      "ep": 0,
      "nf": 5,
      "np": 5,
      "ochiai": 0.0,
      "tarantula": 0.0
    },
    "C3": {
      "ef": 1,
      "ep": 0,
      "nf": 4,
      "np": 5,
      "ochiai": 0.4472135954999579,
      "tarantula": 1.0
    },
    "C4": {
      "ef": 4,
      "ep": 0,
      "nf": 1,
      "np": 5,
      "ochiai": 0.8944271909999159,
      "tarantula": 1.0
    }
  },
  "ranked_constraints": [
    [
      "C4",
      0.8944271909999159
    ],
    [
      "C1",
      0.4472135954999579
    ],
    [
      "C3",
      0.4472135954999579
    ],
    [
      "C2",
      0.0
    ]
  ],
  "line_scores": {
    "74": 2.094427190999916,
    "75": 0.14758048651498612,
    "73": 0.14758048651498612,
    "76": 0.06708203932499368,
    "72": 0.8944271909999159,
    "53": 0.4472135954999579,
    "58": 0.8944271909999159,
    "59": 0.8944271909999159,
    "71": 0.4472135954999579,
    "54": 0.8944271909999159
  },
  "ranked_lines": [
    [
      74,
      2.094427190999916
    ],
    [
      72,
      0.8944271909999159
    ],
    [
      58,
      0.8944271909999159
    ],
    [
      59,
      0.8944271909999159
    ],
    [
      54,
      0.8944271909999159
    ],
    [
      53,
      0.4472135954999579
    ],
    [
      71,
      0.4472135954999579
    ],
    [
      75,
      0.14758048651498612
    ],
    [
      73,
      0.14758048651498612
    ],
    [
      76,
      0.06708203932499368
    ]
  ],
  "fault_line_pred": 74
}