{
  "n_passing": 6,
  "n_failing": 4,
  "constraint_scores": {
    "C1": {
      "ef": 4,
      "ep": 0,
      "nf": 0,
      "np": 6,
      "ochiai": 1.0,
      "tarantula": 1.0
    },
    "C2": {
      "ef": 1,
      "ep": 0,
      "nf": 3,
      "np": 6,
      "ochiai": 0.5,
      "tarantula": 1.0
    },
    "C3": {
      "ef": 4,
      "ep": 1,
      "nf": 0,
      "np": 5,
      "ochiai": 0.8944271909999159,
      "tarantula": 0.8571428571428571
    }
  },
  "ranked_constraints": [
    [
      "C1",
      1.0
    ],
    [
      "C3",
      0.8944271909999159
    ],
    [
      "C2",
      0.5
    ]
  ],
  "line_scores": {
    "59": 2.094427190999916,
    "60": 0.33,
    "58": 0.33,
    "61": 0.5,
    "57": 0.15
  },
  "ranked_lines": [
    [
      59,
      2.094427190999916
    ],
    [
      61,
      0.5
    ],
    [
      60,
      0.33
    ],
    [
      58,
      0.33
    ],
    [
      57,
      0.15
    ]
  ],
  "fault_line_pred": 59
}