{
  "n_passing": 6,
  "n_failing": 4,
  "constraint_scores": {
    "C1": {
      "ef": 2,
      "ep": 0,
      "nf": 2,
      "np": 6,
      "ochiai": 0.7071067811865475,
      "tarantula": 1.0
    },
    "C2": {
      "ef": 0,
      "ep": 0,
      "nf": 4,
      "np": 6,
      "ochiai": 0.0,
      "tarantula": 0.0
    },
    "C3": {
      "ef": 0,
      "ep": 0,
      "nf": 4,
      "np": 6,
      "ochiai": 0.0,
      "tarantula": 0.0
    }
  },
  "ranked_constraints": [
    [
      "C1",
      0.7071067811865475
    ],
    [
      "C2",
      0.0
    ],
    [
      "C3",
      0.0
    ]
  ],
  "line_scores": {
    "75": 1.6242640687119283,
    "76": 0.23334523779156066,
    "74": 0.23334523779156066,
    "77": 0.10606601717798211,
    "73": 0.10606601717798211
  },
  "ranked_lines": [
    [
      75,
      1.6242640687119283
    ],
    [
      76,
      0.23334523779156066
    ],
    [
      74,
      0.23334523779156066
    ],
    [
      77,
      0.10606601717798211
    ],
    [
      73,
      0.10606601717798211
    ]
  ],
  "fault_line_pred": 75
}