{
  "n_passing": 5,
  "n_failing": 5,
  "constraint_scores": {
    "C1": {
      "ef": 5,
      "ep": 1,
      "nf": 0,
      "np": 4,
      "ochiai": 0.9128709291752769,
      "tarantula": 0.8333333333333334
    },
    "C2": {
      "ef": 0,
      "ep": 0,
      "nf": 5,
      "np": 5,
      "ochiai": 0.0,
      "tarantula": 0.0
    },
    "C3": {
      "ef": 0,
      "ep": 0,
      "nf": 5,
      "np": 5,
      "ochiai": 0.0,
      "tarantula": 0.0
    }
  },
  "ranked_constraints": [
    [
      "C1",
      0.9128709291752769
    ],
    [
      "C2",
      0.0
    ],
    [
      "C3",
      0.0
    ]
  ],
  "line_scores": {
    "68": 1.747722557505166,
    "69": 0.3012474066278414,
    "67": 0.3012474066278414,
    "70": 0.13693063937629152,
    "66": 0.13693063937629152
  },
  "ranked_lines": [
    [
      68,
      1.747722557505166
    ],
    [
      69,
      0.3012474066278414
    ],
    [
      67,
      0.3012474066278414
    ],
    [
      70,
      0.13693063937629152
    ],
    [
      66,
      0.13693063937629152
    ]
  ],
  "fault_line_pred": 68
}