{
  "n_passing": 7,
  "n_failing": 3,
  "constraint_scores": {
    "C1": {
      "ef": 0,
      "ep": 1,
      "nf": 3,
      "np": 6,
      "ochiai": 0.0,
      "tarantula": 0.0
    },
    "C2": {
      "ef": 0,
      "ep": 1,
      "nf": 3,
      "np": 6,
      "ochiai": 0.0,
      "tarantula": 0.0
    },
    "C3": {
      "ef": 3,
      "ep": 1,
      "nf": 0,
      "np": 6,
      "ochiai": 0.8660254037844387,
      "tarantula": 0.875
    }
  },
  "ranked_constraints": [
    [
      "C3",
      0.8660254037844387
    ],
    [
      "C1",
      0.0
    ],
    [
      "C2",
      0.0
    ]
  ],
  "line_scores": {
    "67": 0.8660254037844387,
    "70": 1.2
  },
  "ranked_lines": [
    [
      70,
      1.2
    ],
    [
      67,
      0.8660254037844387
    ]
  ],
  "fault_line_pred": 70
}