{
  "n_passing": 6,
  "n_failing": 4,
  "constraint_scores": {
    "C1": {
      "ef": 4,
      "ep": 0,
      "nf": 0,
      "np": 6,
      "ochiai": 1.0,
      "tarantula": 1.0
    },
    "C2": {
      "ef": 1,
      "ep": 0,
      "nf": 3,
      "np": 6,
      "ochiai": 0.5,
      "tarantula": 1.0
    },
    "C3": {
      "ef": 4,
      "ep": 3,
      "nf": 0,
      "np": 3,
      "ochiai": 0.7559289460184544,
      "tarantula": 0.6666666666666666
    }
  },
  "ranked_constraints": [
    [
      "C1",
      1.0
    ],
    [
      "C3",
      0.7559289460184544
    ],
    [
      "C2",
      0.5
    ]
  ],
  "line_scores": {
    "70": 1.7999999999999998,
    "71": 0.45,
    "69": 0.33,
    "72": 0.15,
    "68": 0.15,
    "73": 0.2267786838055363
  },
  "ranked_lines": [
    [
      70,
      1.7999999999999998
    ],
    [
      71,
      0.45
    ],
    [
      69,
      0.33
    ],
    [
      73,
      0.2267786838055363
    ],
    [
      72,
      0.15
    ],
    [
      68,
      0.15
    ]
  ],
  "fault_line_pred": 70
}