{
  "n_passing": 5,
  "n_failing": 4,
  "constraint_scores": {
    "C1": {
      "ef": 4,
      "ep": 5,
      "nf": 0,
      "np": 0,
      "ochiai": 0.6666666666666666,
      "tarantula": 0.5
    },
    "C2": {
      "ef": 0,
      "ep": 0,
      "nf": 4,
      "np": 5,
      "ochiai": 0.0,
      "tarantula": 0.0
    },
    "C3": {
      "ef": 4,
      "ep": 3,
      "nf": 0,
      "np": 2,
      "ochiai": 0.7559289460184544,
      "tarantula": 0.625
    },
    "C4": {
      "ef": 0,
      "ep": 0,
      "nf": 4,
      "np": 5,
      "ochiai": 0.0,
      "tarantula": 0.0
    }
  },
  "ranked_constraints": [
    [
      "C3",
      0.7559289460184544
    ],
    [
      "C1",
      0.6666666666666666
    ],
    [
      "C2",
      0.0
    ],
    [
      "C4",
      0.0
    ]
  ],
  "line_scores": {
    "67": 1.9559289460184544,
    "68": 0.22,
    "66": 0.22,
    "69": 0.09999999999999999,
    "65": 0.09999999999999999
  },
  "ranked_lines": [
    [
      67,
      1.9559289460184544
    ],
    [
      68,
      0.22
    ],
    [
      66,
      0.22
    ],
    [
      69,
      0.09999999999999999
    ],
    [
      65,
      0.09999999999999999
    ]
  ],
  "fault_line_pred": 67
}