{
  "n_passing": 7,
  "n_failing": 3,
  "constraint_scores": {
    "C1": {
      "ef": 2,
      "ep": 0,
      "nf": 1,
      "np": 7,
      "ochiai": 0.8164965809277261,
      "tarantula": 1.0
    },
    "C2": {
      "ef": 0,
      "ep": 4,
      "nf": 3,
      "np": 3,
      "ochiai": 0.0,
      "tarantula": 0.0
    },
    "C3": {
      "ef": 1,
      "ep": 0,
      "nf": 2,
      "np": 7,
      "ochiai": 0.5773502691896258,
      "tarantula": 1.0
    }
  },
  "ranked_constraints": [
    [
      "C1",
      0.8164965809277261
    ],
    [
      "C3",
      0.5773502691896258
    ],
    [
      "C2",
      0.0
    ]
  ],
  "line_scores": {
    "65": 1.6898979485566357,
    "66": 0.26944387170614964,
    "64": 0.26944387170614964,
    "67": 0.5773502691896258,
    "63": 0.12247448713915891
  },
  "ranked_lines": [
    [
      65,
      1.6898979485566357
    ],
    [
      67,
      0.5773502691896258
    ],
    [
      66,
      0.26944387170614964
    ],
    [
      64,
      0.26944387170614964
    ],
    [
      63,
      0.12247448713915891
    ]
  ],
  "fault_line_pred": 65
}