{
  "n_passing": 6,
  "n_failing": 4,
  "constraint_scores": {
    "C1": {
      "ef": 4,
      "ep": 1,
      "nf": 0,
      "np": 5,
      "ochiai": 0.8944271909999159,
      "tarantula": 0.8571428571428571
    },
    "C2": {
      "ef": 4,
      "ep": 4,
      "nf": 0,
      "np": 2,
      "ochiai": 0.7071067811865475,
      "tarantula": 0.6000000000000001
    },
    "C3": {
      "ef": 0,
      "ep": 0,
      "nf": 4,
      "np": 6,
      "ochiai": 0.0,
      "tarantula": 0.0
    }
  },
  "ranked_constraints": [
    [
      "C1",
      0.8944271909999159
    ],
    [
      "C2",
      0.7071067811865475
    ],
    [
      "C3",
      0.0
    ]
  ],
  "line_scores": {
    "81": 1.7366563145999494,
    "82": 0.29516097302997224,
    "80": 0.29516097302997224,
    "83": 0.13416407864998736,
    "79": 0.23334523779156066,
    "78": 0.42426406871192845,
    "77": 0.23334523779156066,
    "76": 0.10606601717798211
  },
  "ranked_lines": [
    [
      81,
      1.7366563145999494
    ],
    [
      78,
      0.42426406871192845
    ],
    [
      82,
      0.29516097302997224
    ],
    [
      80,
      0.29516097302997224
    ],
    [
      79,
      0.23334523779156066
    ],
    [
      77,
      0.23334523779156066
    ],
    [
      83,
      0.13416407864998736
    ],
    [
      76,
      0.10606601717798211
    ]
  ],
  "fault_line_pred": 81
}