{
  "n_passing": 7,
  "n_failing": 3,
  "constraint_scores": {
    "C1": {
      "ef": 0,
      "ep": 1,
      "nf": 3,
      "np": 6,
      "ochiai": 0.0,
      "tarantula": 0.0
    },
    "C2": {
      "ef": 0,
      "ep": 0,
      "nf": 3,
      "np": 7,
      "ochiai": 0.0,
      "tarantula": 0.0
    },
    "C3": {
      "ef": 3,
      "ep": 5,
      "nf": 0,
      "np": 2,
      "ochiai": 0.6123724356957946,
      "tarantula": 0.5833333333333333
    }
  },
  "ranked_constraints": [
    [
      "C3",
      0.6123724356957946
    ],
    [
      "C1",
      0.0
    ],
    [
      "C2",
      0.0
    ]
  ],
  "line_scores": {
    "69": 1.751135192126215
  },
  "ranked_lines": [
    [
      69,
      1.751135192126215
    ]
  ],
  "fault_line_pred": 69
}