{
  "n_passing": 6,
  "n_failing": 4,
  "constraint_scores": {
    "C1": {
      "ef": 0,
      "ep": 0,
      "nf": 4,
      "np": 6,
      "ochiai": 0.0,
      "tarantula": 0.0
    },
    "C2": {
      "ef": 4,
      "ep": 0,
      "nf": 0,
      "np": 6,
      "ochiai": 1.0,
      "tarantula": 1.0
    },
    "C3": {
      "ef": 2,
      "ep": 2,
      "nf": 2,
      "np": 4,
      "ochiai": 0.5,
      "tarantula": 0.6000000000000001
    },
    "C4": {
      "ef": 4,
      "ep": 5,
      "nf": 0,
      "np": 1,
      "ochiai": 0.6666666666666666,
      "tarantula": 0.5454545454545454
    }
  },
  "ranked_constraints": [
    [
      "C2",
      1.0
    ],
    [
      "C4",
      0.6666666666666666
    ],
    [
      "C3",
      0.5
    ],
    [
      "C1",
      0.0
    ]
  ],
  "line_scores": {
    "76": 0.9,
    "80": 0.3,
    "81": 0.19999999999999998,
    "79": 0.165,
    "82": 0.075,
    "78": 0.075,
    "67": 0.19999999999999998,
    "72": 1.4,
    "77": 0.19999999999999998
  },
  "ranked_lines": [
    [
      72,
      1.4
    ],
    [
      76,
      0.9
    ],
    [
      80,
      0.3
    ],
    [
      81,
      0.19999999999999998
    ],
    [
      67,
      0.19999999999999998
    ],
    [
      77,
      0.19999999999999998
    ],
    [
      79,
      0.165
    ],
    [
      82,
      0.075
    ],
    [
      78,
      0.075
    ]
  ],
  "fault_line_pred": 72
}