{
  "n_passing": 5,
  "n_failing": 4,
  "constraint_scores": {
    "C1": {
      "ef": 4,
      "ep": 4,
      "nf": 0,
      "np": 1,
      "ochiai": 0.7071067811865475,
      "tarantula": 0.5555555555555556
    },
    "C2": {
      "ef": 0,
      "ep": 0,
      "nf": 4,
      "np": 5,
      "ochiai": 0.0,
      "tarantula": 0.0
    },
    "C3": {
      "ef": 0,
      "ep": 0,
      "nf": 4,
      "np": 5,
      "ochiai": 0.0,
      "tarantula": 0.0
    },
    "C4": {
      "ef": 0,
      "ep": 0,
      "nf": 4,
      "np": 5,
      "ochiai": 0.0,
      "tarantula": 0.0
    }
  },
  "ranked_constraints": [
    [
      "C1",
      0.7071067811865475
    ],
    [
      "C2",
      0.0
    ],
    [
      "C3",
      0.0
    ],
    [
      "C4",
      0.0
    ]
  ],
  "line_scores": {
    "53": 1.6242640687119283,
    "54": 0.23334523779156066,
    "52": 0.23334523779156066,
    "55": 0.10606601717798211,
    "51": 0.10606601717798211
  },
  "ranked_lines": [
    [
      53,
      1.6242640687119283
    ],
    [
      54,
      0.23334523779156066
    ],
    [
      52,
      0.23334523779156066
    ],
    [
      55,
      0.10606601717798211
    ],
    [
      51,
      0.10606601717798211
    ]
  ],
  "fault_line_pred": 53
}