{
  "n_passing": 0,
  "n_failing": 10,
  "constraint_scores": {
    "C1": {
      "ef": 1,
      "ep": 0,
      "nf": 9,
      "np": 0,
      "ochiai": 0.31622776601683794,
      "tarantula": 1.0
    },
    "C2": {
      "ef": 1,
      "ep": 0,
      "nf": 9,
      "np": 0,
      "ochiai": 0.31622776601683794,
      "tarantula": 1.0
    },
    "C3": {
      "ef": 0,
      "ep": 0,
      "nf": 10,
      "np": 0,
      "ochiai": 0.0,
      "tarantula": 0.0
    }
  },
  "ranked_constraints": [
    [
      "C1",
      0.31622776601683794
    ],
    [
      "C2",
      0.31622776601683794
    ],
    [
      "C3",
      0.0
    ]
  ],
  "line_scores": {
    "62": 1.3897366596101026,
    "63": 0.10435516278555652,
    "61": 0.10435516278555652,
    "64": 0.04743416490252569,
    "60": 0.04743416490252569,
    "59": 0.31622776601683794
  },
  "ranked_lines": [
    [
      62,
      1.3897366596101026
    ],
    [
      59,
      0.31622776601683794
    ],
    [
      63,
      0.10435516278555652
    ],
    [
      61,
      0.10435516278555652
    ],
    [
      64,
      0.04743416490252569
    ],
    [
      60,
      0.04743416490252569
    ]
  ],
  "fault_line_pred": 62
}