{
  "n_passing": 4,
  "n_failing": 6,
  "constraint_scores": {
    "C1": {
      "ef": 2,
      "ep": 0,
      "nf": 4,
      "np": 4,
      "ochiai": 0.5773502691896258,
      "tarantula": 1.0
    },
    "C2": {
      "ef": 0,
      "ep": 0,
      "nf": 6,
      "np": 4,
      "ochiai": 0.0,
      "tarantula": 0.0
    },
    "C3": {
      "ef": 6,
      "ep": 3,
      "nf": 0,
      "np": 1,
      "ochiai": 0.816496580927726,
      "tarantula": 0.5714285714285714
    }
  },
  "ranked_constraints": [
    [
      "C3",
      0.816496580927726
    ],
    [
      "C1",
      0.5773502691896258
    ],
    [
      "C2",
      0.0
    ]
  ],
  "line_scores": {
    "69": 1.5464101615137755,
    "70": 0.19052558883257656,
    "68": 0.19052558883257656,
    "71": 0.08660254037844388,
    "67": 0.08660254037844388,
    "62": 0.816496580927726
  },
  "ranked_lines": [
    [
      69,
      1.5464101615137755
    ],
    [
      62,
      0.816496580927726
    ],
    [
      70,
      0.19052558883257656
    ],
    [
      68,
      0.19052558883257656
    ],
    [
      71,
      0.08660254037844388
    ],
    [
      67,
      0.08660254037844388
    ]
  ],
  "fault_line_pred": 69
}