{
  "n_passing": 6,
  "n_failing": 4,
  "constraint_scores": {
    "C1": {
      "ef": 0,
      "ep": 0,
      "nf": 4,
      "np": 6,
      "ochiai": 0.0,
      "tarantula": 0.0
    },
    "C2": {
      "ef": 4,
      "ep": 2,
      "nf": 0,
      "np": 4,
      "ochiai": 0.8164965809277261,
      "tarantula": 0.75
    },
    "C3": {
      "ef": 0,
      "ep": 0,
      "nf": 4,
      "np": 6,
      "ochiai": 0.0,
      "tarantula": 0.0
    }
  },
  "ranked_constraints": [
    [
      "C2",
      0.8164965809277261
    ],
    [
      "C1",
      0.0
    ],
    [
      "C3",
      0.0
    ]
  ],
  "line_scores": {
    "63": 0.8164965809277261,
    "64": 0.8164965809277261,
    "66": 2.016496580927726
  },
  "ranked_lines": [
    [
      66,
      2.016496580927726
    ],
    [
      63,
      0.8164965809277261
    ],
    [
      64,
      0.8164965809277261
    ]
  ],
  "fault_line_pred": 66
}