{
  "n_passing": 7,
  "n_failing": 3,
  "constraint_scores": {
    "C1": {
      "ef": 0,
      "ep": 0,
      "nf": 3,
      "np": 7,
      "ochiai": 0.0,
      "tarantula": 0.0
    },
    "C2": {
      "ef": 0,
      "ep": 0,
      "nf": 3,
      "np": 7,
      "ochiai": 0.0,
      "tarantula": 0.0
    },
    "C3": {
      "ef": 0,
      "ep": 0,
      "nf": 3,
      "np": 7,
      "ochiai": 0.0,
      "tarantula": 0.0
    },
    "C4": {
      "ef": 2,
      "ep": 0,
      "nf": 1,
      "np": 7,
      "ochiai": 0.8164965809277261,
      "tarantula": 1.0
    }
  },
  "ranked_constraints": [
    [
      "C4",
      0.8164965809277261
    ],
    [
      "C1",
      0.0
    ],
    [
      "C2",
      0.0
    ],
    [
      "C3",
      0.0
    ]
  ],
  "line_scores": {
    "71": 0.24494897427831783,
    "72": 0.24494897427831783,
    "70": 1.2
  },
  "ranked_lines": [
    [
      70,
      1.2
    ],
    [
      71,
      0.24494897427831783
    ],
    [
      72,
      0.24494897427831783
    ]
  ],
  "fault_line_pred": 70
}