{
  "n_passing": 4,
  "n_failing": 6,
  "constraint_scores": {
    "C1": {
      "ef": 1,
      "ep": 0,
      "nf": 5,
      "np": 4,
      "ochiai": 0.4082482904638631,
      "tarantula": 1.0
    },
    "C2": {
      "ef": 5,
      "ep": 0,
      "nf": 1,
      "np": 4,
      "ochiai": 0.9128709291752769,
      "tarantula": 1.0
    },
    "C3": {
      "ef": 1,
      "ep": 0,
      "nf": 5,
      "np": 4,
      "ochiai": 0.4082482904638631,
      "tarantula": 1.0
    }
  },
  "ranked_constraints": [
    [
      "C2",
      0.9128709291752769
    ],
    [
      "C1",
      0.4082482904638631
    ],
    [
      "C3",
      0.4082482904638631
    ]
  ],
  "line_scores": {
    "74": 2.1128709291752767,
    "75": 0.13472193585307482,
    "73": 0.13472193585307482,
    "76": 0.06123724356957946,
    "72": 0.06123724356957946,
    "60": 0.12247448713915891,
    "77": 0.12247448713915891
  },
  "ranked_lines": [
    [
      74,
      2.1128709291752767
    ],
    [
      75,
      0.13472193585307482
    ],
    [
      73,
      0.13472193585307482
    ],
    [
      60,
      0.12247448713915891
    ],
    [
      77,
      0.12247448713915891
    ],
    [
      76,
      0.06123724356957946
    ],
    [
      72,
      0.06123724356957946
    ]
  ],
  "fault_line_pred": 74
}