{
  "n_passing": 6,
  "n_failing": 4,
  "constraint_scores": {
    "C1": {
      "ef": 4,
      "ep": 6,
      "nf": 0,
      "np": 0,
      "ochiai": 0.6324555320336759,
      "tarantula": 0.5
    },
    "C2": {
      "ef": 0,
      "ep": 0,
      "nf": 4,
      "np": 6,
      "ochiai": 0.0,
      "tarantula": 0.0
    },
    "C3": {
      "ef": 0,
      "ep": 0,
      "nf": 4,
      "np": 6,
      "ochiai": 0.0,
      "tarantula": 0.0
    }
  },
  "ranked_constraints": [
    [
      "C1",
      0.6324555320336759
    ],
    [
      "C2",
      0.0
    ],
    [
      "C3",
      0.0
    ]
  ],
  "line_scores": {
    "70": 1.5794733192202055,
    "71": 0.20871032557111305,
    "69": 0.20871032557111305,
    "72": 0.09486832980505137,
    "68": 0.09486832980505137
  },
  "ranked_lines": [
    [
      70,
      1.5794733192202055
    ],
    [
      71,
      0.20871032557111305
    ],
    [
      69,
      0.20871032557111305
    ],
    [
      72,
      0.09486832980505137
    ],
    [
      68,
      0.09486832980505137
    ]
  ],
  "fault_line_pred": 70
}