{
  "n_passing": 4,
  "n_failing": 6,
  "constraint_scores": {
    "C1": {
      "ef": 4,
      "ep": 0,
      "nf": 2,
      "np": 4,
      "ochiai": 0.8164965809277261,
      "tarantula": 1.0
    },
    "C2": {
      "ef": 2,
      "ep": 0,
      "nf": 4,
      "np": 4,
      "ochiai": 0.5773502691896258,
      "tarantula": 1.0
    },
    "C3": {
      "ef": 0,
      "ep": 0,
      "nf": 6,
      "np": 4,
      "ochiai": 0.0,
      "tarantula": 0.0
    }
  },
  "ranked_constraints": [
    [
      "C1",
      0.8164965809277261
    ],
    [
      "C2",
      0.5773502691896258
    ],
    [
      "C3",
      0.0
    ]
  ],
  "line_scores": {
    "63": 1.777350269189626,
    "64": 0.26944387170614964,
    "62": 0.26944387170614964,
    "65": 0.12247448713915891,
    "61": 0.12247448713915891
  },
  "ranked_lines": [
    [
      63,
      1.777350269189626
    ],
    [
      64,
      0.26944387170614964
    ],
    [
      62,
      0.26944387170614964
    ],
    [
      65,
      0.12247448713915891
    ],
    [
      61,
      0.12247448713915891
    ]
  ],
  "fault_line_pred": 63
}