{
  "n_passing": 5,
  "n_failing": 5,
  "constraint_scores": {
    "C1": {
      "ef": 0,
      "ep": 1,
      "nf": 5,
      "np": 4,
      "ochiai": 0.0,
      "tarantula": 0.0
    },
    "C2": {
      "ef": 3,
      "ep": 0,
      "nf": 2,
      "np": 5,
      "ochiai": 0.7745966692414834,
      "tarantula": 1.0
    },
    "C3": {
      "ef": 2,
      "ep": 0,
      "nf": 3,
      "np": 5,
      "ochiai": 0.6324555320336759,
      "tarantula": 1.0
    },
    "C4": {
      "ef": 0,
      "ep": 0,
      "nf": 5,
      "np": 5,
      "ochiai": 0.0,
      "tarantula": 0.0
    }
  },
  "ranked_constraints": [
    [
      "C2",
      0.7745966692414834
    ],
    [
      "C3",
      0.6324555320336759
    ],
    [
      "C1",
      0.0
    ],
    [
      "C4",
      0.0
    ]
  ],
  "line_scores": {
    "63": 0.7745966692414834,
    "65": 1.8324555320336757
  },
  "ranked_lines": [
    [
      65,
      1.8324555320336757
    ],
    [
      63,
      0.7745966692414834
    ]
  ],
  "fault_line_pred": 65
}