{
  "n_passing": 5,
  "n_failing": 5,
  "constraint_scores": {
    "C1": {
      "ef": 0,
      "ep": 0,
      "nf": 5,
      "np": 5,
      "ochiai": 0.0,
      "tarantula": 0.0
    },
    "C2": {
      "ef": 4,
      "ep": 0,
      "nf": 1,
      "np": 5,
      "ochiai": 0.8944271909999159,
      "tarantula": 1.0
    },
    "C3": {
      "ef": 4,
      "ep": 0,
      "nf": 1,
      "np": 5,
      "ochiai": 0.8944271909999159,
      "tarantula": 1.0
    },
    "C4": {
      "ef": 0,
      "ep": 0,
      "nf": 5,
      "np": 5,
      "ochiai": 0.0,
      "tarantula": 0.0
    }
  },
  "ranked_constraints": [
    [
      "C2",
      0.8944271909999159
    ],
    [
      "C3",
      0.8944271909999159
    ],
    [
      "C1",
      0.0
    ],
    [
      "C4",
      0.0
    ]
  ],
  "line_scores": {
    "70": 2.094427190999916
  },
  "ranked_lines": [
    [
      70,
      2.094427190999916
    ]
  ],
  "fault_line_pred": 70
}