{
  "n_passing": 5,
  "n_failing": 5,
  "constraint_scores": {
    "C1": {
      "ef": 3,
      "ep": 1,
      "nf": 2,
      "np": 4,
      "ochiai": 0.6708203932499369,
      "tarantula": 0.7499999999999999
    },
    "C2": {
      "ef": 2,
      "ep": 0,
      "nf": 3,
      "np": 5,
      "ochiai": 0.6324555320336759,
      "tarantula": 1.0
    },
    "C3": {
      "ef": 0,
      "ep": 0,
      "nf": 5,
      "np": 5,
      "ochiai": 0.0,
      "tarantula": 0.0
    },
    "C4": {
      "ef": 0,
      "ep": 0,
      "nf": 5,
      "np": 5,
      "ochiai": 0.0,
      "tarantula": 0.0
    }
  },
  "ranked_constraints": [
    [
      "C1",
      0.6708203932499369
    ],
    [
      "C2",
      0.6324555320336759
    ],
    [
      "C3",
      0.0
    ],
    [
      "C4",
      0.0
    ]
  ],
  "line_scores": {
    "66": 1.8324555320336757,
    "67": 0.2213707297724792,
    "65": 0.2213707297724792,
    "68": 0.10062305898749054,
    "64": 0.10062305898749054
  },
  "ranked_lines": [
    [
      66,
      1.8324555320336757
    ],
    [
      67,
      0.2213707297724792
    ],
    [
      65,
      0.2213707297724792
    ],
    [
      68,
      0.10062305898749054
    ],
    [
      64,
      0.10062305898749054
    ]
  ],
  "fault_line_pred": 66
}