{
  "n_passing": 5,
  "n_failing": 5,
  "constraint_scores": {
    "C1": {
      "ef": 0,
      "ep": 0,
      "nf": 5,
      "np": 5,
      "ochiai": 0.0,
      "tarantula": 0.0
    },
    "C2": {
      "ef": 5,
      "ep": 3,
      "nf": 0,
      "np": 2,
      "ochiai": 0.7905694150420948,
      "tarantula": 0.625
    },
    "C3": {
      "ef": 5,
      "ep": 0,
      "nf": 0,
      "np": 5,
      "ochiai": 1.0,
      "tarantula": 1.0
    }
  },
  "ranked_constraints": [
    [
      "C3",
      1.0
    ],
    [
      "C2",
      0.7905694150420948
    ],
    [
      "C1",
      0.0
    ]
  ],
  "line_scores": {
    "67": 0.7905694150420948,
    "68": 0.9,
    "70": 1.9905694150420947
  },
  "ranked_lines": [
    [
      70,
      1.9905694150420947
    ],
    [
      68,
      0.9
    ],
    [
      67,
      0.7905694150420948
    ]
  ],
  "fault_line_pred": 70
}