{
  "n_passing": 5,
  "n_failing": 5,
  "constraint_scores": {
    "C1": {
      "ef": 3,
      "ep": 0,
      "nf": 2,
      "np": 5,
      "ochiai": 0.7745966692414834,
      "tarantula": 1.0
    },
    "C2": {
      "ef": 0,
      "ep": 0,
      "nf": 5,
      "np": 5,
      "ochiai": 0.0,
      "tarantula": 0.0
    },
    "C3": {
      "ef": 0,
      "ep": 0,
      "nf": 5,
      "np": 5,
      "ochiai": 0.0,
      "tarantula": 0.0
    }
  },
  "ranked_constraints": [
    [
      "C1",
      0.7745966692414834
    ],
    [
      "C2",
      0.0
    ],
    [
      "C3",
      0.0
    ]
  ],
  "line_scores": {
    "73": 1.66475800154489,
    "74": 0.2556169008496895,
    "72": 0.2556169008496895,
    "75": 0.1161895003862225,
    "71": 0.1161895003862225
  },
  "ranked_lines": [
    [
      73,
      1.66475800154489
    ],
    [
      74,
      0.2556169008496895
    ],
    [
      72,
      0.2556169008496895
    ],
    [
      75,
      0.1161895003862225
    ],
    [
      71,
      0.1161895003862225
    ]
  ],
  "fault_line_pred": 73
}