{
  "n_passing": 6,
  "n_failing": 4,
  "constraint_scores": {
    "C1": {
      "ef": 4,
      "ep": 0,
      "nf": 0,
      "np": 6,
      "ochiai": 1.0,
      "tarantula": 1.0
    },
    "C2": {
      "ef": 1,
      "ep": 0,
      "nf": 3,
      "np": 6,
      "ochiai": 0.5,
      "tarantula": 1.0
    },
    "C3": {
      "ef": 4,
      "ep": 1,
      "nf": 0,
      "np": 5,
      "ochiai": 0.8944271909999159,
      "tarantula": 0.8571428571428571
    },
    "C4": {
      "ef": 0,
      "ep": 0,
      "nf": 4,
      "np": 6,
      "ochiai": 0.0,
      "tarantula": 0.0
    }
  },
  "ranked_constraints": [
    [
      "C1",
      1.0
    ],
    [
      "C3",
      0.8944271909999159
    ],
    [
      "C2",
      0.5
    ],
    [
      "C4",
      0.0
    ]
  ],
  "line_scores": {
    "61": 1.7999999999999998,
    "62": 0.33,
    "60": 0.33,
    "63": 0.15,
    "59": 0.8944271909999159
  },
  "ranked_lines": [
    [
      61,
      1.7999999999999998
    ],
    [
      59,
      0.8944271909999159
    ],
    [
      62,
      0.33
    ],
    [
      60,
      0.33
    ],
    [
      63,
      0.15
    ]
  ],
  "fault_line_pred": 61
}