{
  "n_passing": 6,
  "n_failing": 4,
  "constraint_scores": {
    "C1": {
      "ef": 0,
      "ep": 2,
      "nf": 4,
      "np": 4,
      "ochiai": 0.0,
      "tarantula": 0.0
    },
    "C2": {
      "ef": 0,
      "ep": 0,
      "nf": 4,
      "np": 6,
      "ochiai": 0.0,
      "tarantula": 0.0
    },
    "C3": {
      "ef": 4,
      "ep": 4,
      "nf": 0,
      "np": 2,
      "ochiai": 0.7071067811865475,
      "tarantula": 0.6000000000000001
    },
    "C4": {
      "ef": 0,
      "ep": 0,
      "nf": 4,
      "np": 6,
      "ochiai": 0.0,
      "tarantula": 0.0
    }
  },
  "ranked_constraints": [
    [
      "C3",
      0.7071067811865475
    ],
    [
      "C1",
      0.0
    ],
    [
      "C2",
      0.0
    ],
    [
      "C4",
      0.0
    ]
  ],
  "line_scores": {
    "58": 0.42426406871192845,
    "59": 0.23334523779156066,
    "57": 0.23334523779156066,
    "60": 0.10606601717798211,
    "56": 0.10606601717798211,
    "63": 1.2
  },
  "ranked_lines": [
    [
      63,
      1.2
    ],
    [
      58,
      0.42426406871192845
    ],
    [
      59,
      0.23334523779156066
    ],
    [
      57,
      0.23334523779156066
    ],
    [
      60,
      0.10606601717798211
    ],
    [
      56,
      0.10606601717798211
    ]
  ],
  "fault_line_pred": 63
}