{
  "n_passing": 5,
  "n_failing": 5,
  "constraint_scores": {
    "C1": {
      "ef": 5,
      "ep": 5,
      "nf": 0,
      "np": 0,
      "ochiai": 0.7071067811865475,
      "tarantula": 0.5
    },
    "C2": {
      "ef": 5,
      "ep": 5,
      "nf": 0,
      "np": 0,
      "ochiai": 0.7071067811865475,
      "tarantula": 0.5
    },
    "C3": {
      "ef": 0,
      "ep": 0,
      "nf": 5,
      "np": 5,
      "ochiai": 0.0,
      "tarantula": 0.0
    }
  },
  "ranked_constraints": [
    [
      "C1",
      0.7071067811865475
    ],
    [
      "C2",
      0.7071067811865475
    ],
    [
      "C3",
      0.0
    ]
  ],
  "line_scores": {
    "66": 1.9071067811865474,
    "67": 0.23334523779156066,
    "65": 0.23334523779156066,
    "68": 0.10606601717798211,
    "64": 0.10606601717798211
  },
  "ranked_lines": [
    [
      66,
      1.9071067811865474
    ],
    [
      67,
      0.23334523779156066
    ],
    [
      65,
      0.23334523779156066
    ],
    [
      68,
      0.10606601717798211
    ],
    [
      64,
      0.10606601717798211
    ]
  ],
  "fault_line_pred": 66
}