{
  "n_passing": 6,
  "n_failing": 4,
  "constraint_scores": {
    "C1": {
      "ef": 0,
      "ep": 0,
      "nf": 4,
      "np": 6,
      "ochiai": 0.0,
      "tarantula": 0.0
    },
    "C2": {
      "ef": 0,
      "ep": 0,
      "nf": 4,
      "np": 6,
      "ochiai": 0.0,
      "tarantula": 0.0
    },
    "C3": {
      "ef": 3,
      "ep": 0,
      "nf": 1,
      "np": 6,
      "ochiai": 0.8660254037844387,
      "tarantula": 1.0
    },
    "C4": {
      "ef": 0,
      "ep": 0,
      "nf": 4,
      "np": 6,
      "ochiai": 0.0,
      "tarantula": 0.0
    }
  },
  "ranked_constraints": [
    [
      "C3",
      0.8660254037844387
    ],
    [
      "C1",
      0.0
    ],
    [
      "C2",
      0.0
    ],
    [
      "C4",
      0.0
    ]
  ],
  "line_scores": {
    "71": 0.5196152422706632,
    "72": 0.2857883832488648,
    "70": 0.2857883832488648,
    "73": 0.1299038105676658,
    "69": 1.3299038105676657
  },
  "ranked_lines": [
    [
      69,
      1.3299038105676657
    ],
    [
      71,
      0.5196152422706632
    ],
    [
      72,
      0.2857883832488648
    ],
    [
      70,
      0.2857883832488648
    ],
    [
      73,
      0.1299038105676658
    ]
  ],
  "fault_line_pred": 69
}