{
  "n_passing": 5,
  "n_failing": 5,
  "constraint_scores": {
    "C1": {
      "ef": 0,
      "ep": 1,
      "nf": 5,
      "np": 4,
      "ochiai": 0.0,
      "tarantula": 0.0
    },
    "C2": {
      "ef": 5,
      "ep": 3,
      "nf": 0,
      "np": 2,
      "ochiai": 0.7905694150420948,
      "tarantula": 0.625
    },
    "C3": {
      "ef": 5,
      "ep": 0,
      "nf": 0,
      "np": 5,
      "ochiai": 1.0,
      "tarantula": 1.0
    }
  },
  "ranked_constraints": [
    [
      "C3",
      1.0
    ],
    [
      "C2",
      0.7905694150420948
    ],
    [
      "C1",
      0.0
    ]
  ],
  "line_scores": {
    "76": 1.9115124735378852,
    "79": 1.0
  },
  "ranked_lines": [
    [
      76,
      1.9115124735378852
    ],
    [
      79,
      1.0
    ]
  ],
  "fault_line_pred": 76
}