{
  "n_passing": 6,
  "n_failing": 4,
  "constraint_scores": {
    "C1": {
      "ef": 4,
      "ep": 6,
      "nf": 0,
      "np": 0,
      "ochiai": 0.6324555320336759,
      "tarantula": 0.5
    },
    "C2": {
      "ef": 4,
      "ep": 6,
      "nf": 0,
      "np": 0,
      "ochiai": 0.6324555320336759,
      "tarantula": 0.5
    },
    "C3": {
      "ef": 4,
      "ep": 6,
      "nf": 0,
      "np": 0,
      "ochiai": 0.6324555320336759,
      "tarantula": 0.5
    },
    "C4": {
      "ef": 0,
      "ep": 0,
      "nf": 4,
      "np": 6,
      "ochiai": 0.0,
      "tarantula": 0.0
    }
  },
  "ranked_constraints": [
    [
      "C1",
      0.6324555320336759
    ],
    [
      "C2",
      0.6324555320336759
    ],
    [
      "C3",
      0.6324555320336759
    ],
    [
      "C4",
      0.0
    ]
  ],
  "line_scores": {
    "61": 1.8324555320336757,
    "62": 0.20871032557111305,
    "60": 0.20871032557111305,
    "63": 0.09486832980505137,
    "59": 0.09486832980505137,
    "55": 0.6324555320336759,
    "58": 0.6324555320336759
  },
  "ranked_lines": [
    [
      61,
      1.8324555320336757
    ],
    [
      55,
      0.6324555320336759
    ],
    [
      58,
      0.6324555320336759
    ],
    [
      62,
      0.20871032557111305
    ],
    [
      60,
      0.20871032557111305
    ],
    [
      63,
      0.09486832980505137
    ],
    [
      59,
      0.09486832980505137
    ]
  ],
  "fault_line_pred": 61
}