{
  "n_passing": 10,
  "n_failing": 2,
  "constraint_scores": {
    "C1": {
      "ef": 0,
      "ep": 0,
      "nf": 2,
      "np": 10,
      "ochiai": 0.0,
      "tarantula": 0.0
    },
    "C2": {
      "ef": 1,
      "ep": 0,
      "nf": 1,
      "np": 10,
      "ochiai": 0.7071067811865475,
      "tarantula": 1.0
    },
    "C3": {
      "ef": 1,
      "ep": 0,
      "nf": 1,
      "np": 10,
      "ochiai": 0.7071067811865475,
      "tarantula": 1.0
    }
  },
  "ranked_constraints": [
    [
      "C2",
      0.7071067811865475
    ],
    [
      "C3",
      0.7071067811865475
    ],
    [
      "C1",
      0.0
    ]
  ],
  "line_scores": {
    "58": 0.6363961030678927,
    "57": 0.42426406871192845,
    "56": 0.23334523779156066,
    "59": 0.10606601717798211,
    "55": 0.10606601717798211,
    "60": 1.2
  },
  "ranked_lines": [
    [
      60,
      1.2
    ],
    [
      58,
      0.6363961030678927
    ],
    [
      57,
      0.42426406871192845
    ],
    [
      56,
      0.23334523779156066
    ],
    [
      59,
      0.10606601717798211
    ],
    [
      55,
      0.10606601717798211
    ]
  ],
  "fault_line_pred": 60
}