{
  "n_passing": 6,
  "n_failing": 4,
  "constraint_scores": {
    "C1": {
      "ef": 4,
      "ep": 0,
      "nf": 0,
      "np": 6,
      "ochiai": 1.0,
      "tarantula": 1.0
    },
    "C2": {
      "ef": 4,
      "ep": 1,
      "nf": 0,
      "np": 5,
      "ochiai": 0.8944271909999159,
      "tarantula": 0.8571428571428571
    },
    "C3": {
      "ef": 2,
      "ep": 0,
      "nf": 2,
      "np": 6,
      "ochiai": 0.7071067811865475,
      "tarantula": 1.0
    },
    "C4": {
      "ef": 0,
      "ep": 0,
      "nf": 4,
      "np": 6,
      "ochiai": 0.0,
      "tarantula": 0.0
    }
  },
  "ranked_constraints": [
    [
      "C1",
      1.0
    ],
    [
      "C2",
      0.8944271909999159
    ],
    [
      "C3",
      0.7071067811865475
    ],
    [
      "C4",
      0.0
    ]
  ],
  "line_scores": {
    "62": 1.9071067811865474,
    "63": 0.33,
    "61": 0.8944271909999159,
    "64": 0.15,
    "60": 0.15
  },
  "ranked_lines": [
    [
      62,
      1.9071067811865474
    ],
    [
      61,
      0.8944271909999159
    ],
    [
      63,
      0.33
    ],
    [
      64,
      0.15
    ],
    [
      60,
      0.15
    ]
  ],
  "fault_line_pred": 62
}