{
  "n_passing": 5,
  "n_failing": 5,
  "constraint_scores": {
    "C1": {
      "ef": 5,
      "ep": 0,
      "nf": 0,
      "np": 5,
      "ochiai": 1.0,
      "tarantula": 1.0
    },
    "C2": {
      "ef": 2,
      "ep": 0,
      "nf": 3,
      "np": 5,
      "ochiai": 0.6324555320336759,
      "tarantula": 1.0
    },
    "C3": {
      "ef": 5,
      "ep": 4,
      "nf": 0,
      "np": 1,
      "ochiai": 0.7453559924999299,
      "tarantula": 0.5555555555555556
    }
  },
  "ranked_constraints": [
    [
      "C1",
      1.0
    ],
    [
      "C3",
      0.7453559924999299
    ],
    [
      "C2",
      0.6324555320336759
    ]
  ],
  "line_scores": {
    "65": 1.7999999999999998,
    "66": 0.33,
    "64": 0.33,
    "67": 0.15,
    "63": 0.6324555320336759
  },
  "ranked_lines": [
    [
      65,
      1.7999999999999998
    ],
    [
      63,
      0.6324555320336759
    ],
    [
      66,
      0.33
    ],
    [
      64,
      0.33
    ],
    [
      67,
      0.15
    ]
  ],
  "fault_line_pred": 65
}