{
  "n_passing": 5,
  "n_failing": 5,
  "constraint_scores": {
    "C1": {
      "ef": 5,
      "ep": 0,
      "nf": 0,
      "np": 5,
      "ochiai": 1.0,
      "tarantula": 1.0
    },
    "C2": {
      "ef": 5,
      "ep": 3,
      "nf": 0,
      "np": 2,
      "ochiai": 0.7905694150420948,
      "tarantula": 0.625
    },
    "C3": {
      "ef": 0,
      "ep": 0,
      "nf": 5,
      "np": 5,
      "ochiai": 0.0,
      "tarantula": 0.0
    },
    "C4": {
      "ef": 0,
      "ep": 0,
      "nf": 5,
      "np": 5,
      "ochiai": 0.0,
      "tarantula": 0.0
    }
  },
  "ranked_constraints": [
    [
      "C1",
      1.0
    ],
    [
      "C2",
      0.7905694150420948
    ],
    [
      "C3",
      0.0
    ],
    [
      "C4",
      0.0
    ]
  ],
  "line_scores": {
    "72": 1.7999999999999998,
    "73": 0.33,
    "71": 0.33,
    "74": 0.15,
    "70": 0.15
  },
  "ranked_lines": [
    [
      72,
      1.7999999999999998
    ],
    [
      73,
      0.33
    ],
    [
      71,
      0.33
    ],
    [
      74,
      0.15
    ],
    [
      70,
      0.15
    ]
  ],
  "fault_line_pred": 72
}