{
  "n_passing": 8,
  "n_failing": 2,
  "constraint_scores": {
    "C1": {
      "ef": 1,
      "ep": 0,
      "nf": 1,
      "np": 8,
      "ochiai": 0.7071067811865475,
      "tarantula": 1.0
    },
    "C2": {
      "ef": 0,
      "ep": 0,
      "nf": 2,
      "np": 8,
      "ochiai": 0.0,
      "tarantula": 0.0
    },
    "C3": {
      "ef": 1,
      "ep": 0,
      "nf": 1,
      "np": 8,
      "ochiai": 0.7071067811865475,
      "tarantula": 1.0
    }
  },
  "ranked_constraints": [
    [
      "C1",
      0.7071067811865475
    ],
    [
      "C3",
      0.7071067811865475
    ],
    [
      "C2",
      0.0
    ]
  ],
  "line_scores": {
    "69": 1.9071067811865474,
    "70": 0.23334523779156066,
    "68": 0.23334523779156066,
    "71": 0.10606601717798211,
    "67": 0.10606601717798211,
    "62": 0.7071067811865475,
    "63": 0.7071067811865475,
    "65": 0.7071067811865475
  },
  "ranked_lines": [
    [
      69,
      1.9071067811865474
    ],
    [
      62,
      0.7071067811865475
    ],
    [
      63,
      0.7071067811865475
    ],
    [
      65,
      0.7071067811865475
    ],
    [
      70,
      0.23334523779156066
    ],
    [
      68,
      0.23334523779156066
    ],
    [
      71,
      0.10606601717798211
    ],
    [
      67,
      0.10606601717798211
    ]
  ],
  "fault_line_pred": 69
}