{
  "n_passing": 6,
  "n_failing": 4,
  "constraint_scores": {
    "C1": {
      "ef": 0,
      "ep": 1,
      "nf": 4,
      "np": 5,
      "ochiai": 0.0,
      "tarantula": 0.0
    },
    "C2": {
      "ef": 0,
      "ep": 1,
      "nf": 4,
      "np": 5,
      "ochiai": 0.0,
      "tarantula": 0.0
    },
    "C3": {
      "ef": 4,
      "ep": 2,
      "nf": 0,
      "np": 4,
      "ochiai": 0.8164965809277261,
      "tarantula": 0.75
    }
  },
  "ranked_constraints": [
    [
      "C3",
      0.8164965809277261
    ],
    [
      "C1",
      0.0
    ],
    [
      "C2",
      0.0
    ]
  ],
  "line_scores": {
    "63": 0.8164965809277261,
    "68": 0.8164965809277261,
    "61": 1.2
  },
  "ranked_lines": [
    [
      61,
      1.2
    ],
    [
      63,
      0.8164965809277261
    ],
    [
      68,
      0.8164965809277261
    ]
  ],
  "fault_line_pred": 61
}