{
  "n_passing": 5,
  "n_failing": 5,
  "constraint_scores": {
    "C1": {
      "ef": 1,
      "ep": 0,
      "nf": 4,
      "np": 5,
      "ochiai": 0.4472135954999579,
      "tarantula": 1.0
    },
    "C2": {
      "ef": 4,
      "ep": 0,
      "nf": 1,
      "np": 5,
      "ochiai": 0.8944271909999159,
      "tarantula": 1.0
    },
    "C3": {
      "ef": 1,
      "ep": 0,
      "nf": 4,
      "np": 5,
      "ochiai": 0.4472135954999579,
      "tarantula": 1.0
    },
    "C4": {
      "ef": 4,
      "ep": 0,
      "nf": 1,
      "np": 5,
      "ochiai": 0.8944271909999159,
      "tarantula": 1.0
    }
  },
  "ranked_constraints": [
    [
      "C2",
      0.8944271909999159
    ],
    [
      "C4",
      0.8944271909999159
    ],
    [
      "C1",
      0.4472135954999579
    ],
    [
      "C3",
      0.4472135954999579
    ]
  ],
  "line_scores": {
    "74": 1.6472135954999578,
    "75": 0.14758048651498612,
    "73": 0.29516097302997224,
    "76": 0.06708203932499368,
    "72": 0.5366563145999494,
    "71": 0.29516097302997224,
    "70": 0.13416407864998736,
    "77": 0.2683281572999747
  },
  "ranked_lines": [
    [
      74,
      1.6472135954999578
    ],
    [
      72,
      0.5366563145999494
    ],
    [
      73,
      0.29516097302997224
    ],
    [
      71,
      0.29516097302997224
    ],
    [
      77,
      0.2683281572999747
    ],
    [
      75,
      0.14758048651498612
    ],
    [
      70,
      0.13416407864998736
    ],
    [
      76,
      0.06708203932499368
    ]
  ],
  "fault_line_pred": 74
}