{
  "n_passing": 6,
  "n_failing": 4,
  "constraint_scores": {
    "C1": {
      "ef": 3,
      "ep": 5,
      "nf": 1,
      "np": 1,
      "ochiai": 0.5303300858899106,
      "tarantula": 0.47368421052631576
    },
    "C2": {
      "ef": 0,
      "ep": 0,
      "nf": 4,
      "np": 6,
      "ochiai": 0.0,
      "tarantula": 0.0
    },
    "C3": {
      "ef": 0,
      "ep": 0,
      "nf": 4,
      "np": 6,
      "ochiai": 0.0,
      "tarantula": 0.0
    }
  },
  "ranked_constraints": [
    [
      "C1",
      0.5303300858899106
    ],
    [
      "C2",
      0.0
    ],
    [
      "C3",
      0.0
    ]
  ],
  "line_scores": {
    "69": 1.5181980515339464,
    "70": 0.17500892834367052,
    "68": 0.17500892834367052,
    "71": 0.07954951288348659,
    "67": 0.07954951288348659
  },
  "ranked_lines": [
    [
      69,
      1.5181980515339464
    ],
    [
      70,
      0.17500892834367052
    ],
    [
      68,
      0.17500892834367052
    ],
    [
      71,
      0.07954951288348659
    ],
    [
      67,
      0.07954951288348659
    ]
  ],
  "fault_line_pred": 69
}