{
  "n_passing": 5,
  "n_failing": 5,
  "constraint_scores": {
    "C1": {
      "ef": 1,
      "ep": 0,
      "nf": 4,
      "np": 5,
      "ochiai": 0.4472135954999579,
      "tarantula": 1.0
    },
    "C2": {
      "ef": 1,
      "ep": 0,
      "nf": 4,
      "np": 5,
      "ochiai": 0.4472135954999579,
      "tarantula": 1.0
    },
    "C3": {
      "ef": 4,
      "ep": 0,
      "nf": 1,
      "np": 5,
      "ochiai": 0.8944271909999159,
      "tarantula": 1.0
    },
    "C4": {
      "ef": 0,
      "ep": 0,
      "nf": 5,
      "np": 5,
      "ochiai": 0.0,
      "tarantula": 0.0
    }
  },
  "ranked_constraints": [
    [
      "C3",
      0.8944271909999159
    ],
    [
      "C1",
      0.4472135954999579
    ],
    [
      "C2",
      0.4472135954999579
    ],
    [
      "C4",
      0.0
    ]
  ],
  "line_scores": {
    "76": 1.6472135954999578,
    "77": 0.14758048651498612,
    "75": 0.29516097302997224,
    "78": 0.06708203932499368,
    "74": 0.5366563145999494,
    "73": 0.29516097302997224,
    "72": 0.13416407864998736
  },
  "ranked_lines": [
    [
      76,
      1.6472135954999578
    ],
    [
      74,
      0.5366563145999494
    ],
    [
      75,
      0.29516097302997224
    ],
    [
      73,
      0.29516097302997224
    ],
    [
      77,
      0.14758048651498612
    ],
    [
      72,
      0.13416407864998736
    ],
    [
      78,
      0.06708203932499368
    ]
  ],
  "fault_line_pred": 76
}