{
  "n_passing": 4,
  "n_failing": 4,
  "constraint_scores": {
    "C1": {
      "ef": 0,
      "ep": 1,
      "nf": 4,
      "np": 3,
      "ochiai": 0.0,
      "tarantula": 0.0
    },
    "C2": {
      "ef": 4,
      "ep": 0,
      "nf": 0,
      "np": 4,
      "ochiai": 1.0,
      "tarantula": 1.0
    },
    "C3": {
      "ef": 4,
      "ep": 1,
      "nf": 0,
      "np": 3,
      "ochiai": 0.8944271909999159,
      "tarantula": 0.8
    },
    "C4": {
      "ef": 0,
      "ep": 0,
      "nf": 4,
      "np": 4,
      "ochiai": 0.0,
      "tarantula": 0.0
    }
  },
  "ranked_constraints": [
    [
      "C2",
      1.0
    ],
    [
      "C3",
      0.8944271909999159
    ],
    [
      "C1",
      0.0
    ],
    [
      "C4",
      0.0
    ]
  ],
  "line_scores": {
    "68": 0.9,
    "73": 0.8944271909999159,
    "65": 1.2
  },
  "ranked_lines": [
    [
      65,
      1.2
    ],
    [
      68,
      0.9
    ],
    [
      73,
      0.8944271909999159
    ]
  ],
  "fault_line_pred": 65
}