{
  "n_passing": 6,
  "n_failing": 4,
  "constraint_scores": {
    "C1": {
      "ef": 0,
      "ep": 0,
      "nf": 4,
      "np": 6,
      "ochiai": 0.0,
      "tarantula": 0.0
    },
    "C2": {
      "ef": 0,
      "ep": 0,
      "nf": 4,
      "np": 6,
      "ochiai": 0.0,
      "tarantula": 0.0
    },
    "C3": {
      "ef": 4,
      "ep": 6,
      "nf": 0,
      "np": 0,
      "ochiai": 0.6324555320336759,
      "tarantula": 0.5
    },
    "C4": {
      "ef": 4,
      "ep": 5,
      "nf": 0,
      "np": 1,
      "ochiai": 0.6666666666666666,
      "tarantula": 0.5454545454545454
    }
  },
  "ranked_constraints": [
    [
      "C4",
      0.6666666666666666
    ],
    [
      "C3",
      0.6324555320336759
    ],
    [
      "C1",
      0.0
    ],
    [
      "C2",
      0.0
    ]
  ],
  "line_scores": {
    "66": 0.6324555320336759,
    "71": 0.19999999999999998,
    "72": 0.19999999999999998,
    "70": 1.2
  },
  "ranked_lines": [
    [
      70,
      1.2
    ],
    [
      66,
      0.6324555320336759
    ],
    [
      71,
      0.19999999999999998
    ],
    [
      72,
      0.19999999999999998
    ]
  ],
  "fault_line_pred": 70
}