{
  "n_passing": 8,
  "n_failing": 2,
  "constraint_scores": {
    "C1": {
      "ef": 0,
      "ep": 1,
      "nf": 2,
      "np": 7,
      "ochiai": 0.0,
      "tarantula": 0.0
    },
    "C2": {
      "ef": 0,
      "ep": 1,
      "nf": 2,
      "np": 7,
      "ochiai": 0.0,
      "tarantula": 0.0
    },
    "C3": {
      "ef": 1,
      "ep": 0,
      "nf": 1,
      "np": 8,
      "ochiai": 0.7071067811865475,
      "tarantula": 1.0
    },
    "C4": {
      "ef": 1,
      "ep": 0,
      "nf": 1,
      "np": 8,
      "ochiai": 0.7071067811865475,
      "tarantula": 1.0
    }
  },
  "ranked_constraints": [
    [
      "C3",
      0.7071067811865475
    ],
    [
      "C4",
      0.7071067811865475
    ],
    [
      "C1",
      0.0
    ],
    [
      "C2",
      0.0
    ]
  ],
  "line_scores": {
    "64": 0.6363961030678927,
    "68": 1.4121320343559642
  },
  "ranked_lines": [
    [
      68,
      1.4121320343559642
    ],
    [
      64,
      0.6363961030678927
    ]
  ],
  "fault_line_pred": 68
}