{
  "n_passing": 4,
  "n_failing": 6,
  "constraint_scores": {
    "C1": {
      "ef": 0,
      "ep": 1,
      "nf": 6,
      "np": 3,
      "ochiai": 0.0,
      "tarantula": 0.0
    },
    "C2": {
      "ef": 0,
      "ep": 0,
      "nf": 6,
      "np": 4,
      "ochiai": 0.0,
      "tarantula": 0.0
    },
    "C3": {
      "ef": 6,
      "ep": 3,
      "nf": 0,
      "np": 1,
      "ochiai": 0.816496580927726,
      "tarantula": 0.5714285714285714
    },
    "C4": {
      "ef": 0,
      "ep": 0,
      "nf": 6,
      "np": 4,
      "ochiai": 0.0,
      "tarantula": 0.0
    }
  },
  "ranked_constraints": [
    [
      "C3",
      0.816496580927726
    ],
    [
      "C1",
      0.0
    ],
    [
      "C2",
      0.0
    ],
    [
      "C4",
      0.0
    ]
  ],
  "line_scores": {
    "64": 0.816496580927726,
    "67": 1.2
  },
  "ranked_lines": [
    [
      67,
      1.2
    ],
    [
      64,
      0.816496580927726
    ]
  ],
  "fault_line_pred": 67
}