{
  "n_passing": 6,
  "n_failing": 4,
  "constraint_scores": {
    "C1": {
      "ef": 0,
      "ep": 0,
      "nf": 4,
      "np": 6,
      "ochiai": 0.0,
      "tarantula": 0.0
    },
    "C2": {
      "ef": 0,
      "ep": 0,
      "nf": 4,
      "np": 6,
      "ochiai": 0.0,
      "tarantula": 0.0
    },
    "C3": {
      "ef": 3,
      "ep": 0,
      "nf": 1,
      "np": 6,
      "ochiai": 0.8660254037844387,
      "tarantula": 1.0
    },
    "C4": {
      "ef": 0,
      "ep": 0,
      "nf": 4,
      "np": 6,
      "ochiai": 0.0,
      "tarantula": 0.0
    }
  },
  "ranked_constraints": [
    [
      "C3",
      0.8660254037844387
    ],
    [
      "C1",
      0.0
    ],
    [
      "C2",
      0.0
    ],
    [
      "C4",
      0.0
    ]
  ],
  "line_scores": {
    "64": 0.8660254037844387,
    "69": 2.0660254037844386,
    "71": 0.8660254037844387
  },
  "ranked_lines": [
    [
      69,
      2.0660254037844386
    ],
    [
      64,
      0.8660254037844387
    ],
    [
      71,
      0.8660254037844387
    ]
  ],
  "fault_line_pred": 69
}