{
  "n_passing": 6,
  "n_failing": 4,
  "constraint_scores": {
    "C1": {
      "ef": 4,
      "ep": 0,
      "nf": 0,
      "np": 6,
      "ochiai": 1.0,
      "tarantula": 1.0
    },
    "C2": {
      "ef": 1,
      "ep": 0,
      "nf": 3,
      "np": 6,
      "ochiai": 0.5,
      "tarantula": 1.0
    },
    "C3": {
      "ef": 4,
      "ep": 3,
      "nf": 0,
      "np": 3,
      "ochiai": 0.7559289460184544,
      "tarantula": 0.6666666666666666
    },
    "C4": {
      "ef": 0,
      "ep": 0,
      "nf": 4,
      "np": 6,
      "ochiai": 0.0,
      "tarantula": 0.0
    }
  },
  "ranked_constraints": [
    [
      "C1",
      1.0
    ],
    [
      "C3",
      0.7559289460184544
    ],
    [
      "C2",
      0.5
    ],
    [
      "C4",
      0.0
    ]
  ],
  "line_scores": {
    "73": 1.7999999999999998,
    "74": 0.33,
    "72": 0.33,
    "75": 0.15,
    "71": 0.680336051416609,
    "68": 0.5
  },
  "ranked_lines": [
    [
      73,
      1.7999999999999998
    ],
    [
      71,
      0.680336051416609
    ],
    [
      68,
      0.5
    ],
    [
      74,
      0.33
    ],
    [
      72,
      0.33
    ],
    [
      75,
      0.15
    ]
  ],
  "fault_line_pred": 73
}