{
  "n_passing": 8,
  "n_failing": 2,
  "constraint_scores": {
    "C1": {
      "ef": 2,
      "ep": 6,
      "nf": 0,
      "np": 2,
      "ochiai": 0.5,
      "tarantula": 0.5714285714285714
    },
    "C2": {
      "ef": 2,
      "ep": 6,
      "nf": 0,
      "np": 2,
      "ochiai": 0.5,
      "tarantula": 0.5714285714285714
    },
    "C3": {
      "ef": 2,
      "ep": 6,
      "nf": 0,
      "np": 2,
      "ochiai": 0.5,
      "tarantula": 0.5714285714285714
    },
    "C4": {
      "ef": 2,
      "ep": 6,
      "nf": 0,
      "np": 2,
      "ochiai": 0.5,
      "tarantula": 0.5714285714285714
    }
  },
  "ranked_constraints": [
    [
      "C1",
      0.5
    ],
    [
      "C2",
      0.5
    ],
    [
      "C3",
      0.5
    ],
    [
      "C4",
      0.5
    ]
  ],
  "line_scores": {
    "74": 1.7,
    "75": 0.5,
    "73": 0.5,
    "76": 0.075,
    "72": 0.075,
    "69": 0.5,
    "71": 0.5,
    "67": 0.15
  },
  "ranked_lines": [
    [
      74,
      1.7
    ],
    [
      75,
      0.5
    ],
    [
      73,
      0.5
    ],
    [
      69,
      0.5
    ],
    [
      71,
      0.5
    ],
    [
      67,
      0.15
    ],
    [
      76,
      0.075
    ],
    [
      72,
      0.075
    ]
  ],
  "fault_line_pred": 74
}