{
  "n_passing": 8,
  "n_failing": 2,
  "constraint_scores": {
    "C1": {
      "ef": 1,
      "ep": 0,
      "nf": 1,
      "np": 8,
      "ochiai": 0.7071067811865475,
      "tarantula": 1.0
    },
    "C2": {
      "ef": 1,
      "ep": 1,
      "nf": 1,
      "np": 7,
      "ochiai": 0.5,
      "tarantula": 0.8
    },
    "C3": {
      "ef": 0,
      "ep": 0,
      "nf": 2,
      "np": 8,
      "ochiai": 0.0,
      "tarantula": 0.0
    },
    "C4": {
      "ef": 0,
      "ep": 0,
      "nf": 2,
      "np": 8,
      "ochiai": 0.0,
      "tarantula": 0.0
    }
  },
  "ranked_constraints": [
    [
      "C1",
      0.7071067811865475
    ],
    [
      "C2",
      0.5
    ],
    [
      "C3",
      0.0
    ],
    [
      "C4",
      0.0
    ]
  ],
  "line_scores": {
    "59": 1.6242640687119283,
    "60": 0.23334523779156066,
    "58": 0.23334523779156066,
    "61": 0.10606601717798211,
    "57": 0.45
  },
  "ranked_lines": [
    [
      59,
      1.6242640687119283
    ],
    [
      57,
      0.45
    ],
    [
      60,
      0.23334523779156066
    ],
    [
      58,
      0.23334523779156066
    ],
    [
      61,
      0.10606601717798211
    ]
  ],
  "fault_line_pred": 59
}