{
  "n_passing": 6,
  "n_failing": 4,
  "constraint_scores": {
    "C1": {
      "ef": 0,
      "ep": 0,
      "nf": 4,
      "np": 6,
      "ochiai": 0.0,
      "tarantula": 0.0
    },
    "C2": {
      "ef": 4,
      "ep": 2,
      "nf": 0,
      "np": 4,
      "ochiai": 0.8164965809277261,
      "tarantula": 0.75
    },
    "C3": {
      "ef": 0,
      "ep": 0,
      "nf": 4,
      "np": 6,
      "ochiai": 0.0,
      "tarantula": 0.0
    },
    "C4": {
      "ef": 3,
      "ep": 2,
      "nf": 1,
      "np": 4,
      "ochiai": 0.6708203932499369,
      "tarantula": 0.6923076923076924
    }
  },
  "ranked_constraints": [
    [
      "C2",
      0.8164965809277261
    ],
    [
      "C4",
      0.6708203932499369
    ],
    [
      "C1",
      0.0
    ],
    [
      "C3",
      0.0
    ]
  ],
  "line_scores": {
    "64": 0.7348469228349536,
    "66": 1.401246117974981
  },
  "ranked_lines": [
    [
      66,
      1.401246117974981
    ],
    [
      64,
      0.7348469228349536
    ]
  ],
  "fault_line_pred": 66
}