{
  "n_passing": 6,
  "n_failing": 4,
  "constraint_scores": {
    "C1": {
      "ef": 0,
      "ep": 1,
      "nf": 4,
      "np": 5,
      "ochiai": 0.0,
      "tarantula": 0.0
    },
    "C2": {
      "ef": 0,
      "ep": 1,
      "nf": 4,
      "np": 5,
      "ochiai": 0.0,
      "tarantula": 0.0
    },
    "C3": {
      "ef": 0,
      "ep": 0,
      "nf": 4,
      "np": 6,
      "ochiai": 0.0,
      "tarantula": 0.0
    },
    "C4": {
      "ef": 4,
      "ep": 3,
      "nf": 0,
      "np": 3,
      "ochiai": 0.7559289460184544,
      "tarantula": 0.6666666666666666
    }
  },
  "ranked_constraints": [
    [
      "C4",
      0.7559289460184544
    ],
    [
      "C1",
      0.0
    ],
    [
      "C2",
      0.0
    ],
    [
      "C3",
      0.0
    ]
  ],
  "line_scores": {
    "70": 1.4267786838055363
  },
  "ranked_lines": [
    [
      70,
      1.4267786838055363
    ]
  ],
  "fault_line_pred": 70
}