{
  "n_passing": 7,
  "n_failing": 3,
  "constraint_scores": {
    "C1": {
      "ef": 2,
      "ep": 1,
      "nf": 1,
      "np": 6,
      "ochiai": 0.6666666666666666,
      "tarantula": 0.8235294117647058
    },
    "C2": {
      "ef": 2,
      "ep": 1,
      "nf": 1,
      "np": 6,
      "ochiai": 0.6666666666666666,
      "tarantula": 0.8235294117647058
    },
    "C3": {
      "ef": 2,
      "ep": 0,
      "nf": 1,
      "np": 7,
      "ochiai": 0.8164965809277261,
      "tarantula": 1.0
    },
    "C4": {
      "ef": 1,
      "ep": 0,
      "nf": 2,
      "np": 7,
      "ochiai": 0.5773502691896258,
      "tarantula": 1.0
    }
  },
  "ranked_constraints": [
    [
      "C3",
      0.8164965809277261
    ],
    [
      "C1",
      0.6666666666666666
    ],
    [
      "C2",
      0.6666666666666666
    ],
    [
      "C4",
      0.5773502691896258
    ]
  ],
  "line_scores": {
    "64": 2.016496580927726,
    "65": 0.22,
    "63": 0.22,
    "66": 0.09999999999999999,
    "62": 0.6666666666666666
  },
  "ranked_lines": [
    [
      64,
      2.016496580927726
    ],
    [
      62,
      0.6666666666666666
    ],
    [
      65,
      0.22
    ],
    [
      63,
      0.22
    ],
    [
      66,
      0.09999999999999999
    ]
  ],
  "fault_line_pred": 64
}