{
  "n_passing": 6,
  "n_failing": 4,
  "constraint_scores": {
    "C1": {
      "ef": 4,
      "ep": 0,
      "nf": 0,
      "np": 6,
      "ochiai": 1.0,
      "tarantula": 1.0
    },
    "C2": {
      "ef": 1,
      "ep": 0,
      "nf": 3,
      "np": 6,
      "ochiai": 0.5,
      "tarantula": 1.0
    },
    "C3": {
      "ef": 4,
      "ep": 5,
      "nf": 0,
      "np": 1,
      "ochiai": 0.6666666666666666,
      "tarantula": 0.5454545454545454
    },
    "C4": {
      "ef": 0,
      "ep": 0,
      "nf": 4,
      "np": 6,
      "ochiai": 0.0,
      "tarantula": 0.0
    }
  },
  "ranked_constraints": [
    [
      "C1",
      1.0
    ],
    [
      "C3",
      0.6666666666666666
    ],
    [
      "C2",
      0.5
    ],
    [
      "C4",
      0.0
    ]
  ],
  "line_scores": {
    "60": 1.8666666666666667,
    "61": 0.33,
    "59": 0.33,
    "62": 0.15,
    "58": 0.5
  },
  "ranked_lines": [
    [
      60,
      1.8666666666666667
    ],
    [
      58,
      0.5
    ],
    [
      61,
      0.33
    ],
    [
      59,
      0.33
    ],
    [
      62,
      0.15
    ]
  ],
  "fault_line_pred": 60
}