{
  "n_passing": 6,
  "n_failing": 4,
  "constraint_scores": {
    "C1": {
      "ef": 4,
      "ep": 1,
      "nf": 0,
      "np": 5,
      "ochiai": 0.8944271909999159,
      "tarantula": 0.8571428571428571
    },
    "C2": {
      "ef": 3,
      "ep": 1,
      "nf": 1,
      "np": 5,
      "ochiai": 0.75,
      "tarantula": 0.8181818181818182
    },
    "C3": {
      "ef": 0,
      "ep": 0,
      "nf": 4,
      "np": 6,
      "ochiai": 0.0,
      "tarantula": 0.0
    },
    "C4": {
      "ef": 0,
      "ep": 0,
      "nf": 4,
      "np": 6,
      "ochiai": 0.0,
      "tarantula": 0.0
    }
  },
  "ranked_constraints": [
    [
      "C1",
      0.8944271909999159
    ],
    [
      "C2",
      0.75
    ],
    [
      "C3",
      0.0
    ],
    [
      "C4",
      0.0
    ]
  ],
  "line_scores": {
    "66": 1.95,
    "67": 0.29516097302997224,
    "65": 0.29516097302997224,
    "68": 0.13416407864998736,
    "64": 0.13416407864998736
  },
  "ranked_lines": [
    [
      66,
      1.95
    ],
    [
      67,
      0.29516097302997224
    ],
    [
      65,
      0.29516097302997224
    ],
    [
      68,
      0.13416407864998736
    ],
    [
      64,
      0.13416407864998736
    ]
  ],
  "fault_line_pred": 66
}