{
  "n_passing": 6,
  "n_failing": 4,
  "constraint_scores": {
    "C1": {
      "ef": 1,
      "ep": 0,
      "nf": 3,
      "np": 6,
      "ochiai": 0.5,
      "tarantula": 1.0
    },
    "C2": {
      "ef": 0,
      "ep": 0,
      "nf": 4,
      "np": 6,
      "ochiai": 0.0,
      "tarantula": 0.0
    },
    "C3": {
      "ef": 0,
      "ep": 0,
      "nf": 4,
      "np": 6,
      "ochiai": 0.0,
      "tarantula": 0.0
    },
    "C4": {
      "ef": 3,
      "ep": 0,
      "nf": 1,
      "np": 6,
      "ochiai": 0.8660254037844387,
      "tarantula": 1.0
    }
  },
  "ranked_constraints": [
    [
      "C4",
      0.8660254037844387
    ],
    [
      "C1",
      0.5
    ],
    [
      "C2",
      0.0
    ],
    [
      "C3",
      0.0
    ]
  ],
  "line_scores": {
    "70": 1.5,
    "71": 0.2598076211353316,
    "69": 0.165,
    "72": 0.2598076211353316,
    "68": 0.075
  },
  "ranked_lines": [
    [
      70,
      1.5
    ],
    [
      71,
      0.2598076211353316
    ],
    [
      72,
      0.2598076211353316
    ],
    [
      69,
      0.165
    ],
    [
      68,
      0.075
    ]
  ],
  "fault_line_pred": 70
}