{
  "n_passing": 10,
  "n_failing": 2,
  "constraint_scores": {
    "C1": {
      "ef": 0,
      "ep": 0,
      "nf": 2,
      "np": 10,
      "ochiai": 0.0,
      "tarantula": 0.0
    },
    "C2": {
      "ef": 1,
      "ep": 0,
      "nf": 1,
      "np": 10,
      "ochiai": 0.7071067811865475,
      "tarantula": 1.0
    },
    "C3": {
      "ef": 1,
      "ep": 0,
      "nf": 1,
      "np": 10,
      "ochiai": 0.7071067811865475,
      "tarantula": 1.0
    },
    "C4": {
      "ef": 2,
      "ep": 8,
      "nf": 0,
      "np": 2,
      "ochiai": 0.4472135954999579,
      "tarantula": 0.5555555555555556
    }
  },
  "ranked_constraints": [
    [
      "C2",
      0.7071067811865475
    ],
    [
      "C3",
      0.7071067811865475
    ],
    [
      "C4",
      0.4472135954999579
    ],
    [
      "C1",
      0.0
    ]
  ],
  "line_scores": {
    "58": 0.6363961030678927,
    "55": 0.7071067811865475,
    "60": 1.3341640786499873
  },
  "ranked_lines": [
    [
      60,
      1.3341640786499873
    ],
    [
      55,
      0.7071067811865475
    ],
    [
      58,
      0.6363961030678927
    ]
  ],
  "fault_line_pred": 60
}