{
  "n_passing": 7,
  "n_failing": 3,
  "constraint_scores": {
    "C1": {
      "ef": 0,
      "ep": 1,
      "nf": 3,
      "np": 6,
      "ochiai": 0.0,
      "tarantula": 0.0
    },
    "C2": {
      "ef": 0,
      "ep": 1,
      "nf": 3,
      "np": 6,
      "ochiai": 0.0,
      "tarantula": 0.0
    },
    "C3": {
      "ef": 3,
      "ep": 1,
      "nf": 0,
      "np": 6,
      "ochiai": 0.8660254037844387,
      "tarantula": 0.875
    },
    "C4": {
      "ef": 0,
      "ep": 0,
      "nf": 3,
      "np": 7,
      "ochiai": 0.0,
      "tarantula": 0.0
    }
  },
  "ranked_constraints": [
    [
      "C3",
      0.8660254037844387
    ],
    [
      "C1",
      0.0
    ],
    [
      "C2",
      0.0
    ],
    [
      "C4",
      0.0
    ]
  ],
  "line_scores": {
    "64": 0.8660254037844387,
    "68": 0.8660254037844387,
    "62": 1.2
  },
  "ranked_lines": [
    [
      62,
      1.2
    ],
    [
      64,
      0.8660254037844387
    ],
    [
      68,
      0.8660254037844387
    ]
  ],
  "fault_line_pred": 62
}