{
  "n_passing": 6,
  "n_failing": 4,
  "constraint_scores": {
    "C1": {
      "ef": 0,
      "ep": 1,
      "nf": 4,
      "np": 5,
      "ochiai": 0.0,
      "tarantula": 0.0
    },
    "C2": {
      "ef": 0,
      "ep": 0,
      "nf": 4,
      "np": 6,
      "ochiai": 0.0,
      "tarantula": 0.0
    },
    "C3": {
      "ef": 0,
      "ep": 0,
      "nf": 4,
      "np": 6,
      "ochiai": 0.0,
      "tarantula": 0.0
    },
    "C4": {
      "ef": 4,
      "ep": 1,
      "nf": 0,
      "np": 5,
      "ochiai": 0.8944271909999159,
      "tarantula": 0.8571428571428571
    }
  },
  "ranked_constraints": [
    [
      "C4",
      0.8944271909999159
    ],
    [
      "C1",
      0.0
    ],
    [
      "C2",
      0.0
    ],
    [
      "C3",
      0.0
    ]
  ],
  "line_scores": {
    "65": 1.4683281572999747
  },
  "ranked_lines": [
    [
      65,
      1.4683281572999747
    ]
  ],
  "fault_line_pred": 65
}