{
  "n_passing": 10,
  "n_failing": 2,
  "constraint_scores": {
    "C1": {
      "ef": 0,
      "ep": 1,
      "nf": 2,
      "np": 9,
      "ochiai": 0.0,
      "tarantula": 0.0
    },
    "C2": {
      "ef": 1,
      "ep": 0,
      "nf": 1,
      "np": 10,
      "ochiai": 0.7071067811865475,
      "tarantula": 1.0
    },
    "C3": {
      "ef": 0,
      "ep": 0,
      "nf": 2,
      "np": 10,
      "ochiai": 0.0,
      "tarantula": 0.0
    },
    "C4": {
      "ef": 0,
      "ep": 0,
      "nf": 2,
      "np": 10,
      "ochiai": 0.0,
      "tarantula": 0.0
    }
  },
  "ranked_constraints": [
    [
      "C2",
      0.7071067811865475
    ],
    [
      "C1",
      0.0
    ],
    [
      "C3",
      0.0
    ],
    [
      "C4",
      0.0
    ]
  ],
  "line_scores": {
    "65": 0.7071067811865475,
    "66": 0.7071067811865475,
    "68": 1.9071067811865474
  },
  "ranked_lines": [
    [
      68,
      1.9071067811865474
    ],
    [
      65,
      0.7071067811865475
    ],
    [
      66,
      0.7071067811865475
    ]
  ],
  "fault_line_pred": 68
}