{
  "n_passing": 7,
  "n_failing": 4,
  "constraint_scores": {
    "C1": {
      "ef": 3,
      "ep": 1,
      "nf": 1,
      "np": 6,
      "ochiai": 0.75,
      "tarantula": 0.8400000000000001
    },
    "C2": {
      "ef": 3,
      "ep": 1,
      "nf": 1,
      "np": 6,
      "ochiai": 0.75,
      "tarantula": 0.8400000000000001
    },
    "C3": {
      "ef": 3,
      "ep": 0,
      "nf": 1,
      "np": 7,
      "ochiai": 0.8660254037844387,
      "tarantula": 1.0
    },
    "C4": {
      "ef": 0,
      "ep": 0,
      "nf": 4,
      "np": 7,
      "ochiai": 0.0,
      "tarantula": 0.0
    }
  },
  "ranked_constraints": [
    [
      "C3",
      0.8660254037844387
    ],
    [
      "C1",
      0.75
    ],
    [
      "C2",
      0.75
    ],
    [
      "C4",
      0.0
    ]
  ],
  "line_scores": {
    "64": 1.95,
    "65": 0.2475,
    "63": 0.2475,
    "66": 0.11249999999999999,
    "62": 0.7794228634059949,
    "60": 0.75
  },
  "ranked_lines": [
    [
      64,
      1.95
    ],
    [
      62,
      0.7794228634059949
    ],
    [
      60,
      0.75
    ],
    [
      65,
      0.2475
    ],
    [
      63,
      0.2475
    ],
    [
      66,
      0.11249999999999999
    ]
  ],
  "fault_line_pred": 64
}