{
  "n_passing": 5,
  "n_failing": 5,
  "constraint_scores": {
    "C1": {
      "ef": 5,
      "ep": 0,
      "nf": 0,
      "np": 5,
      "ochiai": 1.0,
      "tarantula": 1.0
    },
    "C2": {
      "ef": 1,
      "ep": 0,
      "nf": 4,
      "np": 5,
      "ochiai": 0.4472135954999579,
      "tarantula": 1.0
    },
    "C3": {
      "ef": 5,
      "ep": 3,
      "nf": 0,
      "np": 2,
      "ochiai": 0.7905694150420948,
      "tarantula": 0.625
    },
    "C4": {
      "ef": 0,
      "ep": 0,
      "nf": 5,
      "np": 5,
      "ochiai": 0.0,
      "tarantula": 0.0
    }
  },
  "ranked_constraints": [
    [
      "C1",
      1.0
    ],
    [
      "C3",
      0.7905694150420948
    ],
    [
      "C2",
      0.4472135954999579
    ],
    [
      "C4",
      0.0
    ]
  ],
  "line_scores": {
    "67": 1.7999999999999998,
    "68": 0.33,
    "66": 0.33,
    "69": 0.15,
    "65": 0.4472135954999579,
    "64": 0.4472135954999579,
    "57": 0.7905694150420948
  },
  "ranked_lines": [
    [
      67,
      1.7999999999999998
    ],
    [
      57,
      0.7905694150420948
    ],
    [
      65,
      0.4472135954999579
    ],
    [
      64,
      0.4472135954999579
    ],
    [
      68,
      0.33
    ],
    [
      66,
      0.33
    ],
    [
      69,
      0.15
    ]
  ],
  "fault_line_pred": 67
}