{
  "n_passing": 4,
  "n_failing": 6,
  "constraint_scores": {
    "C1": {
      "ef": 5,
      "ep": 0,
      "nf": 1,
      "np": 4,
      "ochiai": 0.9128709291752769,
      "tarantula": 1.0
    },
    "C2": {
      "ef": 5,
      "ep": 0,
      "nf": 1,
      "np": 4,
      "ochiai": 0.9128709291752769,
      "tarantula": 1.0
    },
    "C3": {
      "ef": 1,
      "ep": 0,
      "nf": 5,
      "np": 4,
      "ochiai": 0.4082482904638631,
      "tarantula": 1.0
    },
    "C4": {
      "ef": 0,
      "ep": 0,
      "nf": 6,
      "np": 4,
      "ochiai": 0.0,
      "tarantula": 0.0
    }
  },
  "ranked_constraints": [
    [
      "C1",
      0.9128709291752769
    ],
    [
      "C2",
      0.9128709291752769
    ],
    [
      "C3",
      0.4082482904638631
    ],
    [
      "C4",
      0.0
    ]
  ],
  "line_scores": {
    "74": 1.747722557505166,
    "75": 0.3012474066278414,
    "73": 0.9128709291752769,
    "76": 0.13693063937629152,
    "72": 0.24494897427831783,
    "71": 0.13472193585307482,
    "70": 0.06123724356957946
  },
  "ranked_lines": [
    [
      74,
      1.747722557505166
    ],
    [
      73,
      0.9128709291752769
    ],
    [
      75,
      0.3012474066278414
    ],
    [
      72,
      0.24494897427831783
    ],
    [
      76,
      0.13693063937629152
    ],
    [
      71,
      0.13472193585307482
    ],
    [
      70,
      0.06123724356957946
    ]
  ],
  "fault_line_pred": 74
}