{
  "n_passing": 4,
  "n_failing": 6,
  "constraint_scores": {
    "C1": {
      "ef": 1,
      "ep": 0,
      "nf": 5,
      "np": 4,
      "ochiai": 0.4082482904638631,
      "tarantula": 1.0
    },
    "C2": {
      "ef": 5,
      "ep": 0,
      "nf": 1,
      "np": 4,
      "ochiai": 0.9128709291752769,
      "tarantula": 1.0
    },
    "C3": {
      "ef": 1,
      "ep": 0,
      "nf": 5,
      "np": 4,
      "ochiai": 0.4082482904638631,
      "tarantula": 1.0
    }
  },
  "ranked_constraints": [
    [
      "C2",
      0.9128709291752769
    ],
    [
      "C1",
      0.4082482904638631
    ],
    [
      "C3",
      0.4082482904638631
    ]
  ],
  "line_scores": {
    "75": 1.608248290463863,
    "76": 0.13472193585307482,
    "74": 0.9128709291752769,
    "77": 0.4082482904638631,
    "73": 0.06123724356957946,
    "64": 0.4082482904638631,
    "65": 0.4082482904638631,
    "66": 0.4082482904638631,
    "71": 0.4082482904638631,
    "72": 0.4082482904638631
  },
  "ranked_lines": [
    [
      75,
      1.608248290463863
    ],
    [
      74,
      0.9128709291752769
    ],
    [
      77,
      0.4082482904638631
    ],
    [
      64,
      0.4082482904638631
    ],
    [
      65,
      0.4082482904638631
    ],
    [
      66,
      0.4082482904638631
    ],
    [
      71,
      0.4082482904638631
    ],
    [
      72,
      0.4082482904638631
    ],
    [
      76,
      0.13472193585307482
    ],
    [
      73,
      0.06123724356957946
    ]
  ],
  "fault_line_pred": 75
}