{
  "n_passing": 4,
  "n_failing": 6,
  "constraint_scores": {
    "C1": {
      "ef": 6,
      "ep": 1,
      "nf": 0,
      "np": 3,
      "ochiai": 0.9258200997725514,
      "tarantula": 0.8
    },
    "C2": {
      "ef": 5,
      "ep": 1,
      "nf": 1,
      "np": 3,
      "ochiai": 0.8333333333333334,
      "tarantula": 0.7692307692307692
    },
    "C3": {
      "ef": 6,
      "ep": 0,
      "nf": 0,
      "np": 4,
      "ochiai": 1.0,
      "tarantula": 1.0
    }
  },
  "ranked_constraints": [
    [
      "C3",
      1.0
    ],
    [
      "C1",
      0.9258200997725514
    ],
    [
      "C2",
      0.8333333333333334
    ]
  ],
  "line_scores": {
    "71": 2.2,
    "72": 0.30552063292494197,
    "70": 0.30552063292494197,
    "73": 0.1388730149658827,
    "69": 0.1388730149658827,
    "65": 0.8333333333333334,
    "67": 1.0
  },
  "ranked_lines": [
    [
      71,
      2.2
    ],
    [
      67,
      1.0
    ],
    [
      65,
      0.8333333333333334
    ],
    [
      72,
      0.30552063292494197
    ],
    [
      70,
      0.30552063292494197
    ],
    [
      73,
      0.1388730149658827
    ],
    [
      69,
      0.1388730149658827
    ]
  ],
  "fault_line_pred": 71
}