{
  "n_passing": 6,
  "n_failing": 4,
  "constraint_scores": {
    "C1": {
      "ef": 4,
      "ep": 3,
      "nf": 0,
      "np": 3,
      "ochiai": 0.7559289460184544,
      "tarantula": 0.6666666666666666
    },
    "C2": {
      "ef": 0,
      "ep": 0,
      "nf": 4,
      "np": 6,
      "ochiai": 0.0,
      "tarantula": 0.0
    },
    "C3": {
      "ef": 0,
      "ep": 0,
      "nf": 4,
      "np": 6,
      "ochiai": 0.0,
      "tarantula": 0.0
    },
    "C4": {
      "ef": 0,
      "ep": 0,
      "nf": 4,
      "np": 6,
      "ochiai": 0.0,
      "tarantula": 0.0
    }
  },
  "ranked_constraints": [
    [
      "C1",
      0.7559289460184544
    ],
    [
      "C2",
      0.0
    ],
    [
      "C3",
      0.0
    ],
    [
      "C4",
      0.0
    ]
  ],
  "line_scores": {
    "64": 1.6535573676110726,
    "65": 0.24945655218608997,
    "63": 0.24945655218608997,
    "66": 0.11338934190276816,
    "62": 0.11338934190276816
  },
  "ranked_lines": [
    [
      64,
      1.6535573676110726
    ],
    [
      65,
      0.24945655218608997
    ],
    [
      63,
      0.24945655218608997
    ],
    [
      66,
      0.11338934190276816
    ],
    [
      62,
      0.11338934190276816
    ]
  ],
  "fault_line_pred": 64
}