{
  "n_passing": 7,
  "n_failing": 3,
  "constraint_scores": {
    "C1": {
      "ef": 3,
      "ep": 5,
      "nf": 0,
      "np": 2,
      "ochiai": 0.6123724356957946,
      "tarantula": 0.5833333333333333
    },
    "C2": {
      "ef": 0,
      "ep": 0,
      "nf": 3,
      "np": 7,
      "ochiai": 0.0,
      "tarantula": 0.0
    },
    "C3": {
      "ef": 0,
      "ep": 0,
      "nf": 3,
      "np": 7,
      "ochiai": 0.0,
      "tarantula": 0.0
    }
  },
  "ranked_constraints": [
    [
      "C1",
      0.6123724356957946
    ],
    [
      "C2",
      0.0
    ],
    [
      "C3",
      0.0
    ]
  ],
  "line_scores": {
    "73": 1.5674234614174767,
    "74": 0.20208290377961222,
    "72": 0.20208290377961222,
    "75": 0.09185586535436918,
    "71": 0.09185586535436918
  },
  "ranked_lines": [
    [
      73,
      1.5674234614174767
    ],
    [
      74,
      0.20208290377961222
    ],
    [
      72,
      0.20208290377961222
    ],
    [
      75,
      0.09185586535436918
    ],
    [
      71,
      0.09185586535436918
    ]
  ],
  "fault_line_pred": 73
}