{
  "n_passing": 4,
  "n_failing": 6,
  "constraint_scores": {
    "C1": {
      "ef": 0,
      "ep": 1,
      "nf": 6,
      "np": 3,
      "ochiai": 0.0,
      "tarantula": 0.0
    },
    "C2": {
      "ef": 4,
      "ep": 0,
      "nf": 2,
      "np": 4,
      "ochiai": 0.8164965809277261,
      "tarantula": 1.0
    },
    "C3": {
      "ef": 2,
      "ep": 0,
      "nf": 4,
      "np": 4,
      "ochiai": 0.5773502691896258,
      "tarantula": 1.0
    }
  },
  "ranked_constraints": [
    [
      "C2",
      0.8164965809277261
    ],
    [
      "C3",
      0.5773502691896258
    ],
    [
      "C1",
      0.0
    ]
  ],
  "line_scores": {
    "70": 2.016496580927726
  },
  "ranked_lines": [
    [
      70,
      2.016496580927726
    ]
  ],
  "fault_line_pred": 70
}