{
  "n_passing": 5,
  "n_failing": 5,
  "constraint_scores": {
    "C1": {
      "ef": 0,
      "ep": 1,
      "nf": 5,
      "np": 4,
      "ochiai": 0.0,
      "tarantula": 0.0
    },
    "C2": {
      "ef": 5,
      "ep": 4,
      "nf": 0,
      "np": 1,
      "ochiai": 0.7453559924999299,
      "tarantula": 0.5555555555555556
    },
    "C3": {
      "ef": 0,
      "ep": 0,
      "nf": 5,
      "np": 5,
      "ochiai": 0.0,
      "tarantula": 0.0
    }
  },
  "ranked_constraints": [
    [
      "C2",
      0.7453559924999299
    ],
    [
      "C1",
      0.0
    ],
    [
      "C3",
      0.0
    ]
  ],
  "line_scores": {
    "63": 1.94535599249993
  },
  "ranked_lines": [
    [
      63,
      1.94535599249993
    ]
  ],
  "fault_line_pred": 63
}