{
  "n_passing": 5,
  "n_failing": 5,
  "constraint_scores": {
    "C1": {
      "ef": 0,
      "ep": 1,
      "nf": 5,
      "np": 4,
      "ochiai": 0.0,
      "tarantula": 0.0
    },
    "C2": {
      "ef": 4,
      "ep": 0,
      "nf": 1,
      "np": 5,
      "ochiai": 0.8944271909999159,
      "tarantula": 1.0
    },
    "C3": {
      "ef": 1,
      "ep": 1,
      "nf": 4,
      "np": 4,
      "ochiai": 0.31622776601683794,
      "tarantula": 0.5
    }
  },
  "ranked_constraints": [
    [
      "C2",
      0.8944271909999159
    ],
    [
      "C3",
      0.31622776601683794
    ],
    [
      "C1",
      0.0
    ]
  ],
  "line_scores": {
    "70": 2.094427190999916,
    "74": 0.8944271909999159,
    "76": 0.8944271909999159
  },
  "ranked_lines": [
    [
      70,
      2.094427190999916
    ],
    [
      74,
      0.8944271909999159
    ],
    [
      76,
      0.8944271909999159
    ]
  ],
  "fault_line_pred": 70
}