{
  "n_passing": 5,
  "n_failing": 5,
  "constraint_scores": {
    "C1": {
      "ef": 1,
      "ep": 0,
      "nf": 4,
      "np": 5,
      "ochiai": 0.4472135954999579,
      "tarantula": 1.0
    },
    "C2": {
      "ef": 4,
      "ep": 0,
      "nf": 1,
      "np": 5,
      "ochiai": 0.8944271909999159,
      "tarantula": 1.0
    },
    "C3": {
      "ef": 0,
      "ep": 0,
      "nf": 5,
      "np": 5,
      "ochiai": 0.0,
      "tarantula": 0.0
    },
    "C4": {
      "ef": 0,
      "ep": 0,
      "nf": 5,
      "np": 5,
      "ochiai": 0.0,
      "tarantula": 0.0
    }
  },
  "ranked_constraints": [
    [
      "C2",
      0.8944271909999159
    ],
    [
      "C1",
      0.4472135954999579
    ],
    [
      "C3",
      0.0
    ],
    [
      "C4",
      0.0
    ]
  ],
  "line_scores": {
    "72": 1.4683281572999747,
    "73": 0.14758048651498612,
    "71": 0.8944271909999159,
    "74": 0.06708203932499368,
    "70": 0.06708203932499368
  },
  "ranked_lines": [
    [
      72,
      1.4683281572999747
    ],
    [
      71,
      0.8944271909999159
    ],
    [
      73,
      0.14758048651498612
    ],
    [
      74,
      0.06708203932499368
    ],
    [
      70,
      0.06708203932499368
    ]
  ],
  "fault_line_pred": 72
}