{
  "n_passing": 6,
  "n_failing": 4,
  "constraint_scores": {
    "C1": {
      "ef": 1,
      "ep": 2,
      "nf": 3,
      "np": 4,
      "ochiai": 0.2886751345948129,
      "tarantula": 0.4285714285714286
    },
    "C2": {
      "ef": 3,
      "ep": 0,
      "nf": 1,
      "np": 6,
      "ochiai": 0.8660254037844387,
      "tarantula": 1.0
    },
    "C3": {
      "ef": 0,
      "ep": 0,
      "nf": 4,
      "np": 6,
      "ochiai": 0.0,
      "tarantula": 0.0
    },
    "C4": {
      "ef": 0,
      "ep": 0,
      "nf": 4,
      "np": 6,
      "ochiai": 0.0,
      "tarantula": 0.0
    }
  },
  "ranked_constraints": [
    [
      "C2",
      0.8660254037844387
    ],
    [
      "C1",
      0.2886751345948129
    ],
    [
      "C3",
      0.0
    ],
    [
      "C4",
      0.0
    ]
  ],
  "line_scores": {
    "77": 2.0660254037844386,
    "78": 0.09526279441628828,
    "76": 0.09526279441628828,
    "79": 0.04330127018922194,
    "75": 0.04330127018922194
  },
  "ranked_lines": [
    [
      77,
      2.0660254037844386
    ],
    [
      78,
      0.09526279441628828
    ],
    [
      76,
      0.09526279441628828
    ],
    [
      79,
      0.04330127018922194
    ],
    [
      75,
      0.04330127018922194
    ]
  ],
  "fault_line_pred": 77
}