{
  "n_passing": 8,
  "n_failing": 2,
  "constraint_scores": {
    "C1": {
      "ef": 2,
      "ep": 1,
      "nf": 0,
      "np": 7,
      "ochiai": 0.8164965809277261,
      "tarantula": 0.8888888888888888
    },
    "C2": {
      "ef": 0,
      "ep": 0,
      "nf": 2,
      "np": 8,
      "ochiai": 0.0,
      "tarantula": 0.0
    },
    "C3": {
      "ef": 0,
      "ep": 0,
      "nf": 2,
      "np": 8,
      "ochiai": 0.0,
      "tarantula": 0.0
    }
  },
  "ranked_constraints": [
    [
      "C1",
      0.8164965809277261
    ],
    [
      "C2",
      0.0
    ],
    [
      "C3",
      0.0
    ]
  ],
  "line_scores": {
    "81": 1.6898979485566357,
    "82": 0.26944387170614964,
    "80": 0.26944387170614964,
    "83": 0.12247448713915891,
    "79": 0.12247448713915891
  },
  "ranked_lines": [
    [
      81,
      1.6898979485566357
    ],
    [
      82,
      0.26944387170614964
    ],
    [
      80,
      0.26944387170614964
    ],
    [
      83,
      0.12247448713915891
    ],
    [
      79,
      0.12247448713915891
    ]
  ],
  "fault_line_pred": 81
}