{
  "n_passing": 5,
  "n_failing": 5,
  "constraint_scores": {
    "C1": {
      "ef": 0,
      "ep": 0,
      "nf": 5,
      "np": 5,
      "ochiai": 0.0,
      "tarantula": 0.0
    },
    "C2": {
      "ef": 5,
      "ep": 0,
      "nf": 0,
      "np": 5,
      "ochiai": 1.0,
      "tarantula": 1.0
    },
    "C3": {
      "ef": 1,
      "ep": 1,
      "nf": 4,
      "np": 4,
      "ochiai": 0.31622776601683794,
      "tarantula": 0.5
    }
  },
  "ranked_constraints": [
    [
      "C2",
      1.0
    ],
    [
      "C3",
      0.31622776601683794
    ],
    [
      "C1",
      0.0
    ]
  ],
  "line_scores": {
    "60": 2.2,
    "64": 0.31622776601683794,
    "65": 0.31622776601683794
  },
  "ranked_lines": [
    [
      60,
      2.2
    ],
    [
      64,
      0.31622776601683794
    ],
    [
      65,
      0.31622776601683794
    ]
  ],
  "fault_line_pred": 60
}