{
  "n_passing": 5,
  "n_failing": 5,
  "constraint_scores": {
    "C1": {
      "ef": 0,
      "ep": 0,
      "nf": 5,
      "np": 5,
      "ochiai": 0.0,
      "tarantula": 0.0
    },
    "C2": {
      "ef": 0,
      "ep": 0,
      "nf": 5,
      "np": 5,
      "ochiai": 0.0,
      "tarantula": 0.0
    },
    "C3": {
      "ef": 4,
      "ep": 0,
      "nf": 1,
      "np": 5,
      "ochiai": 0.8944271909999159,
      "tarantula": 1.0
    },
    "C4": {
      "ef": 0,
      "ep": 0,
      "nf": 5,
      "np": 5,
      "ochiai": 0.0,
      "tarantula": 0.0
    }
  },
  "ranked_constraints": [
    [
      "C3",
      0.8944271909999159
    ],
    [
      "C1",
      0.0
    ],
    [
      "C2",
      0.0
    ],
    [
      "C4",
      0.0
    ]
  ],
  "line_scores": {
    "64": 0.5366563145999494,
    "65": 0.29516097302997224,
    "63": 0.29516097302997224,
    "66": 0.13416407864998736,
    "62": 0.13416407864998736,
    "67": 1.2
  },
  "ranked_lines": [
    [
      67,
      1.2
    ],
    [
      64,
      0.5366563145999494
    ],
    [
      65,
      0.29516097302997224
    ],
    [
      63,
      0.29516097302997224
    ],
    [
      66,
      0.13416407864998736
    ],
    [
      62,
      0.13416407864998736
    ]
  ],
  "fault_line_pred": 67
}