{
  "n_passing": 5,
  "n_failing": 5,
  "constraint_scores": {
    "C1": {
      "ef": 5,
      "ep": 5,
      "nf": 0,
      "np": 0,
      "ochiai": 0.7071067811865475,
      "tarantula": 0.5
    },
    "C2": {
      "ef": 5,
      "ep": 5,
      "nf": 0,
      "np": 0,
      "ochiai": 0.7071067811865475,
      "tarantula": 0.5
    },
    "C3": {
      "ef": 5,
      "ep": 5,
      "nf": 0,
      "np": 0,
      "ochiai": 0.7071067811865475,
      "tarantula": 0.5
    }
  },
  "ranked_constraints": [
    [
      "C1",
      0.7071067811865475
    ],
    [
      "C2",
      0.7071067811865475
    ],
    [
      "C3",
      0.7071067811865475
    ]
  ],
  "line_scores": {
    "72": 1.9071067811865474,
    "73": 0.23334523779156066,
    "71": 0.23334523779156066,
    "74": 0.10606601717798211,
    "70": 0.10606601717798211
  },
  "ranked_lines": [
    [
      72,
      1.9071067811865474
    ],
    [
      73,
      0.23334523779156066
    ],
    [
      71,
      0.23334523779156066
    ],
    [
      74,
      0.10606601717798211
    ],
    [
      70,
      0.10606601717798211
    ]
  ],
  "fault_line_pred": 72
}