{
  "n_passing": 5,
  "n_failing": 5,
  "constraint_scores": {
    "C1": {
      "ef": 0,
      "ep": 1,
      "nf": 5,
      "np": 4,
      "ochiai": 0.0,
      "tarantula": 0.0
    },
    "C2": {
      "ef": 3,
      "ep": 4,
      "nf": 2,
      "np": 1,
      "ochiai": 0.50709255283711,
      "tarantula": 0.4285714285714286
    },
    "C3": {
      "ef": 2,
      "ep": 1,
      "nf": 3,
      "np": 4,
      "ochiai": 0.5163977794943222,
      "tarantula": 0.6666666666666666
    }
  },
  "ranked_constraints": [
    [
      "C3",
      0.5163977794943222
    ],
    [
      "C2",
      0.50709255283711
    ],
    [
      "C1",
      0.0
    ]
  ],
  "line_scores": {
    "68": 1.70709255283711,
    "70": 0.50709255283711,
    "75": 0.50709255283711,
    "76": 0.50709255283711,
    "65": 0.5163977794943222
  },
  "ranked_lines": [
    [
      68,
      1.70709255283711
    ],
    [
      65,
      0.5163977794943222
    ],
    [
      70,
      0.50709255283711
    ],
    [
      75,
      0.50709255283711
    ],
    [
      76,
      0.50709255283711
    ]
  ],
  "fault_line_pred": 68
}