{
  "n_passing": 7,
  "n_failing": 3,
  "constraint_scores": {
    "C1": {
      "ef": 3,
      "ep": 0,
      "nf": 0,
      "np": 7,
      "ochiai": 1.0,
      "tarantula": 1.0
    },
    "C2": {
      "ef": 3,
      "ep": 5,
      "nf": 0,
      "np": 2,
      "ochiai": 0.6123724356957946,
      "tarantula": 0.5833333333333333
    },
    "C3": {
      "ef": 0,
      "ep": 0,
      "nf": 3,
      "np": 7,
      "ochiai": 0.0,
      "tarantula": 0.0
    }
  },
  "ranked_constraints": [
    [
      "C1",
      1.0
    ],
    [
      "C2",
      0.6123724356957946
    ],
    [
      "C3",
      0.0
    ]
  ],
  "line_scores": {
    "70": 1.8123724356957944,
    "71": 0.33,
    "69": 0.33,
    "72": 0.15,
    "68": 0.15
  },
  "ranked_lines": [
    [
      70,
      1.8123724356957944
    ],
    [
      71,
      0.33
    ],
    [
      69,
      0.33
    ],
    [
      72,
      0.15
    ],
    [
      68,
      0.15
    ]
  ],
  "fault_line_pred": 70
}