{
  "n_passing": 3,
  "n_failing": 7,
  "constraint_scores": {
    "C1": {
      "ef": 1,
      "ep": 0,
      "nf": 6,
      "np": 3,
      "ochiai": 0.3779644730092272,
      "tarantula": 1.0
    },
    "C2": {
      "ef": 1,
      "ep": 2,
      "nf": 6,
      "np": 1,
      "ochiai": 0.2182178902359924,
      "tarantula": 0.1764705882352941
    },
    "C3": {
      "ef": 0,
      "ep": 0,
      "nf": 7,
      "np": 3,
      "ochiai": 0.0,
      "tarantula": 0.0
    },
    "C4": {
      "ef": 0,
      "ep": 0,
      "nf": 7,
      "np": 3,
      "ochiai": 0.0,
      "tarantula": 0.0
    }
  },
  "ranked_constraints": [
    [
      "C1",
      0.3779644730092272
    ],
    [
      "C2",
      0.2182178902359924
    ],
    [
      "C3",
      0.0
    ],
    [
      "C4",
      0.0
    ]
  ],
  "line_scores": {
    "61": 1.4267786838055363,
    "62": 0.12472827609304499,
    "60": 0.2182178902359924,
    "63": 0.05669467095138408,
    "59": 0.05669467095138408
  },
  "ranked_lines": [
    [
      61,
      1.4267786838055363
    ],
    [
      60,
      0.2182178902359924
    ],
    [
      62,
      0.12472827609304499
    ],
    [
      63,
      0.05669467095138408
    ],
    [
      59,
      0.05669467095138408
    ]
  ],
  "fault_line_pred": 61
}