{
  "n_passing": 5,
  "n_failing": 5,
  "constraint_scores": {
    "C1": {
      "ef": 4,
      "ep": 3,
      "nf": 1,
      "np": 2,
      "ochiai": 0.6761234037828132,
      "tarantula": 0.5714285714285715
    },
    "C2": {
      "ef": 0,
      "ep": 0,
      "nf": 5,
      "np": 5,
      "ochiai": 0.0,
      "tarantula": 0.0
    },
    "C3": {
      "ef": 0,
      "ep": 0,
      "nf": 5,
      "np": 5,
      "ochiai": 0.0,
      "tarantula": 0.0
    }
  },
  "ranked_constraints": [
    [
      "C1",
      0.6761234037828132
    ],
    [
      "C2",
      0.0
    ],
    [
      "C3",
      0.0
    ]
  ],
  "line_scores": {
    "66": 1.6056740422696878,
    "67": 0.22312072324832835,
    "65": 0.22312072324832835,
    "68": 0.10141851056742197,
    "64": 0.10141851056742197
  },
  "ranked_lines": [
    [
      66,
      1.6056740422696878
    ],
    [
      67,
      0.22312072324832835
    ],
    [
      65,
      0.22312072324832835
    ],
    [
      68,
      0.10141851056742197
    ],
    [
      64,
      0.10141851056742197
    ]
  ],
  "fault_line_pred": 66
}