{
  "n_passing": 8,
  "n_failing": 2,
  "constraint_scores": {
    "C1": {
      "ef": 2,
      "ep": 2,
      "nf": 0,
      "np": 6,
      "ochiai": 0.7071067811865475,
      "tarantula": 0.8
    },
    "C2": {
      "ef": 2,
      "ep": 0,
      "nf": 0,
      "np": 8,
      "ochiai": 1.0,
      "tarantula": 1.0
    },
    "C3": {
      "ef": 0,
      "ep": 0,
      "nf": 2,
      "np": 8,
      "ochiai": 0.0,
      "tarantula": 0.0
    }
  },
  "ranked_constraints": [
    [
      "C2",
      1.0
    ],
    [
      "C1",
      0.7071067811865475
    ],
    [
      "C3",
      0.0
    ]
  ],
  "line_scores": {
    "62": 2.2,
    "63": 0.23334523779156066,
    "61": 0.23334523779156066,
    "64": 0.10606601717798211,
    "60": 0.10606601717798211
  },
  "ranked_lines": [
    [
      62,
      2.2
    ],
    [
      63,
      0.23334523779156066
    ],
    [
      61,
      0.23334523779156066
    ],
    [
      64,
      0.10606601717798211
    ],
    [
      60,
      0.10606601717798211
    ]
  ],
  "fault_line_pred": 62
}