{
  "n_passing": 8,
  "n_failing": 2,
  "constraint_scores": {
    "C1": {
      "ef": 1,
      "ep": 1,
      "nf": 1,
      "np": 7,
      "ochiai": 0.5,
      "tarantula": 0.8
    },
    "C2": {
      "ef": 1,
      "ep": 0,
      "nf": 1,
      "np": 8,
      "ochiai": 0.7071067811865475,
      "tarantula": 1.0
    },
    "C3": {
      "ef": 1,
      "ep": 1,
      "nf": 1,
      "np": 7,
      "ochiai": 0.5,
      "tarantula": 0.8
    }
  },
  "ranked_constraints": [
    [
      "C2",
      0.7071067811865475
    ],
    [
      "C1",
      0.5
    ],
    [
      "C3",
      0.5
    ]
  ],
  "line_scores": {
    "61": 1.7,
    "62": 0.165,
    "60": 0.165,
    "63": 0.075,
    "59": 0.7071067811865475
  },
  "ranked_lines": [
    [
      61,
      1.7
    ],
    [
      59,
      0.7071067811865475
    ],
    [
      62,
      0.165
    ],
    [
      60,
      0.165
    ],
    [
      63,
      0.075
    ]
  ],
  "fault_line_pred": 61
}