{
  "n_passing": 4,
  "n_failing": 6,
  "constraint_scores": {
    "C1": {
      "ef": 0,
      "ep": 1,
      "nf": 6,
      "np": 3,
      "ochiai": 0.0,
      "tarantula": 0.0
    },
    "C2": {
      "ef": 0,
      "ep": 0,
      "nf": 6,
      "np": 4,
      "ochiai": 0.0,
      "tarantula": 0.0
    },
    "C3": {
      "ef": 6,
      "ep": 2,
      "nf": 0,
      "np": 2,
      "ochiai": 0.8660254037844387,
      "tarantula": 0.6666666666666666
    },
    "C4": {
      "ef": 6,
      "ep": 2,
      "nf": 0,
      "np": 2,
      "ochiai": 0.8660254037844387,
      "tarantula": 0.6666666666666666
    }
  },
  "ranked_constraints": [
    [
      "C3",
      0.8660254037844387
    ],
    [
      "C4",
      0.8660254037844387
    ],
    [
      "C1",
      0.0
    ],
    [
      "C2",
      0.0
    ]
  ],
  "line_scores": {
    "72": 0.8660254037844387,
    "57": 0.2598076211353316,
    "62": 1.4598076211353317,
    "67": 0.2598076211353316,
    "70": 0.2598076211353316,
    "74": 0.2598076211353316
  },
  "ranked_lines": [
    [
      62,
      1.4598076211353317
    ],
    [
      72,
      0.8660254037844387
    ],
    [
      57,
      0.2598076211353316
    ],
    [
      67,
      0.2598076211353316
    ],
    [
      70,
      0.2598076211353316
    ],
    [
      74,
      0.2598076211353316
    ]
  ],
  "fault_line_pred": 62
}