{
  "n_passing": 5,
  "n_failing": 5,
  "constraint_scores": {
    "C1": {
      "ef": 3,
      "ep": 3,
      "nf": 2,
      "np": 2,
      "ochiai": 0.5477225575051661,
      "tarantula": 0.5
    },
    "C2": {
      "ef": 3,
      "ep": 3,
      "nf": 2,
      "np": 2,
      "ochiai": 0.5477225575051661,
      "tarantula": 0.5
    },
    "C3": {
      "ef": 0,
      "ep": 0,
      "nf": 5,
      "np": 5,
      "ochiai": 0.0,
      "tarantula": 0.0
    },
    "C4": {
      "ef": 0,
      "ep": 0,
      "nf": 5,
      "np": 5,
      "ochiai": 0.0,
      "tarantula": 0.0
    }
  },
  "ranked_constraints": [
    [
      "C1",
      0.5477225575051661
    ],
    [
      "C2",
      0.5477225575051661
    ],
    [
      "C3",
      0.0
    ],
    [
      "C4",
      0.0
    ]
  ],
  "line_scores": {
    "73": 1.5286335345030997,
    "74": 0.1807484439767048,
    "72": 0.1807484439767048,
    "75": 0.1643167672515498,
    "71": 0.1643167672515498,
    "64": 0.1643167672515498
  },
  "ranked_lines": [
    [
      73,
      1.5286335345030997
    ],
    [
      74,
      0.1807484439767048
    ],
    [
      72,
      0.1807484439767048
    ],
    [
      75,
      0.1643167672515498
    ],
    [
      71,
      0.1643167672515498
    ],
    [
      64,
      0.1643167672515498
    ]
  ],
  "fault_line_pred": 73
}