{
  "n_passing": 7,
  "n_failing": 3,
  "constraint_scores": {
    "C1": {
      "ef": 3,
      "ep": 7,
      "nf": 0,
      "np": 0,
      "ochiai": 0.5477225575051661,
      "tarantula": 0.5
    },
    "C2": {
      "ef": 0,
      "ep": 0,
      "nf": 3,
      "np": 7,
      "ochiai": 0.0,
      "tarantula": 0.0
    },
    "C3": {
      "ef": 0,
      "ep": 0,
      "nf": 3,
      "np": 7,
      "ochiai": 0.0,
      "tarantula": 0.0
    },
    "C4": {
      "ef": 0,
      "ep": 0,
      "nf": 3,
      "np": 7,
      "ochiai": 0.0,
      "tarantula": 0.0
    }
  },
  "ranked_constraints": [
    [
      "C1",
      0.5477225575051661
    ],
    [
      "C2",
      0.0
    ],
    [
      "C3",
      0.0
    ],
    [
      "C4",
      0.0
    ]
  ],
  "line_scores": {
    "74": 1.5286335345030997,
    "75": 0.1807484439767048,
    "73": 0.1807484439767048,
    "76": 0.0821583836257749,
    "72": 0.0821583836257749
  },
  "ranked_lines": [
    [
      74,
      1.5286335345030997
    ],
    [
      75,
      0.1807484439767048
    ],
    [
      73,
      0.1807484439767048
    ],
    [
      76,
      0.0821583836257749
    ],
    [
      72,
      0.0821583836257749
    ]
  ],
  "fault_line_pred": 74
}