{
  "n_passing": 4,
  "n_failing": 1,
  "constraint_scores": {
    "C1": {
      "ef": 1,
      "ep": 4,
      "nf": 0,
      "np": 0,
      "ochiai": 0.4472135954999579,
      "tarantula": 0.5
    },
    "C2": {
      "ef": 0,
      "ep": 0,
      "nf": 1,
      "np": 4,
      "ochiai": 0.0,
      "tarantula": 0.0
    },
    "C3": {
      "ef": 0,
      "ep": 0,
      "nf": 1,
      "np": 4,
      "ochiai": 0.0,
      "tarantula": 0.0
    }
  },
  "ranked_constraints": [
    [
      "C1",
      0.4472135954999579
    ],
    [
      "C2",
      0.0
    ],
    [
      "C3",
      0.0
    ]
  ],
  "line_scores": {
    "29": 1.4683281572999747,
    "30": 0.14758048651498612,
    "28": 0.14758048651498612,
    "31": 0.06708203932499368,
    "27": 0.06708203932499368
  },
  "ranked_lines": [
    [
      29,
      1.4683281572999747
    ],
    [
      30,
      0.14758048651498612
    ],
    [
      28,
      0.14758048651498612
    ],
    [
      31,
      0.06708203932499368
    ],
    [
      27,
      0.06708203932499368
    ]
  ],
  "fault_line_pred": 29
}