{
  "n_passing": 4,
  "n_failing": 1,
  "constraint_scores": {
    "C1": {
      "ef": 1,
      "ep": 0,
      "nf": 0,
      "np": 4,
      "ochiai": 1.0,
      "tarantula": 1.0
    },
    "C2": {
      "ef": 1,
      "ep": 4,
      "nf": 0,
      "np": 0,
      "ochiai": 0.4472135954999579,
      "tarantula": 0.5
    },
    "C3": {
      "ef": 0,
      "ep": 0,
      "nf": 1,
      "np": 4,
      "ochiai": 0.0,
      "tarantula": 0.0
    },
    "C4": {
      "ef": 0,
      "ep": 0,
      "nf": 1,
      "np": 4,
      "ochiai": 0.0,
      "tarantula": 0.0
    }
  },
  "ranked_constraints": [
    [
      "C1",
      1.0
    ],
    [
      "C2",
      0.4472135954999579
    ],
    [
      "C3",
      0.0
    ],
    [
      "C4",
      0.0
    ]
  ],
  "line_scores": {
    "29": 1.7999999999999998,
    "30": 0.4472135954999579,
    "28": 0.4472135954999579,
    "31": 0.15,
    "27": 0.15,
    "24": 0.4472135954999579,
    "26": 0.4472135954999579
  },
  "ranked_lines": [
    [
      29,
      1.7999999999999998
    ],
    [
      30,
      0.4472135954999579
    ],
    [
      28,
      0.4472135954999579
    ],
    [
      24,
      0.4472135954999579
    ],
    [
      26,
      0.4472135954999579
    ],
    [
      31,
      0.15
    ],
    [
      27,
      0.15
    ]
  ],
  "fault_line_pred": 29
}