{
  "sbfl": {
    "line_scores": {
      "1": 0.4082482904638631,
      "3": 0.4082482904638631,
      "4": 0.4082482904638631,
      "6": 0.4082482904638631,
      "7": 0.4082482904638631,
      "8": 0.4082482904638631,
      "9": 0.4082482904638631,
      "10": 0.4082482904638631,
      "13": 0.4082482904638631,
      "15": 0.4472135954999579,
      "16": 0.4472135954999579,
      "22": 0.4082482904638631,
      "27": 0.4082482904638631,
      "53": 0.4082482904638631,
      "55": 0.42640143271122083,
      "58": 0.4472135954999579,
      "59": 0.47140452079103173,
      "61": 0.47140452079103173,
      "63": 0.47140452079103173,
      "64": 0.47140452079103173,
      "65": 0.47140452079103173,
      "67": 0.47140452079103173
    },
    "n_suspicious": 22,
    "pct_suspicious": 43.1,
    "n_fail": 2,
    "n_pass": 10
  },
  "dd": {
    "minimal_lines": [
      6,
      7,
      8,
      9,
      10,
      14,
      17,
      23,
      24,
      33,
      54,
      56,
      58,
      59,
      61,
      63,
      65,
      67
    ],
    "n_suspicious": 18,
    "pct_suspicious": 35.3,
    "dd_iterations": 1,
    "n_reducible": 18
  }
}