{
  "sbfl": {
    "line_scores": {
      "1": 0.31622776601683794,
      "3": 0.31622776601683794,
      "4": 0.31622776601683794,
      "6": 0.31622776601683794,
      "7": 0.31622776601683794,
      "8": 0.31622776601683794,
      "9": 0.31622776601683794,
      "10": 0.31622776601683794,
      "13": 0.31622776601683794,
      "15": 0.35355339059327373,
      "16": 0.35355339059327373,
      "18": 0.3779644730092272,
      "22": 0.31622776601683794,
      "27": 0.31622776601683794,
      "53": 0.31622776601683794,
      "55": 0.3333333333333333,
      "58": 0.35355339059327373,
      "59": 0.4082482904638631,
      "61": 0.4082482904638631,
      "63": 0.4082482904638631,
      "64": 0.4082482904638631,
      "65": 0.4082482904638631,
      "67": 0.4082482904638631
    },
    "n_suspicious": 23,
    "pct_suspicious": 45.1,
    "n_fail": 1,
    "n_pass": 9
  },
  "dd": {
    "minimal_lines": [
      6,
      7,
      8,
      9,
      10,
      14,
      17,
      19,
      23,
      24,
      33,
      54,
      56,
      58,
      59,
      61,
      63,
      65,
      67
    ],
    "n_suspicious": 19,
    "pct_suspicious": 37.3,
    "dd_iterations": 1,
    "n_reducible": 19
  }
}