{
  "sbfl": {
    "line_scores": {
      "1": 0.6324555320336759,
      "3": 0.6324555320336759,
      "4": 0.6324555320336759,
      "6": 0.6324555320336759,
      "7": 0.6324555320336759,
      "8": 0.6324555320336759,
      "9": 0.6324555320336759,
      "10": 0.6324555320336759,
      "13": 0.6324555320336759,
      "15": 0.6324555320336759,
      "17": 0.6666666666666666,
      "19": 0.7071067811865475,
      "20": 0.7071067811865475,
      "24": 0.7071067811865475,
      "30": 0.6324555320336759,
      "35": 0.6324555320336759,
      "59": 0.6324555320336759,
      "60": 0.7071067811865475,
      "62": 0.7071067811865475,
      "63": 0.7071067811865475,
      "64": 0.7071067811865475,
      "66": 0.7071067811865475
    },
    "n_suspicious": 22,
    "pct_suspicious": 42.3,
    "n_fail": 4,
    "n_pass": 6
  },
  "dd": {
    "minimal_lines": [
      6,
      7,
      8,
      9,
      10,
      14,
      16,
      18,
      21,
      25,
      31,
      32,
      41,
      59,
      60,
      62,
      64,
      66
    ],
    "n_suspicious": 18,
    "pct_suspicious": 34.6,
    "dd_iterations": 1,
    "n_reducible": 18
  }
}