{
  "sbfl": {
    "line_scores": {
      "1": 0.5222329678670935,
      "3": 0.5222329678670935,
      "4": 0.5222329678670935,
      "6": 0.5222329678670935,
      "7": 0.5222329678670935,
      "8": 0.5222329678670935,
      "9": 0.5222329678670935,
      "10": 0.5222329678670935,
      "13": 0.5222329678670935,
      "15": 0.5222329678670935,
      "17": 0.5477225575051661,
      "19": 0.5773502691896257,
      "23": 0.5222329678670935,
      "25": 0.6123724356957946,
      "26": 0.6123724356957946,
      "29": 0.5222329678670935,
      "55": 0.5222329678670935,
      "57": 0.6123724356957946,
      "59": 0.6123724356957946,
      "60": 0.6123724356957946,
      "61": 0.6123724356957946,
      "62": 0.6123724356957946,
      "64": 0.6123724356957946
    },
    "n_suspicious": 23,
    "pct_suspicious": 46.9,
    "n_fail": 3,
    "n_pass": 8
  },
  "dd": {
    "minimal_lines": [
      6,
      7,
      8,
      9,
      10,
      14,
      16,
      18,
      20,
      24,
      25,
      26,
      35,
      55,
      57,
      59,
      61,
      62,
      64
    ],
    "n_suspicious": 19,
    "pct_suspicious": 38.8,
    "dd_iterations": 1,
    "n_reducible": 19
  }
}