{
  "sbfl": {
    "line_scores": {
      "1": 0.5477225575051661,
      "3": 0.5477225575051661,
      "4": 0.5477225575051661,
      "6": 0.5477225575051661,
      "8": 0.5477225575051661,
      "9": 0.5477225575051661,
      "10": 0.5477225575051661,
      "11": 0.5477225575051661,
      "14": 0.5477225575051661,
      "16": 0.6123724356957946,
      "17": 0.6123724356957946,
      "24": 0.5477225575051661,
      "26": 0.6123724356957946,
      "29": 0.5477225575051661,
      "55": 0.5477225575051661,
      "57": 0.5773502691896257,
      "59": 0.5773502691896257,
      "62": 0.6123724356957946,
      "64": 0.6123724356957946,
      "65": 0.6123724356957946,
      "68": 0.6123724356957946,
      "70": 0.6123724356957946,
      "71": 0.6123724356957946,
      "72": 0.6123724356957946,
      "74": 0.6123724356957946,
      "75": 0.6123724356957946
    },
    "n_suspicious": 26,
    "pct_suspicious": 45.6,
    "n_fail": 3,
    "n_pass": 7
  },
  "dd": {
    "minimal_lines": [
      6,
      8,
      9,
      10,
      11,
      15,
      18,
      25,
      26,
      35,
      56,
      58,
      60,
      62,
      64,
      66,
      68,
      70,
      72,
      74,
      75
    ],
    "n_suspicious": 21,
    "pct_suspicious": 36.8,
    "dd_iterations": 1,
    "n_reducible": 21
  }
}