{
  "sbfl": {
    "line_scores": {
      "1": 0.6324555320336759,
      "3": 0.6324555320336759,
      "4": 0.6324555320336759,
      "6": 0.6324555320336759,
      "8": 0.6324555320336759,
      "9": 0.6324555320336759,
      "10": 0.6324555320336759,
      "11": 0.6324555320336759,
      "14": 0.6324555320336759,
      "16": 0.6324555320336759,
      "18": 0.6666666666666666,
      "22": 0.6324555320336759,
      "24": 0.7071067811865475,
      "27": 0.6324555320336759,
      "52": 0.6324555320336759,
      "54": 0.6666666666666666,
      "57": 0.7071067811865475,
      "58": 0.7071067811865475,
      "61": 0.7071067811865475,
      "63": 0.7071067811865475,
      "64": 0.7071067811865475,
      "65": 0.7071067811865475,
      "67": 0.7071067811865475
    },
    "n_suspicious": 23,
    "pct_suspicious": 46.9,
    "n_fail": 4,
    "n_pass": 6
  },
  "dd": {
    "minimal_lines": [
      6,
      8,
      9,
      10,
      11,
      15,
      17,
      19,
      23,
      24,
      33,
      52,
      55,
      57,
      59,
      61,
      63,
      65,
      67
    ],
    "n_suspicious": 19,
    "pct_suspicious": 38.8,
    "dd_iterations": 1,
    "n_reducible": 19
  }
}