{
  "sbfl": {
    "line_scores": {
      "1": 0.6324555320336759,
      "3": 0.6324555320336759,
      "4": 0.6324555320336759,
      "6": 0.6324555320336759,
      "8": 0.6324555320336759,
      "9": 0.6324555320336759,
      "10": 0.6324555320336759,
      "11": 0.6324555320336759,
      "14": 0.6324555320336759,
      "16": 0.6324555320336759,
      "18": 0.6666666666666666,
      "19": 0.6666666666666666,
      "23": 0.6324555320336759,
      "25": 0.7071067811865475,
      "28": 0.6324555320336759,
      "54": 0.6324555320336759,
      "56": 0.6666666666666666,
      "59": 0.6666666666666666,
      "62": 0.7071067811865475,
      "63": 0.7071067811865475,
      "66": 0.7071067811865475,
      "67": 0.7071067811865475,
      "68": 0.7071067811865475,
      "70": 0.7071067811865475
    },
    "n_suspicious": 24,
    "pct_suspicious": 46.2,
    "n_fail": 4,
    "n_pass": 6
  },
  "dd": {
    "minimal_lines": [
      6,
      8,
      9,
      10,
      11,
      15,
      17,
      20,
      24,
      25,
      34,
      54,
      57,
      60,
      62,
      64,
      66,
      68,
      70
    ],
    "n_suspicious": 19,
    "pct_suspicious": 36.5,
    "dd_iterations": 1,
    "n_reducible": 19
  }
}