{
  "sbfl": {
    "line_scores": {
      "1": 0.6324555320336759,
      "3": 0.6324555320336759,
      "4": 0.6324555320336759,
      "6": 0.6324555320336759,
      "14": 0.6324555320336759,
      "16": 0.6324555320336759,
      "17": 0.6324555320336759,
      "18": 0.6324555320336759,
      "19": 0.6324555320336759,
      "22": 0.6324555320336759,
      "24": 0.6666666666666666,
      "26": 0.6666666666666666,
      "32": 0.6324555320336759,
      "37": 0.6324555320336759,
      "57": 0.6324555320336759,
      "60": 0.6666666666666666,
      "61": 0.6666666666666666,
      "63": 0.6666666666666666,
      "65": 0.6666666666666666,
      "66": 0.6666666666666666,
      "67": 0.6666666666666666,
      "68": 0.6666666666666666
    },
    "n_suspicious": 22,
    "pct_suspicious": 44.0,
    "n_fail": 4,
    "n_pass": 6
  },
  "dd": {
    "minimal_lines": [
      6,
      14,
      16,
      17,
      18,
      19,
      23,
      25,
      27,
      33,
      34,
      41,
      58,
      60,
      61,
      63,
      65,
      67,
      68
    ],
    "n_suspicious": 19,
    "pct_suspicious": 38.0,
    "dd_iterations": 1,
    "n_reducible": 19
  }
}