{
  "sbfl": {
    "line_scores": {
      "1": 0.31622776601683794,
      "3": 0.31622776601683794,
      "4": 0.31622776601683794,
      "6": 0.31622776601683794,
      "8": 0.31622776601683794,
      "9": 0.31622776601683794,
      "10": 0.31622776601683794,
      "11": 0.31622776601683794,
      "14": 0.31622776601683794,
      "16": 0.31622776601683794,
      "18": 0.3333333333333333,
      "20": 0.35355339059327373,
      "26": 0.31622776601683794,
      "28": 0.35355339059327373,
      "31": 0.31622776601683794,
      "56": 0.31622776601683794,
      "58": 0.35355339059327373,
      "60": 0.35355339059327373,
      "61": 0.35355339059327373,
      "62": 0.35355339059327373,
      "63": 0.35355339059327373,
      "65": 0.35355339059327373
    },
    "n_suspicious": 22,
    "pct_suspicious": 44.9,
    "n_fail": 1,
    "n_pass": 9
  },
  "dd": {
    "minimal_lines": [
      6,
      8,
      9,
      10,
      11,
      15,
      17,
      19,
      21,
      27,
      28,
      37,
      56,
      58,
      60,
      62,
      63,
      65
    ],
    "n_suspicious": 18,
    "pct_suspicious": 36.7,
    "dd_iterations": 1,
    "n_reducible": 18
  }
}