{
  "sbfl": {
    "line_scores": {
      "1": 0.7745966692414834,
      "3": 0.7745966692414834,
      "4": 0.7745966692414834,
      "6": 0.7745966692414834,
      "13": 0.7745966692414834,
      "15": 0.7745966692414834,
      "16": 0.7745966692414834,
      "17": 0.7745966692414834,
      "18": 0.7745966692414834,
      "21": 0.7745966692414834,
      "23": 0.7745966692414834,
      "30": 0.7745966692414834,
      "32": 0.816496580927726,
      "34": 0.8660254037844387,
      "37": 0.7745966692414834,
      "61": 0.7745966692414834,
      "63": 0.816496580927726,
      "70": 0.816496580927726,
      "71": 0.816496580927726
    },
    "n_suspicious": 19,
    "pct_suspicious": 35.2,
    "n_fail": 6,
    "n_pass": 4
  },
  "dd": {
    "minimal_lines": [
      6,
      13,
      15,
      16,
      17,
      18,
      22,
      24,
      31,
      33,
      34,
      43,
      61,
      63,
      70,
      71
    ],
    "n_suspicious": 16,
    "pct_suspicious": 29.6,
    "dd_iterations": 1,
    "n_reducible": 16
  }
}