{
  "sbfl": {
    "line_scores": {
      "7": 0.6324555320336759,
      "9": 0.6324555320336759,
      "10": 0.6324555320336759,
      "12": 0.6324555320336759,
      "14": 0.6324555320336759,
      "15": 0.6324555320336759,
      "16": 0.6324555320336759,
      "19": 0.6324555320336759,
      "21": 0.6324555320336759,
      "27": 0.6324555320336759,
      "29": 0.6666666666666666,
      "32": 0.6324555320336759,
      "56": 0.6324555320336759,
      "58": 0.6666666666666666,
      "60": 0.6666666666666666,
      "61": 0.8944271909999159,
      "62": 1.0,
      "64": 0.6666666666666666,
      "66": 0.6666666666666666,
      "69": 0.6666666666666666
    },
    "n_suspicious": 20,
    "pct_suspicious": 40.0,
    "n_fail": 4,
    "n_pass": 6
  },
  "dd": {
    "minimal_lines": [
      1,
      12,
      14,
      15,
      16,
      20,
      22,
      28,
      29,
      38,
      56,
      58,
      62,
      64,
      67,
      69
    ],
    "n_suspicious": 16,
    "pct_suspicious": 32.0,
    "dd_iterations": 1,
    "n_reducible": 16
  }
}