{
  "sbfl": {
    "line_scores": {
      "1": 0.6324555320336759,
      "3": 0.6324555320336759,
      "4": 0.6324555320336759,
      "6": 0.6324555320336759,
      "8": 0.6324555320336759,
      "9": 0.6324555320336759,
      "10": 0.6324555320336759,
      "13": 0.6324555320336759,
      "15": 0.6324555320336759,
      "17": 0.6324555320336759,
      "18": 0.7071067811865475,
      "25": 0.6324555320336759,
      "27": 0.7071067811865475,
      "29": 0.7071067811865475,
      "32": 0.6324555320336759,
      "49": 0.6324555320336759,
      "50": 0.6666666666666666,
      "52": 0.6666666666666666,
      "53": 0.6666666666666666,
      "55": 0.6666666666666666,
      "56": 0.8164965809277261,
      "57": 0.8164965809277261,
      "58": 0.5773502691896258,
      "59": 0.5773502691896258,
      "60": 0.8164965809277261,
      "61": 0.5,
      "62": 0.5,
      "64": 1.0,
      "65": 1.0,
      "66": 1.0,
      "67": 1.0,
      "69": 0.6666666666666666,
      "70": 0.6666666666666666,
      "72": 0.6666666666666666,
      "73": 1.0,
      "75": 0.6666666666666666,
      "76": 0.6666666666666666
    },
    "n_suspicious": 37,
    "pct_suspicious": 63.8,
    "n_fail": 4,
    "n_pass": 6
  },
  "dd": {
    "minimal_lines": [
      6,
      8,
      9,
      10,
      14,
      16,
      19,
      26,
      28,
      29,
      33,
      49,
      50,
      52,
      53,
      56,
      58,
      59,
      61,
      62,
      64,
      65,
      66,
      67,
      69,
      70,
      73,
      75,
      76
    ],
    "n_suspicious": 29,
    "pct_suspicious": 50.0,
    "dd_iterations": 1,
    "n_reducible": 29
  }
}