{
  "sbfl": {
    "line_scores": {
      "1": 0.6324555320336759,
      "3": 0.6324555320336759,
      "4": 0.6324555320336759,
      "6": 0.6324555320336759,
      "8": 0.6324555320336759,
      "9": 0.6324555320336759,
      "10": 0.6324555320336759,
      "13": 0.6324555320336759,
      "15": 0.6324555320336759,
      "19": 0.6324555320336759,
      "20": 0.6666666666666666,
      "26": 0.6324555320336759,
      "31": 0.6324555320336759,
      "49": 0.6324555320336759,
      "50": 0.6666666666666666,
      "52": 0.6666666666666666,
      "54": 0.7559289460184544,
      "57": 0.8164965809277261,
      "59": 0.8164965809277261,
      "60": 0.8164965809277261,
      "61": 0.8164965809277261,
      "62": 0.8164965809277261,
      "63": 0.5,
      "64": 0.5,
      "66": 0.8944271909999159,
      "67": 0.8944271909999159,
      "68": 0.8164965809277261,
      "69": 0.8164965809277261,
      "71": 0.8164965809277261,
      "72": 1.0,
      "74": 0.8164965809277261
    },
    "n_suspicious": 31,
    "pct_suspicious": 55.4,
    "n_fail": 4,
    "n_pass": 6
  },
  "dd": {
    "minimal_lines": [
      6,
      8,
      9,
      10,
      14,
      16,
      21,
      27,
      28,
      34,
      49,
      50,
      53,
      55,
      57,
      59,
      60,
      63,
      64,
      66,
      67,
      68,
      69,
      72,
      74
    ],
    "n_suspicious": 25,
    "pct_suspicious": 44.6,
    "dd_iterations": 1,
    "n_reducible": 25
  }
}