{
  "sbfl": {
    "line_scores": {
      "1": 0.5477225575051661,
      "3": 0.5477225575051661,
      "4": 0.5477225575051661,
      "6": 0.5477225575051661,
      "8": 0.5477225575051661,
      "9": 0.5477225575051661,
      "10": 0.5477225575051661,
      "11": 0.5477225575051661,
      "14": 0.5477225575051661,
      "16": 0.5773502691896257,
      "18": 0.6123724356957946,
      "20": 0.6123724356957946,
      "21": 0.6123724356957946,
      "23": 0.6123724356957946,
      "27": 0.5477225575051661,
      "29": 0.6123724356957946,
      "30": 0.6123724356957946,
      "33": 0.5477225575051661,
      "57": 0.5477225575051661,
      "59": 0.5773502691896257,
      "62": 0.5773502691896257,
      "64": 0.6123724356957946,
      "65": 0.6123724356957946,
      "67": 0.6123724356957946,
      "68": 0.6123724356957946,
      "72": 0.6123724356957946
    },
    "n_suspicious": 26,
    "pct_suspicious": 47.3,
    "n_fail": 3,
    "n_pass": 7
  },
  "dd": {
    "minimal_lines": [
      6,
      8,
      9,
      10,
      11,
      15,
      17,
      19,
      22,
      24,
      28,
      29,
      30,
      39,
      58,
      60,
      62,
      64,
      65,
      68,
      70,
      72
    ],
    "n_suspicious": 22,
    "pct_suspicious": 40.0,
    "dd_iterations": 1,
    "n_reducible": 22
  }
}