{
  "sbfl": {
    "line_scores": {
      "1": 0.7745966692414834,
      "3": 0.7745966692414834,
      "4": 0.7745966692414834,
      "6": 0.7745966692414834,
      "7": 0.7745966692414834,
      "8": 0.7745966692414834,
      "9": 0.7745966692414834,
      "10": 0.7745966692414834,
      "13": 0.7745966692414834,
      "15": 0.8660254037844387,
      "16": 0.8660254037844387,
      "20": 0.8660254037844387,
      "26": 0.7745966692414834,
      "28": 0.8660254037844387,
      "31": 0.7745966692414834,
      "57": 0.7745966692414834,
      "59": 0.816496580927726,
      "62": 0.8660254037844387,
      "63": 0.8660254037844387,
      "65": 0.8660254037844387,
      "67": 0.8660254037844387,
      "69": 0.8660254037844387,
      "71": 0.8660254037844387
    },
    "n_suspicious": 23,
    "pct_suspicious": 42.6,
    "n_fail": 6,
    "n_pass": 4
  },
  "dd": {
    "minimal_lines": [
      6,
      7,
      8,
      9,
      10,
      14,
      17,
      21,
      27,
      28,
      37,
      58,
      60,
      62,
      63,
      65,
      67,
      69,
      71
    ],
    "n_suspicious": 19,
    "pct_suspicious": 35.2,
    "dd_iterations": 1,
    "n_reducible": 19
  }
}