{
  "sbfl": {
    "line_scores": {
      "1": 0.5477225575051661,
      "3": 0.5477225575051661,
      "4": 0.5477225575051661,
      "6": 0.5477225575051661,
      "8": 0.5477225575051661,
      "9": 0.5477225575051661,
      "10": 0.5477225575051661,
      "13": 0.5477225575051661,
      "15": 0.5477225575051661,
      "21": 0.5477225575051661,
      "23": 0.5773502691896257,
      "26": 0.5477225575051661,
      "52": 0.5477225575051661,
      "53": 0.5773502691896257,
      "54": 0.5773502691896257,
      "56": 0.5773502691896257,
      "57": 0.7745966692414834,
      "58": 1.0,
      "60": 0.5773502691896257,
      "61": 0.5773502691896257,
      "62": 0.5773502691896257
    },
    "n_suspicious": 21,
    "pct_suspicious": 44.7,
    "n_fail": 3,
    "n_pass": 7
  },
  "dd": {
    "minimal_lines": [
      6,
      8,
      9,
      10,
      14,
      16,
      22,
      23,
      32,
      52,
      53,
      54,
      58,
      60,
      61,
      62
    ],
    "n_suspicious": 16,
    "pct_suspicious": 34.0,
    "dd_iterations": 1,
    "n_reducible": 16
  }
}