{
  "sbfl": {
    "line_scores": {
      "1": 0.5477225575051661,
      "3": 0.5477225575051661,
      "4": 0.5477225575051661,
      "6": 0.5477225575051661,
      "8": 0.5477225575051661,
      "9": 0.5477225575051661,
      "10": 0.5477225575051661,
      "13": 0.5477225575051661,
      "19": 0.5477225575051661,
      "25": 0.5477225575051661,
      "31": 0.5773502691896257,
      "34": 0.5477225575051661,
      "58": 0.5477225575051661,
      "59": 0.5773502691896257,
      "60": 0.5773502691896257,
      "62": 0.5773502691896257,
      "63": 0.7071067811865476,
      "64": 1.0,
      "66": 0.5773502691896257,
      "67": 0.5773502691896257,
      "68": 0.5773502691896257
    },
    "n_suspicious": 21,
    "pct_suspicious": 41.2,
    "n_fail": 3,
    "n_pass": 7
  },
  "dd": {
    "minimal_lines": [
      6,
      8,
      9,
      10,
      14,
      20,
      26,
      31,
      40,
      58,
      59,
      60,
      64,
      66,
      67,
      68
    ],
    "n_suspicious": 16,
    "pct_suspicious": 31.4,
    "dd_iterations": 1,
    "n_reducible": 16
  }
}