{
  "sbfl": {
    "line_scores": {
      "1": 0.5477225575051661,
      "3": 0.5477225575051661,
      "4": 0.5477225575051661,
      "6": 0.5477225575051661,
      "13": 0.5477225575051661,
      "15": 0.5477225575051661,
      "16": 0.5477225575051661,
      "17": 0.5477225575051661,
      "20": 0.5477225575051661,
      "22": 0.5477225575051661,
      "28": 0.5477225575051661,
      "30": 0.5773502691896257,
      "33": 0.5477225575051661,
      "53": 0.5477225575051661,
      "55": 0.5773502691896257,
      "57": 0.5773502691896257,
      "58": 0.7745966692414834,
      "59": 1.0,
      "61": 0.5773502691896257,
      "62": 0.5773502691896257,
      "63": 0.5773502691896257
    },
    "n_suspicious": 21,
    "pct_suspicious": 45.7,
    "n_fail": 3,
    "n_pass": 7
  },
  "dd": {
    "minimal_lines": [
      6,
      13,
      15,
      16,
      17,
      21,
      23,
      29,
      30,
      39,
      53,
      55,
      59,
      61,
      62,
      63
    ],
    "n_suspicious": 16,
    "pct_suspicious": 34.8,
    "dd_iterations": 1,
    "n_reducible": 16
  }
}