{
  "sbfl": {
    "line_scores": {
      "1": 0.4472135954999579,
      "3": 0.4472135954999579,
      "4": 0.4472135954999579,
      "6": 0.4472135954999579,
      "9": 0.4472135954999579,
      "12": 0.4472135954999579,
      "15": 0.4472135954999579,
      "18": 0.4472135954999579,
      "30": 0.4472135954999579,
      "31": 0.4472135954999579,
      "33": 0.47140452079103173,
      "36": 0.4472135954999579,
      "53": 0.4472135954999579,
      "75": 0.4472135954999579,
      "76": 0.47140452079103173,
      "77": 0.47140452079103173,
      "80": 0.5,
      "82": 0.5,
      "85": 0.5,
      "87": 0.5345224838248488
    },
    "n_suspicious": 20,
    "pct_suspicious": 32.8,
    "n_fail": 2,
    "n_pass": 8
  },
  "dd": {
    "minimal_lines": [
      6,
      9,
      12,
      15,
      19,
      30,
      32,
      33,
      37,
      50,
      58,
      75,
      76,
      78,
      79,
      80,
      83,
      86,
      87
    ],
    "n_suspicious": 19,
    "pct_suspicious": 31.1,
    "dd_iterations": 1,
    "n_reducible": 19
  }
}