{
  "sbfl": {
    "line_scores": {
      "7": 0.6324555320336759,
      "9": 0.6324555320336759,
      "10": 0.6324555320336759,
      "12": 0.6324555320336759,
      "14": 0.6324555320336759,
      "15": 0.6324555320336759,
      "16": 0.6324555320336759,
      "19": 0.6324555320336759,
      "21": 0.6324555320336759,
      "22": 0.5,
      "23": 0.5,
      "25": 0.5,
      "28": 0.6324555320336759,
      "30": 0.6666666666666666,
      "33": 0.6324555320336759,
      "59": 0.6324555320336759,
      "61": 0.6324555320336759,
      "62": 0.6324555320336759,
      "64": 0.6666666666666666,
      "66": 0.6666666666666666,
      "70": 0.7559289460184544,
      "71": 0.7559289460184544
    },
    "n_suspicious": 22,
    "pct_suspicious": 40.7,
    "n_fail": 4,
    "n_pass": 6
  },
  "dd": {
    "minimal_lines": [
      1,
      12,
      14,
      15,
      16,
      20,
      22,
      24,
      25,
      29,
      30,
      40,
      59,
      61,
      63,
      64,
      67,
      68,
      70,
      71
    ],
    "n_suspicious": 20,
    "pct_suspicious": 37.0,
    "dd_iterations": 1,
    "n_reducible": 20
  }
}