{
  "sbfl": {
    "line_scores": {
      "1": 0.5477225575051661,
      "3": 0.5477225575051661,
      "4": 0.5477225575051661,
      "6": 0.5477225575051661,
      "8": 0.5477225575051661,
      "9": 0.5477225575051661,
      "10": 0.5477225575051661,
      "13": 0.5477225575051661,
      "15": 0.5477225575051661,
      "19": 0.5477225575051661,
      "25": 0.6123724356957946,
      "28": 0.5477225575051661,
      "52": 0.5477225575051661,
      "54": 0.5773502691896257,
      "55": 0.5773502691896257,
      "59": 0.6123724356957946,
      "61": 0.6123724356957946,
      "65": 0.6123724356957946,
      "67": 0.6123724356957946,
      "69": 0.6546536707079772
    },
    "n_suspicious": 20,
    "pct_suspicious": 40.0,
    "n_fail": 3,
    "n_pass": 7
  },
  "dd": {
    "minimal_lines": [
      6,
      8,
      9,
      10,
      14,
      16,
      20,
      25,
      33,
      52,
      54,
      56,
      57,
      59,
      62,
      63,
      65,
      68,
      69
    ],
    "n_suspicious": 19,
    "pct_suspicious": 38.0,
    "dd_iterations": 1,
    "n_reducible": 19
  }
}