{
  "sbfl": {
    "line_scores": {
      "1": 0.5477225575051661,
      "3": 0.5477225575051661,
      "4": 0.5477225575051661,
      "6": 0.5477225575051661,
      "8": 0.5477225575051661,
      "9": 0.5477225575051661,
      "10": 0.5477225575051661,
      "12": 0.5477225575051661,
      "15": 0.5477225575051661,
      "17": 0.5477225575051661,
      "19": 0.5773502691896257,
      "23": 0.5477225575051661,
      "25": 0.7071067811865476,
      "28": 0.5477225575051661,
      "52": 0.5477225575051661,
      "54": 0.6123724356957946,
      "55": 0.6123724356957946,
      "58": 0.7071067811865476,
      "59": 0.7071067811865476,
      "61": 0.7071067811865476,
      "64": 0.7745966692414834,
      "65": 0.7745966692414834
    },
    "n_suspicious": 22,
    "pct_suspicious": 46.8,
    "n_fail": 3,
    "n_pass": 7
  },
  "dd": {
    "minimal_lines": [
      6,
      8,
      9,
      10,
      12,
      16,
      18,
      20,
      24,
      25,
      33,
      52,
      54,
      56,
      58,
      59,
      62,
      64,
      65
    ],
    "n_suspicious": 19,
    "pct_suspicious": 40.4,
    "dd_iterations": 1,
    "n_reducible": 19
  }
}