{
  "sbfl": {
    "line_scores": {
      "1": 0.5477225575051661,
      "3": 0.5477225575051661,
      "4": 0.5477225575051661,
      "6": 0.5477225575051661,
      "14": 0.5477225575051661,
      "15": 0.5477225575051661,
      "16": 0.5477225575051661,
      "17": 0.5477225575051661,
      "19": 0.5477225575051661,
      "22": 0.5477225575051661,
      "28": 0.5477225575051661,
      "35": 0.5477225575051661,
      "37": 0.6123724356957946,
      "40": 0.5477225575051661,
      "64": 0.5477225575051661,
      "66": 0.5477225575051661,
      "70": 0.6123724356957946,
      "71": 0.6123724356957946,
      "73": 0.6123724356957946,
      "75": 0.6546536707079772
    },
    "n_suspicious": 20,
    "pct_suspicious": 35.7,
    "n_fail": 3,
    "n_pass": 7
  },
  "dd": {
    "minimal_lines": [
      6,
      14,
      15,
      16,
      17,
      19,
      23,
      29,
      36,
      37,
      45,
      64,
      67,
      68,
      70,
      71,
      74,
      75
    ],
    "n_suspicious": 18,
    "pct_suspicious": 32.1,
    "dd_iterations": 1,
    "n_reducible": 18
  }
}