{
  "sbfl": {
    "line_scores": {
      "1": 0.7071067811865475,
      "3": 0.7071067811865475,
      "4": 0.7071067811865475,
      "6": 0.7071067811865475,
      "13": 0.7071067811865475,
      "15": 0.7071067811865475,
      "16": 0.7071067811865475,
      "17": 0.7071067811865475,
      "18": 0.7071067811865475,
      "21": 0.7071067811865475,
      "27": 0.7071067811865475,
      "31": 0.7071067811865475,
      "33": 0.7453559924999299,
      "36": 0.7071067811865475,
      "65": 0.7071067811865475,
      "67": 0.7453559924999299,
      "68": 0.7453559924999299,
      "70": 0.7453559924999299,
      "71": 0.31622776601683794,
      "72": 0.31622776601683794,
      "74": 0.7453559924999299,
      "76": 0.7453559924999299
    },
    "n_suspicious": 22,
    "pct_suspicious": 39.3,
    "n_fail": 5,
    "n_pass": 5
  },
  "dd": {
    "minimal_lines": [
      6,
      13,
      15,
      16,
      17,
      18,
      22,
      28,
      32,
      33,
      45,
      65,
      67,
      68,
      71,
      72,
      74,
      76
    ],
    "n_suspicious": 18,
    "pct_suspicious": 32.1,
    "dd_iterations": 1,
    "n_reducible": 18
  }
}