{
  "sbfl": {
    "line_scores": {
      "1": 0.7745966692414834,
      "3": 0.7745966692414834,
      "4": 0.7745966692414834,
      "6": 0.7745966692414834,
      "14": 0.7745966692414834,
      "16": 0.7745966692414834,
      "17": 0.7745966692414834,
      "18": 0.7745966692414834,
      "21": 0.7745966692414834,
      "27": 0.7745966692414834,
      "31": 0.7745966692414834,
      "33": 0.816496580927726,
      "36": 0.7745966692414834,
      "65": 0.7745966692414834,
      "67": 0.816496580927726,
      "68": 0.816496580927726,
      "70": 0.816496580927726,
      "71": 0.5773502691896258,
      "72": 0.5773502691896258,
      "74": 0.816496580927726,
      "75": 0.816496580927726
    },
    "n_suspicious": 21,
    "pct_suspicious": 37.5,
    "n_fail": 6,
    "n_pass": 4
  },
  "dd": {
    "minimal_lines": [
      6,
      14,
      16,
      17,
      18,
      22,
      28,
      32,
      33,
      45,
      65,
      67,
      68,
      71,
      72,
      74,
      75
    ],
    "n_suspicious": 17,
    "pct_suspicious": 30.4,
    "dd_iterations": 1,
    "n_reducible": 17
  }
}