{
  "sbfl": {
    "line_scores": {
      "1": 0.7745966692414834,
      "3": 0.7745966692414834,
      "4": 0.7745966692414834,
      "6": 0.7745966692414834,
      "13": 0.7745966692414834,
      "15": 0.7745966692414834,
      "16": 0.7745966692414834,
      "17": 0.7745966692414834,
      "20": 0.7745966692414834,
      "22": 0.7745966692414834,
      "26": 0.7745966692414834,
      "28": 0.816496580927726,
      "31": 0.7745966692414834,
      "60": 0.7745966692414834,
      "62": 0.816496580927726,
      "63": 0.816496580927726,
      "65": 0.816496580927726,
      "66": 0.5773502691896258,
      "67": 0.5773502691896258,
      "68": 0.4082482904638631,
      "69": 0.5773502691896258,
      "70": 0.4082482904638631,
      "72": 0.816496580927726,
      "73": 0.816496580927726
    },
    "n_suspicious": 24,
    "pct_suspicious": 42.9,
    "n_fail": 6,
    "n_pass": 4
  },
  "dd": {
    "minimal_lines": [
      6,
      13,
      15,
      16,
      17,
      21,
      23,
      27,
      28,
      40,
      60,
      62,
      63,
      66,
      68,
      70,
      72,
      73
    ],
    "n_suspicious": 18,
    "pct_suspicious": 32.1,
    "dd_iterations": 1,
    "n_reducible": 18
  }
}