{
  "sbfl": {
    "line_scores": {
      "1": 0.4472135954999579,
      "3": 0.4472135954999579,
      "4": 0.4472135954999579,
      "6": 0.4472135954999579,
      "7": 0.4472135954999579,
      "8": 0.4472135954999579,
      "9": 0.4472135954999579,
      "10": 0.4472135954999579,
      "13": 0.4472135954999579,
      "15": 0.4472135954999579,
      "17": 0.47140452079103173,
      "19": 0.5,
      "25": 0.4472135954999579,
      "30": 0.4472135954999579,
      "58": 0.4472135954999579,
      "60": 0.5345224838248488,
      "62": 0.5345224838248488,
      "64": 0.5345224838248488
    },
    "n_suspicious": 18,
    "pct_suspicious": 36.7,
    "n_fail": 2,
    "n_pass": 8
  },
  "dd": {
    "minimal_lines": [
      6,
      7,
      8,
      9,
      10,
      14,
      16,
      18,
      20,
      26,
      27,
      36,
      58,
      60,
      62,
      64
    ],
    "n_suspicious": 16,
    "pct_suspicious": 32.7,
    "dd_iterations": 1,
    "n_reducible": 16
  }
}