{
  "sbfl": {
    "line_scores": {
      "1": 0.6324555320336759,
      "3": 0.6324555320336759,
      "4": 0.6324555320336759,
      "6": 0.6324555320336759,
      "8": 0.6324555320336759,
      "9": 0.6324555320336759,
      "10": 0.6324555320336759,
      "13": 0.6324555320336759,
      "15": 0.6324555320336759,
      "16": 0.5303300858899106,
      "23": 0.6324555320336759,
      "25": 0.7071067811865475,
      "28": 0.6324555320336759,
      "47": 0.6324555320336759,
      "48": 0.6666666666666666,
      "50": 0.6666666666666666,
      "56": 0.6666666666666666,
      "57": 0.6666666666666666,
      "58": 0.6666666666666666,
      "59": 0.8164965809277261,
      "60": 0.8164965809277261,
      "61": 0.8164965809277261,
      "63": 0.5773502691896258,
      "64": 0.5773502691896258,
      "65": 0.6666666666666666,
      "66": 0.6666666666666666,
      "68": 0.6666666666666666,
      "69": 1.0,
      "71": 0.6666666666666666,
      "72": 0.6666666666666666
    },
    "n_suspicious": 30,
    "pct_suspicious": 54.5,
    "n_fail": 4,
    "n_pass": 6
  },
  "dd": {
    "minimal_lines": [
      6,
      8,
      9,
      10,
      14,
      17,
      24,
      25,
      29,
      47,
      48,
      51,
      56,
      57,
      60,
      61,
      63,
      64,
      65,
      66,
      69,
      71,
      72
    ],
    "n_suspicious": 23,
    "pct_suspicious": 41.8,
    "dd_iterations": 1,
    "n_reducible": 23
  }
}