{
  "sbfl": {
    "line_scores": {
      "1": 0.6324555320336759,
      "3": 0.6324555320336759,
      "4": 0.6324555320336759,
      "6": 0.6324555320336759,
      "8": 0.6324555320336759,
      "9": 0.6324555320336759,
      "10": 0.6324555320336759,
      "13": 0.6324555320336759,
      "15": 0.6324555320336759,
      "16": 0.5303300858899106,
      "23": 0.6324555320336759,
      "25": 0.6666666666666666,
      "26": 0.6666666666666666,
      "32": 0.6324555320336759,
      "53": 0.6324555320336759,
      "54": 0.6666666666666666,
      "55": 0.6666666666666666,
      "57": 0.6666666666666666,
      "58": 0.6666666666666666,
      "60": 0.6666666666666666,
      "61": 0.8164965809277261,
      "62": 0.8164965809277261,
      "63": 0.8164965809277261,
      "65": 0.5773502691896258,
      "66": 0.5773502691896258,
      "68": 0.6666666666666666,
      "69": 0.6666666666666666,
      "71": 0.6666666666666666,
      "72": 1.0,
      "74": 0.6666666666666666,
      "77": 0.6666666666666666
    },
    "n_suspicious": 31,
    "pct_suspicious": 53.4,
    "n_fail": 4,
    "n_pass": 6
  },
  "dd": {
    "minimal_lines": [
      6,
      8,
      9,
      10,
      14,
      17,
      24,
      25,
      27,
      36,
      53,
      54,
      55,
      57,
      58,
      62,
      63,
      65,
      66,
      68,
      69,
      72,
      75,
      77
    ],
    "n_suspicious": 24,
    "pct_suspicious": 41.4,
    "dd_iterations": 1,
    "n_reducible": 24
  }
}