{
  "sbfl": {
    "line_scores": {
      "1": 0.6324555320336759,
      "3": 0.6324555320336759,
      "4": 0.6324555320336759,
      "6": 0.6324555320336759,
      "8": 0.6324555320336759,
      "9": 0.6324555320336759,
      "10": 0.6324555320336759,
      "13": 0.6324555320336759,
      "19": 0.6324555320336759,
      "21": 0.6324555320336759,
      "22": 0.5669467095138409,
      "29": 0.6324555320336759,
      "31": 0.6666666666666666,
      "34": 0.6324555320336759,
      "53": 0.6324555320336759,
      "54": 0.6666666666666666,
      "56": 0.6666666666666666,
      "57": 0.6666666666666666,
      "58": 0.6666666666666666,
      "59": 0.8164965809277261,
      "60": 0.8164965809277261,
      "61": 0.5,
      "62": 0.5,
      "63": 0.8944271909999159,
      "64": 0.5773502691896258,
      "65": 0.5773502691896258,
      "67": 1.0,
      "68": 1.0,
      "69": 1.0,
      "70": 1.0,
      "71": 0.6666666666666666,
      "72": 0.6666666666666666,
      "74": 0.6666666666666666,
      "75": 1.0,
      "77": 0.6666666666666666,
      "80": 0.6666666666666666
    },
    "n_suspicious": 36,
    "pct_suspicious": 58.1,
    "n_fail": 4,
    "n_pass": 6
  },
  "dd": {
    "minimal_lines": [
      6,
      8,
      9,
      10,
      14,
      20,
      23,
      30,
      31,
      35,
      53,
      54,
      56,
      57,
      59,
      61,
      62,
      64,
      65,
      67,
      68,
      69,
      70,
      71,
      72,
      75,
      78,
      80
    ],
    "n_suspicious": 28,
    "pct_suspicious": 45.2,
    "dd_iterations": 1,
    "n_reducible": 28
  }
}