{
  "sbfl": {
    "line_scores": {
      "1": 0.7071067811865475,
      "3": 0.7071067811865475,
      "4": 0.7071067811865475,
      "6": 0.7071067811865475,
      "8": 0.7071067811865475,
      "16": 0.7071067811865475,
      "17": 0.7071067811865475,
      "18": 0.7071067811865475,
      "19": 0.7071067811865475,
      "22": 0.7071067811865475,
      "24": 0.7071067811865475,
      "28": 0.7071067811865475,
      "30": 0.4472135954999579,
      "33": 0.7071067811865475,
      "58": 0.7071067811865475,
      "60": 0.7453559924999299,
      "61": 0.7453559924999299,
      "63": 0.7453559924999299,
      "65": 0.7453559924999299,
      "66": 0.4472135954999579,
      "67": 0.4472135954999579,
      "69": 0.4472135954999579,
      "70": 0.4472135954999579,
      "72": 0.7453559924999299
    },
    "n_suspicious": 24,
    "pct_suspicious": 44.4,
    "n_fail": 5,
    "n_pass": 5
  },
  "dd": {
    "minimal_lines": [
      6,
      8,
      16,
      17,
      18,
      19,
      23,
      25,
      29,
      30,
      42,
      58,
      60,
      61,
      63,
      66,
      68,
      70,
      72
    ],
    "n_suspicious": 19,
    "pct_suspicious": 35.2,
    "dd_iterations": 1,
    "n_reducible": 19
  }
}