{
  "sbfl": {
    "line_scores": {
      "1": 0.4472135954999579,
      "3": 0.4472135954999579,
      "4": 0.4472135954999579,
      "5": 0.4472135954999579,
      "7": 0.4472135954999579,
      "9": 0.4472135954999579,
      "10": 0.4472135954999579,
      "11": 0.4472135954999579,
      "12": 0.4472135954999579,
      "15": 0.4472135954999579,
      "25": 0.4472135954999579,
      "27": 0.47140452079103173,
      "29": 0.47140452079103173,
      "31": 0.5,
      "33": 0.5,
      "37": 0.4472135954999579,
      "43": 0.5345224838248488,
      "44": 0.5345224838248488,
      "45": 0.5345224838248488,
      "46": 0.5345224838248488,
      "47": 0.5345224838248488,
      "48": 0.5345224838248488,
      "51": 0.4472135954999579,
      "76": 0.4472135954999579,
      "77": 0.5345224838248488,
      "78": 0.5345224838248488,
      "80": 0.5345224838248488,
      "81": 0.6324555320336759
    },
    "n_suspicious": 28,
    "pct_suspicious": 41.8,
    "n_fail": 2,
    "n_pass": 8
  },
  "dd": {
    "minimal_lines": [
      7,
      9,
      10,
      11,
      12,
      20,
      26,
      28,
      30,
      32,
      34,
      42,
      43,
      44,
      46,
      47,
      48,
      58,
      76,
      77,
      78,
      81,
      82
    ],
    "n_suspicious": 23,
    "pct_suspicious": 34.3,
    "dd_iterations": 1,
    "n_reducible": 23
  }
}