{
  "sbfl": {
    "line_scores": {
      "1": 0.5477225575051661,
      "3": 0.5477225575051661,
      "4": 0.5477225575051661,
      "6": 0.5477225575051661,
      "8": 0.5477225575051661,
      "9": 0.5477225575051661,
      "10": 0.5477225575051661,
      "13": 0.5477225575051661,
      "15": 0.5477225575051661,
      "16": 0.5773502691896257,
      "21": 0.5477225575051661,
      "22": 0.4082482904638631,
      "29": 0.5477225575051661,
      "31": 0.5773502691896257,
      "32": 0.6123724356957946,
      "36": 0.5477225575051661,
      "58": 0.5477225575051661,
      "59": 0.5773502691896257,
      "61": 0.5773502691896257,
      "62": 0.5773502691896257,
      "63": 0.5773502691896257,
      "64": 0.7071067811865476,
      "65": 0.7071067811865476,
      "66": 0.7071067811865476,
      "68": 0.2886751345948129,
      "69": 0.2886751345948129,
      "70": 0.5773502691896257,
      "71": 0.5773502691896257,
      "73": 0.5773502691896257,
      "74": 1.0,
      "76": 0.5773502691896257,
      "77": 0.5773502691896257
    },
    "n_suspicious": 32,
    "pct_suspicious": 52.5,
    "n_fail": 3,
    "n_pass": 7
  },
  "dd": {
    "minimal_lines": [
      6,
      8,
      9,
      10,
      14,
      17,
      23,
      30,
      32,
      33,
      41,
      58,
      59,
      61,
      62,
      65,
      66,
      68,
      69,
      70,
      71,
      74,
      76,
      77
    ],
    "n_suspicious": 24,
    "pct_suspicious": 39.3,
    "dd_iterations": 1,
    "n_reducible": 24
  }
}