{
  "sbfl": {
    "line_scores": {
      "1": 0.7745966692414834,
      "3": 0.7745966692414834,
      "4": 0.7745966692414834,
      "6": 0.7745966692414834,
      "8": 0.7745966692414834,
      "9": 0.7745966692414834,
      "10": 0.7745966692414834,
      "13": 0.7745966692414834,
      "15": 0.7745966692414834,
      "21": 0.7745966692414834,
      "23": 0.5773502691896258,
      "26": 0.7745966692414834,
      "59": 0.7745966692414834,
      "61": 0.816496580927726,
      "62": 0.816496580927726,
      "64": 0.816496580927726,
      "66": 0.816496580927726,
      "67": 0.5773502691896258,
      "68": 0.5773502691896258,
      "69": 0.4082482904638631,
      "70": 0.4082482904638631,
      "71": 0.4082482904638631,
      "72": 0.816496580927726
    },
    "n_suspicious": 23,
    "pct_suspicious": 41.1,
    "n_fail": 6,
    "n_pass": 4
  },
  "dd": {
    "minimal_lines": [
      6,
      8,
      9,
      10,
      14,
      16,
      22,
      23,
      35,
      59,
      61,
      62,
      64,
      67,
      69,
      71,
      72
    ],
    "n_suspicious": 17,
    "pct_suspicious": 30.4,
    "dd_iterations": 1,
    "n_reducible": 17
  }
}