{
  "sbfl": {
    "line_scores": {
      "1": 0.7071067811865475,
      "3": 0.7071067811865475,
      "4": 0.7071067811865475,
      "6": 0.7071067811865475,
      "8": 0.7071067811865475,
      "9": 0.7071067811865475,
      "10": 0.7071067811865475,
      "13": 0.7071067811865475,
      "15": 0.7071067811865475,
      "19": 0.7071067811865475,
      "21": 0.7453559924999299,
      "24": 0.7071067811865475,
      "54": 0.7071067811865475,
      "56": 0.7453559924999299,
      "57": 0.7453559924999299,
      "58": 0.7453559924999299,
      "60": 0.7453559924999299,
      "61": 0.31622776601683794,
      "62": 0.31622776601683794,
      "64": 0.7453559924999299,
      "65": 0.7453559924999299
    },
    "n_suspicious": 21,
    "pct_suspicious": 42.9,
    "n_fail": 5,
    "n_pass": 5
  },
  "dd": {
    "minimal_lines": [
      6,
      8,
      9,
      10,
      14,
      16,
      20,
      21,
      33,
      54,
      56,
      57,
      58,
      61,
      62,
      64,
      65
    ],
    "n_suspicious": 17,
    "pct_suspicious": 34.7,
    "dd_iterations": 1,
    "n_reducible": 17
  }
}