{
  "sbfl": {
    "line_scores": {
      "1": 0.6324555320336759,
      "3": 0.6324555320336759,
      "4": 0.6324555320336759,
      "6": 0.6324555320336759,
      "8": 0.6324555320336759,
      "9": 0.6324555320336759,
      "10": 0.6324555320336759,
      "13": 0.6324555320336759,
      "15": 0.6324555320336759,
      "19": 0.6324555320336759,
      "20": 0.6666666666666666,
      "26": 0.6324555320336759,
      "31": 0.6324555320336759,
      "49": 0.6324555320336759,
      "50": 0.6666666666666666,
      "52": 0.6666666666666666,
      "54": 0.6666666666666666,
      "55": 0.6666666666666666,
      "56": 0.6666666666666666,
      "57": 0.8164965809277261,
      "58": 0.8164965809277261,
      "59": 0.8164965809277261,
      "61": 0.8944271909999159,
      "62": 0.8944271909999159,
      "63": 0.6666666666666666,
      "64": 0.6666666666666666,
      "66": 0.6666666666666666,
      "67": 1.0,
      "69": 0.6666666666666666
    },
    "n_suspicious": 29,
    "pct_suspicious": 55.8,
    "n_fail": 4,
    "n_pass": 6
  },
  "dd": {
    "minimal_lines": [
      6,
      8,
      9,
      10,
      14,
      16,
      21,
      27,
      28,
      32,
      49,
      50,
      52,
      54,
      55,
      58,
      59,
      61,
      62,
      63,
      64,
      67,
      69
    ],
    "n_suspicious": 23,
    "pct_suspicious": 44.2,
    "dd_iterations": 1,
    "n_reducible": 23
  }
}