{
  "sbfl": {
    "line_scores": {
      "1": 0.5477225575051661,
      "3": 0.5477225575051661,
      "4": 0.5477225575051661,
      "6": 0.5477225575051661,
      "8": 0.5477225575051661,
      "9": 0.5477225575051661,
      "10": 0.5477225575051661,
      "11": 0.5477225575051661,
      "14": 0.5477225575051661,
      "16": 0.5477225575051661,
      "18": 0.5477225575051661,
      "22": 0.5477225575051661,
      "24": 0.5773502691896257,
      "30": 0.5477225575051661,
      "54": 0.5477225575051661,
      "55": 0.5477225575051661,
      "58": 0.5773502691896257,
      "61": 0.5773502691896257,
      "63": 0.5773502691896257,
      "64": 0.6123724356957946,
      "66": 0.5773502691896257,
      "67": 0.6123724356957946,
      "70": 0.6546536707079772,
      "71": 0.6546536707079772,
      "72": 0.6546536707079772
    },
    "n_suspicious": 25,
    "pct_suspicious": 46.3,
    "n_fail": 3,
    "n_pass": 7
  },
  "dd": {
    "minimal_lines": [
      6,
      8,
      9,
      10,
      11,
      15,
      17,
      19,
      23,
      25,
      34,
      54,
      56,
      59,
      61,
      64,
      68,
      70,
      71,
      72
    ],
    "n_suspicious": 20,
    "pct_suspicious": 37.0,
    "dd_iterations": 1,
    "n_reducible": 20
  }
}