{
  "sbfl": {
    "line_scores": {
      "1": 0.6324555320336759,
      "3": 0.6324555320336759,
      "4": 0.6324555320336759,
      "6": 0.6324555320336759,
      "13": 0.6324555320336759,
      "15": 0.6324555320336759,
      "16": 0.6324555320336759,
      "17": 0.6324555320336759,
      "18": 0.6324555320336759,
      "21": 0.6324555320336759,
      "23": 0.7071067811865475,
      "24": 0.7071067811865475,
      "26": 0.7071067811865475,
      "33": 0.6324555320336759,
      "35": 0.7071067811865475,
      "38": 0.6324555320336759,
      "61": 0.6324555320336759,
      "63": 0.6666666666666666,
      "66": 0.7071067811865475,
      "68": 0.7071067811865475,
      "69": 0.7071067811865475,
      "70": 0.7071067811865475,
      "72": 0.7071067811865475,
      "74": 0.7071067811865475,
      "76": 0.7071067811865475,
      "78": 0.7559289460184544
    },
    "n_suspicious": 26,
    "pct_suspicious": 44.1,
    "n_fail": 4,
    "n_pass": 6
  },
  "dd": {
    "minimal_lines": [
      6,
      13,
      15,
      16,
      17,
      18,
      22,
      25,
      27,
      34,
      35,
      44,
      62,
      64,
      66,
      68,
      69,
      70,
      72,
      74,
      77,
      78
    ],
    "n_suspicious": 22,
    "pct_suspicious": 37.3,
    "dd_iterations": 1,
    "n_reducible": 22
  }
}