{
  "sbfl": {
    "line_scores": {
      "1": 0.5477225575051661,
      "3": 0.5477225575051661,
      "4": 0.5477225575051661,
      "6": 0.5477225575051661,
      "8": 0.5477225575051661,
      "9": 0.5477225575051661,
      "10": 0.5477225575051661,
      "13": 0.5477225575051661,
      "15": 0.5477225575051661,
      "21": 0.5477225575051661,
      "23": 0.5773502691896257,
      "26": 0.5477225575051661,
      "50": 0.5477225575051661,
      "52": 0.5773502691896257,
      "53": 0.5773502691896257,
      "55": 0.5773502691896257,
      "56": 0.8660254037844387,
      "58": 0.5773502691896257,
      "59": 0.7745966692414834,
      "66": 0.5773502691896257
    },
    "n_suspicious": 20,
    "pct_suspicious": 40.8,
    "n_fail": 3,
    "n_pass": 7
  },
  "dd": {
    "minimal_lines": [
      6,
      8,
      9,
      10,
      14,
      16,
      22,
      23,
      32,
      50,
      52,
      53,
      56,
      59,
      66
    ],
    "n_suspicious": 15,
    "pct_suspicious": 30.6,
    "dd_iterations": 1,
    "n_reducible": 15
  }
}