{
  "sbfl": {
    "line_scores": {
      "1": 0.7071067811865475,
      "3": 0.7071067811865475,
      "4": 0.7071067811865475,
      "6": 0.7071067811865475,
      "8": 0.7071067811865475,
      "16": 0.7071067811865475,
      "17": 0.7071067811865475,
      "18": 0.7071067811865475,
      "21": 0.7071067811865475,
      "23": 0.7071067811865475,
      "27": 0.7071067811865475,
      "29": 0.7453559924999299,
      "32": 0.7071067811865475,
      "63": 0.7071067811865475,
      "65": 0.7453559924999299,
      "66": 0.7453559924999299,
      "68": 0.7453559924999299,
      "69": 0.5163977794943222,
      "70": 0.5163977794943222,
      "71": 0.4472135954999579,
      "72": 0.31622776601683794,
      "73": 0.4472135954999579,
      "75": 0.7453559924999299,
      "76": 0.7453559924999299
    },
    "n_suspicious": 24,
    "pct_suspicious": 41.4,
    "n_fail": 5,
    "n_pass": 5
  },
  "dd": {
    "minimal_lines": [
      6,
      8,
      16,
      17,
      18,
      22,
      24,
      28,
      29,
      41,
      63,
      65,
      66,
      69,
      71,
      73,
      75,
      76
    ],
    "n_suspicious": 18,
    "pct_suspicious": 31.0,
    "dd_iterations": 1,
    "n_reducible": 18
  }
}