{
  "sbfl": {
    "line_scores": {
      "1": 0.5477225575051661,
      "3": 0.5477225575051661,
      "4": 0.5477225575051661,
      "6": 0.5477225575051661,
      "8": 0.5477225575051661,
      "9": 0.5477225575051661,
      "10": 0.5477225575051661,
      "11": 0.5477225575051661,
      "14": 0.5477225575051661,
      "16": 0.5477225575051661,
      "18": 0.5773502691896257,
      "20": 0.6123724356957946,
      "24": 0.5477225575051661,
      "26": 0.6123724356957946,
      "29": 0.5477225575051661,
      "55": 0.5477225575051661,
      "57": 0.6123724356957946,
      "58": 0.6123724356957946,
      "60": 0.6123724356957946,
      "62": 0.6123724356957946,
      "64": 0.6546536707079772
    },
    "n_suspicious": 21,
    "pct_suspicious": 43.8,
    "n_fail": 3,
    "n_pass": 7
  },
  "dd": {
    "minimal_lines": [
      6,
      8,
      9,
      10,
      11,
      15,
      17,
      19,
      21,
      25,
      26,
      36,
      55,
      57,
      58,
      60,
      63,
      64
    ],
    "n_suspicious": 18,
    "pct_suspicious": 37.5,
    "dd_iterations": 1,
    "n_reducible": 18
  }
}