{
  "sbfl": {
    "line_scores": {
      "1": 0.5477225575051661,
      "3": 0.5477225575051661,
      "4": 0.5477225575051661,
      "6": 0.5477225575051661,
      "8": 0.5477225575051661,
      "9": 0.5477225575051661,
      "10": 0.5477225575051661,
      "11": 0.5477225575051661,
      "14": 0.5477225575051661,
      "16": 0.5477225575051661,
      "18": 0.5773502691896257,
      "20": 0.5773502691896257,
      "24": 0.5477225575051661,
      "26": 0.6123724356957946,
      "29": 0.5477225575051661,
      "52": 0.5477225575051661,
      "53": 0.5773502691896257,
      "56": 0.6123724356957946,
      "58": 0.6123724356957946,
      "59": 0.6123724356957946,
      "61": 0.6123724356957946,
      "63": 0.6123724356957946,
      "64": 0.47140452079103173,
      "66": 0.6123724356957946
    },
    "n_suspicious": 24,
    "pct_suspicious": 50.0,
    "n_fail": 3,
    "n_pass": 7
  },
  "dd": {
    "minimal_lines": [
      6,
      8,
      9,
      10,
      11,
      15,
      17,
      19,
      21,
      25,
      26,
      35,
      52,
      54,
      56,
      58,
      59,
      61,
      64,
      66
    ],
    "n_suspicious": 20,
    "pct_suspicious": 41.7,
    "dd_iterations": 1,
    "n_reducible": 20
  }
}