{
  "sbfl": {
    "line_scores": {
      "1": 0.7071067811865475,
      "3": 0.7071067811865475,
      "4": 0.7071067811865475,
      "6": 0.7071067811865475,
      "13": 0.7071067811865475,
      "15": 0.7071067811865475,
      "16": 0.7071067811865475,
      "17": 0.7071067811865475,
      "18": 0.7071067811865475,
      "21": 0.7071067811865475,
      "23": 0.7453559924999299,
      "25": 0.7453559924999299,
      "27": 0.7453559924999299,
      "30": 0.7071067811865475,
      "32": 0.7453559924999299,
      "35": 0.7071067811865475,
      "64": 0.7071067811865475,
      "67": 0.7453559924999299,
      "68": 0.7453559924999299,
      "70": 0.7453559924999299,
      "71": 0.4472135954999579,
      "72": 0.4472135954999579,
      "74": 0.4472135954999579,
      "75": 0.4472135954999579,
      "77": 0.7453559924999299,
      "78": 0.7453559924999299
    },
    "n_suspicious": 26,
    "pct_suspicious": 43.3,
    "n_fail": 5,
    "n_pass": 5
  },
  "dd": {
    "minimal_lines": [
      6,
      13,
      15,
      16,
      17,
      18,
      22,
      24,
      26,
      27,
      31,
      32,
      44,
      65,
      67,
      68,
      71,
      73,
      75,
      77,
      78
    ],
    "n_suspicious": 21,
    "pct_suspicious": 35.0,
    "dd_iterations": 1,
    "n_reducible": 21
  }
}