{
  "sbfl": {
    "line_scores": {
      "1": 0.5477225575051661,
      "3": 0.5477225575051661,
      "4": 0.5477225575051661,
      "6": 0.5477225575051661,
      "8": 0.5477225575051661,
      "17": 0.5477225575051661,
      "18": 0.5477225575051661,
      "19": 0.5477225575051661,
      "20": 0.5477225575051661,
      "23": 0.5477225575051661,
      "25": 0.6123724356957946,
      "26": 0.6123724356957946,
      "27": 0.5163977794943222,
      "29": 0.5163977794943222,
      "30": 0.5163977794943222,
      "31": 0.6123724356957946,
      "34": 0.5477225575051661,
      "36": 0.6123724356957946,
      "37": 0.6123724356957946,
      "40": 0.5477225575051661,
      "63": 0.5477225575051661,
      "65": 0.5773502691896257,
      "68": 0.6123724356957946,
      "69": 0.6123724356957946,
      "71": 0.6123724356957946,
      "73": 0.6123724356957946,
      "75": 0.6123724356957946,
      "77": 0.6546536707079772
    },
    "n_suspicious": 28,
    "pct_suspicious": 48.3,
    "n_fail": 3,
    "n_pass": 7
  },
  "dd": {
    "minimal_lines": [
      6,
      8,
      17,
      18,
      19,
      20,
      24,
      25,
      28,
      29,
      30,
      31,
      35,
      36,
      37,
      46,
      64,
      66,
      68,
      69,
      71,
      73,
      76,
      77
    ],
    "n_suspicious": 24,
    "pct_suspicious": 41.4,
    "dd_iterations": 1,
    "n_reducible": 24
  }
}