{
  "sbfl": {
    "line_scores": {
      "1": 0.5477225575051661,
      "3": 0.5477225575051661,
      "4": 0.5477225575051661,
      "6": 0.5477225575051661,
      "9": 0.5477225575051661,
      "12": 0.5477225575051661,
      "15": 0.5477225575051661,
      "18": 0.5477225575051661,
      "20": 0.5477225575051661,
      "24": 0.5773502691896257,
      "30": 0.5477225575051661,
      "32": 0.6123724356957946,
      "35": 0.5477225575051661,
      "63": 0.5477225575051661,
      "65": 0.6123724356957946,
      "66": 0.6123724356957946,
      "68": 0.6123724356957946,
      "70": 0.6123724356957946,
      "72": 0.6546536707079772
    },
    "n_suspicious": 19,
    "pct_suspicious": 37.3,
    "n_fail": 3,
    "n_pass": 7
  },
  "dd": {
    "minimal_lines": [
      6,
      9,
      12,
      15,
      19,
      21,
      25,
      31,
      32,
      42,
      63,
      65,
      66,
      68,
      71,
      72
    ],
    "n_suspicious": 16,
    "pct_suspicious": 31.4,
    "dd_iterations": 1,
    "n_reducible": 16
  }
}