{
  "sbfl": {
    "line_scores": {
      "1": 0.6324555320336759,
      "3": 0.6324555320336759,
      "4": 0.6324555320336759,
      "6": 0.6324555320336759,
      "8": 0.6324555320336759,
      "9": 0.6324555320336759,
      "10": 0.6324555320336759,
      "13": 0.6324555320336759,
      "15": 0.6324555320336759,
      "16": 0.5303300858899106,
      "23": 0.6324555320336759,
      "25": 0.6666666666666666,
      "32": 0.6666666666666666,
      "35": 0.6324555320336759,
      "55": 0.6324555320336759,
      "56": 0.6666666666666666,
      "58": 0.6666666666666666,
      "59": 0.6666666666666666,
      "61": 0.6666666666666666,
      "62": 0.8164965809277261,
      "63": 0.5,
      "64": 0.5,
      "65": 0.8944271909999159,
      "66": 0.5773502691896258,
      "67": 0.5773502691896258,
      "69": 1.0,
      "70": 1.0,
      "71": 1.0,
      "72": 1.0,
      "74": 0.6666666666666666,
      "75": 0.6666666666666666,
      "77": 0.6666666666666666,
      "78": 1.0,
      "80": 0.6666666666666666,
      "81": 0.6666666666666666
    },
    "n_suspicious": 35,
    "pct_suspicious": 55.6,
    "n_fail": 4,
    "n_pass": 6
  },
  "dd": {
    "minimal_lines": [
      6,
      8,
      9,
      10,
      14,
      17,
      24,
      26,
      31,
      32,
      38,
      55,
      56,
      58,
      59,
      63,
      64,
      66,
      67,
      69,
      70,
      71,
      72,
      74,
      75,
      78,
      80,
      81
    ],
    "n_suspicious": 28,
    "pct_suspicious": 44.4,
    "dd_iterations": 1,
    "n_reducible": 28
  }
}