{
  "sbfl": {
    "line_scores": {
      "1": 0.7071067811865475,
      "3": 0.7071067811865475,
      "4": 0.7071067811865475,
      "6": 0.7071067811865475,
      "8": 0.7071067811865475,
      "9": 0.7071067811865475,
      "10": 0.7071067811865475,
      "11": 0.7071067811865475,
      "14": 0.7071067811865475,
      "16": 0.7071067811865475,
      "20": 0.7071067811865475,
      "22": 0.8164965809277261,
      "25": 0.7071067811865475,
      "51": 0.7071067811865475,
      "52": 0.7071067811865475,
      "55": 0.7559289460184544,
      "59": 0.7559289460184544,
      "64": 0.7559289460184544,
      "65": 0.8164965809277261,
      "67": 0.7559289460184544,
      "68": 0.8164965809277261,
      "71": 0.8164965809277261,
      "72": 0.8164965809277261,
      "73": 0.8164965809277261
    },
    "n_suspicious": 24,
    "pct_suspicious": 43.6,
    "n_fail": 4,
    "n_pass": 4
  },
  "dd": {
    "minimal_lines": [
      6,
      8,
      9,
      10,
      11,
      15,
      17,
      21,
      22,
      29,
      51,
      53,
      56,
      60,
      65,
      69,
      71,
      72,
      73
    ],
    "n_suspicious": 19,
    "pct_suspicious": 34.5,
    "dd_iterations": 1,
    "n_reducible": 19
  }
}