{
  "sbfl": {
    "line_scores": {
      "7": 0.6324555320336759,
      "9": 0.6324555320336759,
      "10": 0.6324555320336759,
      "12": 0.6324555320336759,
      "14": 0.6324555320336759,
      "15": 0.6324555320336759,
      "16": 0.6324555320336759,
      "19": 0.6324555320336759,
      "21": 0.6324555320336759,
      "28": 0.6324555320336759,
      "30": 0.6666666666666666,
      "31": 0.8944271909999159,
      "33": 0.8944271909999159,
      "37": 0.6324555320336759,
      "57": 0.6324555320336759,
      "58": 0.6666666666666666,
      "60": 0.6666666666666666,
      "62": 0.6666666666666666,
      "63": 0.8944271909999159,
      "64": 1.0,
      "66": 0.6666666666666666,
      "67": 0.6666666666666666,
      "68": 0.6666666666666666
    },
    "n_suspicious": 23,
    "pct_suspicious": 44.2,
    "n_fail": 4,
    "n_pass": 6
  },
  "dd": {
    "minimal_lines": [
      1,
      12,
      14,
      15,
      16,
      20,
      22,
      29,
      32,
      33,
      34,
      43,
      57,
      58,
      60,
      64,
      66,
      67,
      68
    ],
    "n_suspicious": 19,
    "pct_suspicious": 36.5,
    "dd_iterations": 1,
    "n_reducible": 19
  }
}