{
  "sbfl": {
    "line_scores": {
      "1": 0.6324555320336759,
      "3": 0.6324555320336759,
      "4": 0.6324555320336759,
      "6": 0.6324555320336759,
      "8": 0.6324555320336759,
      "9": 0.6324555320336759,
      "10": 0.6324555320336759,
      "13": 0.6324555320336759,
      "15": 0.6324555320336759,
      "16": 0.5303300858899106,
      "23": 0.6324555320336759,
      "25": 0.6666666666666666,
      "33": 0.6666666666666666,
      "36": 0.6324555320336759,
      "55": 0.6324555320336759,
      "56": 0.6666666666666666,
      "58": 0.6666666666666666,
      "59": 0.6666666666666666,
      "61": 0.6666666666666666,
      "62": 0.6666666666666666,
      "64": 0.6666666666666666,
      "65": 0.8164965809277261,
      "66": 0.5,
      "67": 0.5,
      "68": 0.8164965809277261,
      "69": 0.35355339059327373,
      "70": 0.35355339059327373,
      "72": 0.8944271909999159,
      "73": 0.8944271909999159,
      "74": 0.8944271909999159,
      "75": 0.8944271909999159,
      "77": 0.6666666666666666,
      "78": 0.6666666666666666,
      "80": 0.6666666666666666,
      "83": 0.6666666666666666,
      "84": 1.0,
      "85": 0.6666666666666666
    },
    "n_suspicious": 37,
    "pct_suspicious": 56.1,
    "n_fail": 4,
    "n_pass": 6
  },
  "dd": {
    "minimal_lines": [
      6,
      8,
      9,
      10,
      14,
      17,
      24,
      26,
      32,
      33,
      39,
      55,
      56,
      58,
      59,
      61,
      62,
      66,
      67,
      69,
      70,
      72,
      73,
      74,
      75,
      77,
      78,
      81,
      84,
      85
    ],
    "n_suspicious": 30,
    "pct_suspicious": 45.5,
    "dd_iterations": 1,
    "n_reducible": 30
  }
}