{
  "sbfl": {
    "line_scores": {
      "1": 0.4472135954999579,
      "3": 0.4472135954999579,
      "4": 0.4472135954999579,
      "6": 0.4472135954999579,
      "15": 0.4472135954999579,
      "17": 0.4472135954999579,
      "18": 0.4472135954999579,
      "19": 0.4472135954999579,
      "22": 0.4472135954999579,
      "24": 0.4472135954999579,
      "28": 0.4472135954999579,
      "30": 0.47140452079103173,
      "31": 0.5,
      "38": 0.4472135954999579,
      "60": 0.4472135954999579,
      "61": 0.47140452079103173,
      "63": 0.5,
      "64": 0.5,
      "65": 0.5,
      "67": 0.5,
      "69": 0.5773502691896258
    },
    "n_suspicious": 21,
    "pct_suspicious": 40.4,
    "n_fail": 2,
    "n_pass": 8
  },
  "dd": {
    "minimal_lines": [
      6,
      15,
      17,
      18,
      19,
      23,
      25,
      29,
      31,
      33,
      35,
      43,
      60,
      61,
      63,
      65,
      68,
      69
    ],
    "n_suspicious": 18,
    "pct_suspicious": 34.6,
    "dd_iterations": 1,
    "n_reducible": 18
  }
}