{
  "sbfl": {
    "line_scores": {
      "1": 0.5477225575051661,
      "3": 0.5477225575051661,
      "4": 0.5477225575051661,
      "6": 0.5477225575051661,
      "8": 0.5477225575051661,
      "9": 0.5477225575051661,
      "10": 0.5477225575051661,
      "13": 0.5477225575051661,
      "19": 0.5477225575051661,
      "20": 0.5773502691896257,
      "25": 0.5477225575051661,
      "26": 0.4364357804719848,
      "33": 0.5477225575051661,
      "35": 0.5477225575051661,
      "42": 0.5477225575051661,
      "45": 0.5477225575051661,
      "65": 0.5477225575051661,
      "66": 0.5477225575051661,
      "68": 0.5477225575051661,
      "69": 0.5477225575051661,
      "70": 0.5477225575051661,
      "71": 0.6546536707079772,
      "72": 0.6546536707079772,
      "73": 0.2886751345948129,
      "74": 0.2886751345948129,
      "75": 0.6546536707079772,
      "76": 0.3333333333333333,
      "77": 0.3333333333333333,
      "79": 0.7745966692414834,
      "80": 0.7745966692414834,
      "81": 0.7745966692414834,
      "82": 0.7745966692414834,
      "83": 0.5477225575051661,
      "84": 0.5477225575051661,
      "86": 0.5477225575051661,
      "87": 1.0,
      "89": 0.5477225575051661,
      "90": 0.5477225575051661
    },
    "n_suspicious": 38,
    "pct_suspicious": 52.1,
    "n_fail": 3,
    "n_pass": 7
  },
  "dd": {
    "minimal_lines": [
      6,
      8,
      9,
      10,
      14,
      21,
      27,
      34,
      36,
      41,
      42,
      48,
      65,
      66,
      68,
      69,
      71,
      73,
      74,
      76,
      77,
      79,
      80,
      81,
      82,
      83,
      84,
      87,
      89,
      90
    ],
    "n_suspicious": 30,
    "pct_suspicious": 41.1,
    "dd_iterations": 1,
    "n_reducible": 30
  }
}