{
  "sbfl": {
    "line_scores": {
      "7": 0.7071067811865475,
      "9": 0.7071067811865475,
      "10": 0.7071067811865475,
      "12": 0.7071067811865475,
      "14": 0.7071067811865475,
      "15": 0.7071067811865475,
      "16": 0.7071067811865475,
      "19": 0.7071067811865475,
      "21": 0.7453559924999299,
      "25": 0.7905694150420948,
      "29": 0.7905694150420948,
      "35": 0.7071067811865475,
      "37": 0.7905694150420948,
      "40": 0.7071067811865475,
      "60": 0.7071067811865475,
      "61": 0.7071067811865475,
      "62": 0.7453559924999299,
      "63": 0.8451542547285166,
      "64": 0.7302967433402214,
      "65": 1.0,
      "66": 1.0,
      "69": 0.7905694150420948,
      "70": 0.7905694150420948
    },
    "n_suspicious": 23,
    "pct_suspicious": 41.1,
    "n_fail": 5,
    "n_pass": 5
  },
  "dd": {
    "minimal_lines": [
      1,
      12,
      14,
      15,
      16,
      20,
      22,
      26,
      30,
      36,
      37,
      43,
      60,
      62,
      64,
      66,
      68,
      69,
      70
    ],
    "n_suspicious": 19,
    "pct_suspicious": 33.9,
    "dd_iterations": 1,
    "n_reducible": 19
  }
}