{
  "sbfl": {
    "line_scores": {
      "1": 0.5477225575051661,
      "3": 0.5477225575051661,
      "4": 0.5477225575051661,
      "6": 0.5477225575051661,
      "9": 0.5477225575051661,
      "12": 0.5477225575051661,
      "15": 0.5477225575051661,
      "18": 0.5477225575051661,
      "20": 0.5477225575051661,
      "24": 0.5773502691896257,
      "30": 0.5477225575051661,
      "34": 0.5773502691896257,
      "37": 0.5477225575051661,
      "63": 0.5477225575051661,
      "65": 0.5773502691896257,
      "66": 0.5773502691896257,
      "68": 0.5773502691896257,
      "73": 0.5773502691896257,
      "75": 0.6546536707079772
    },
    "n_suspicious": 19,
    "pct_suspicious": 35.2,
    "n_fail": 3,
    "n_pass": 7
  },
  "dd": {
    "minimal_lines": [
      6,
      9,
      12,
      15,
      19,
      21,
      25,
      33,
      34,
      44,
      63,
      65,
      66,
      68,
      74,
      75
    ],
    "n_suspicious": 16,
    "pct_suspicious": 29.6,
    "dd_iterations": 1,
    "n_reducible": 16
  }
}