{
  "sbfl": {
    "line_scores": {
      "1": 0.6324555320336759,
      "3": 0.6324555320336759,
      "4": 0.6324555320336759,
      "6": 0.6324555320336759,
      "8": 0.6324555320336759,
      "9": 0.6324555320336759,
      "10": 0.6324555320336759,
      "11": 0.6324555320336759,
      "14": 0.6324555320336759,
      "16": 0.6324555320336759,
      "20": 0.6666666666666666,
      "26": 0.6324555320336759,
      "28": 0.6666666666666666,
      "31": 0.6324555320336759,
      "59": 0.6324555320336759,
      "61": 0.6666666666666666,
      "62": 0.6666666666666666,
      "64": 0.6666666666666666,
      "66": 0.6666666666666666,
      "68": 0.7071067811865475
    },
    "n_suspicious": 20,
    "pct_suspicious": 38.5,
    "n_fail": 4,
    "n_pass": 6
  },
  "dd": {
    "minimal_lines": [
      6,
      8,
      9,
      10,
      11,
      15,
      17,
      21,
      27,
      28,
      38,
      59,
      61,
      62,
      64,
      67,
      68
    ],
    "n_suspicious": 17,
    "pct_suspicious": 32.7,
    "dd_iterations": 1,
    "n_reducible": 17
  }
}