{
  "sbfl": {
    "line_scores": {
      "1": 0.5477225575051661,
      "3": 0.5477225575051661,
      "4": 0.5477225575051661,
      "6": 0.5477225575051661,
      "9": 0.5477225575051661,
      "12": 0.5477225575051661,
      "15": 0.5477225575051661,
      "18": 0.5477225575051661,
      "25": 0.5477225575051661,
      "27": 0.5477225575051661,
      "28": 0.5773502691896257,
      "32": 0.5477225575051661,
      "34": 0.5773502691896257,
      "37": 0.5477225575051661,
      "63": 0.5477225575051661,
      "65": 0.5773502691896257,
      "66": 0.5773502691896257,
      "68": 0.5773502691896257,
      "70": 0.5773502691896257,
      "72": 0.6123724356957946
    },
    "n_suspicious": 20,
    "pct_suspicious": 40.0,
    "n_fail": 3,
    "n_pass": 7
  },
  "dd": {
    "minimal_lines": [
      6,
      9,
      12,
      15,
      19,
      26,
      29,
      33,
      34,
      44,
      63,
      65,
      66,
      68,
      71,
      72
    ],
    "n_suspicious": 16,
    "pct_suspicious": 32.0,
    "dd_iterations": 1,
    "n_reducible": 16
  }
}