{
  "sbfl": {
    "line_scores": {
      "1": 0.6324555320336759,
      "3": 0.6324555320336759,
      "4": 0.6324555320336759,
      "6": 0.6324555320336759,
      "8": 0.6324555320336759,
      "9": 0.6324555320336759,
      "10": 0.6324555320336759,
      "11": 0.6324555320336759,
      "14": 0.6324555320336759,
      "16": 0.6324555320336759,
      "23": 0.6324555320336759,
      "27": 0.6666666666666666,
      "30": 0.6324555320336759,
      "57": 0.6324555320336759,
      "59": 0.6666666666666666,
      "60": 0.6666666666666666,
      "62": 0.6666666666666666,
      "64": 0.6666666666666666,
      "66": 0.7071067811865475
    },
    "n_suspicious": 19,
    "pct_suspicious": 38.0,
    "n_fail": 4,
    "n_pass": 6
  },
  "dd": {
    "minimal_lines": [
      6,
      8,
      9,
      10,
      11,
      15,
      17,
      26,
      27,
      37,
      57,
      59,
      60,
      62,
      65,
      66
    ],
    "n_suspicious": 16,
    "pct_suspicious": 32.0,
    "dd_iterations": 1,
    "n_reducible": 16
  }
}