{
  "sbfl": {
    "line_scores": {
      "1": 0.6324555320336759,
      "3": 0.6324555320336759,
      "4": 0.6324555320336759,
      "6": 0.6324555320336759,
      "8": 0.6324555320336759,
      "15": 0.6324555320336759,
      "16": 0.6324555320336759,
      "17": 0.6324555320336759,
      "18": 0.6324555320336759,
      "21": 0.6324555320336759,
      "23": 0.6324555320336759,
      "27": 0.6666666666666666,
      "33": 0.6324555320336759,
      "37": 0.6666666666666666,
      "40": 0.6324555320336759,
      "67": 0.6324555320336759,
      "69": 0.6666666666666666,
      "70": 0.6666666666666666,
      "72": 0.6666666666666666,
      "75": 0.6666666666666666,
      "77": 0.7071067811865475
    },
    "n_suspicious": 21,
    "pct_suspicious": 35.6,
    "n_fail": 4,
    "n_pass": 6
  },
  "dd": {
    "minimal_lines": [
      6,
      8,
      15,
      16,
      17,
      18,
      22,
      24,
      28,
      36,
      37,
      47,
      67,
      69,
      70,
      72,
      76,
      77
    ],
    "n_suspicious": 18,
    "pct_suspicious": 30.5,
    "dd_iterations": 1,
    "n_reducible": 18
  }
}