{
  "sbfl": {
    "line_scores": {
      "1": 0.6324555320336759,
      "3": 0.6324555320336759,
      "4": 0.6324555320336759,
      "6": 0.6324555320336759,
      "8": 0.6324555320336759,
      "16": 0.6324555320336759,
      "17": 0.6324555320336759,
      "18": 0.6324555320336759,
      "19": 0.6324555320336759,
      "22": 0.6324555320336759,
      "24": 0.6324555320336759,
      "28": 0.6666666666666666,
      "34": 0.6324555320336759,
      "36": 0.6666666666666666,
      "39": 0.6324555320336759,
      "62": 0.6324555320336759,
      "64": 0.6666666666666666,
      "65": 0.6666666666666666,
      "67": 0.6666666666666666,
      "69": 0.6666666666666666,
      "71": 0.7071067811865475
    },
    "n_suspicious": 21,
    "pct_suspicious": 38.9,
    "n_fail": 4,
    "n_pass": 6
  },
  "dd": {
    "minimal_lines": [
      6,
      8,
      16,
      17,
      18,
      19,
      23,
      25,
      29,
      35,
      36,
      46,
      62,
      64,
      65,
      67,
      70,
      71
    ],
    "n_suspicious": 18,
    "pct_suspicious": 33.3,
    "dd_iterations": 1,
    "n_reducible": 18
  }
}