{
  "sbfl": {
    "line_scores": {
      "7": 0.6324555320336759,
      "9": 0.6324555320336759,
      "10": 0.6324555320336759,
      "12": 0.6324555320336759,
      "13": 0.6324555320336759,
      "14": 0.6324555320336759,
      "15": 0.6324555320336759,
      "16": 0.6324555320336759,
      "19": 0.6324555320336759,
      "21": 0.6324555320336759,
      "23": 0.6666666666666666,
      "27": 0.6324555320336759,
      "29": 0.7071067811865475,
      "33": 0.6324555320336759,
      "60": 0.6324555320336759,
      "61": 0.7071067811865475,
      "63": 0.7559289460184544,
      "65": 0.7559289460184544,
      "66": 0.7559289460184544,
      "68": 0.7559289460184544,
      "70": 0.7559289460184544,
      "72": 0.7559289460184544,
      "74": 0.8164965809277261
    },
    "n_suspicious": 23,
    "pct_suspicious": 41.1,
    "n_fail": 4,
    "n_pass": 6
  },
  "dd": {
    "minimal_lines": [
      1,
      12,
      13,
      14,
      15,
      16,
      20,
      22,
      24,
      28,
      30,
      39,
      60,
      61,
      63,
      65,
      66,
      68,
      70,
      73,
      74
    ],
    "n_suspicious": 21,
    "pct_suspicious": 37.5,
    "dd_iterations": 1,
    "n_reducible": 21
  }
}