{
  "sbfl": {
    "line_scores": {
      "64": 0.816496580927726,
      "65": 0.816496580927726,
      "67": 0.816496580927726,
      "7": 0.7745966692414834,
      "9": 0.7745966692414834,
      "10": 0.7745966692414834,
      "12": 0.7745966692414834,
      "14": 0.7745966692414834,
      "15": 0.7745966692414834,
      "16": 0.7745966692414834,
      "17": 0.7745966692414834,
      "20": 0.7745966692414834,
      "22": 0.7745966692414834,
      "28": 0.7745966692414834,
      "34": 0.816496580927726,
      "37": 0.7745966692414834,
      "62": 0.7745966692414834
    },
    "n_suspicious": 17,
    "pct_suspicious": 34.0,
    "n_fail": 6,
    "n_pass": 4
  },
  "dd": {
    "minimal_lines": [
      1,
      12,
      14,
      15,
      16,
      17,
      21,
      23,
      29,
      34,
      42,
      62,
      64,
      65,
      67
    ],
    "n_suspicious": 15,
    "pct_suspicious": 30.0,
    "dd_iterations": 1,
    "n_reducible": 15
  }
}