{
  "sbfl": {
    "line_scores": {
      "1": 0.4472135954999579,
      "3": 0.4472135954999579,
      "4": 0.4472135954999579,
      "6": 0.4472135954999579,
      "13": 0.4472135954999579,
      "15": 0.4472135954999579,
      "16": 0.4472135954999579,
      "17": 0.4472135954999579,
      "20": 0.4472135954999579,
      "29": 0.4472135954999579,
      "35": 0.4472135954999579,
      "45": 0.47140452079103173,
      "48": 0.4472135954999579,
      "68": 0.4472135954999579,
      "69": 0.47140452079103173,
      "70": 0.47140452079103173,
      "72": 0.47140452079103173,
      "73": 0.5773502691896258,
      "74": 0.8164965809277261,
      "76": 0.47140452079103173,
      "77": 0.47140452079103173,
      "78": 0.47140452079103173
    },
    "n_suspicious": 22,
    "pct_suspicious": 38.6,
    "n_fail": 2,
    "n_pass": 8
  },
  "dd": {
    "minimal_lines": [
      6,
      13,
      15,
      16,
      17,
      21,
      30,
      36,
      45,
      51,
      68,
      69,
      70,
      74,
      76,
      77,
      78
    ],
    "n_suspicious": 17,
    "pct_suspicious": 29.8,
    "dd_iterations": 1,
    "n_reducible": 17
  }
}