{
  "sbfl": {
    "line_scores": {
      "1": 0.7745966692414834,
      "3": 0.7745966692414834,
      "4": 0.7745966692414834,
      "6": 0.7745966692414834,
      "8": 0.7745966692414834,
      "9": 0.7745966692414834,
      "10": 0.7745966692414834,
      "11": 0.7745966692414834,
      "14": 0.7745966692414834,
      "16": 0.7745966692414834,
      "18": 0.7745966692414834,
      "19": 0.7745966692414834,
      "21": 0.7745966692414834,
      "24": 0.7745966692414834,
      "26": 0.816496580927726,
      "32": 0.7745966692414834,
      "55": 0.7745966692414834,
      "56": 0.7745966692414834,
      "59": 0.816496580927726,
      "61": 0.816496580927726,
      "65": 0.8660254037844387,
      "66": 0.8660254037844387
    },
    "n_suspicious": 22,
    "pct_suspicious": 44.0,
    "n_fail": 6,
    "n_pass": 4
  },
  "dd": {
    "minimal_lines": [
      6,
      8,
      9,
      10,
      11,
      15,
      17,
      18,
      20,
      21,
      25,
      27,
      35,
      55,
      57,
      59,
      62,
      63,
      65,
      66
    ],
    "n_suspicious": 20,
    "pct_suspicious": 40.0,
    "dd_iterations": 1,
    "n_reducible": 20
  }
}