{
  "sbfl": {
    "line_scores": {
      "1": 0.4472135954999579,
      "3": 0.4472135954999579,
      "4": 0.4472135954999579,
      "6": 0.4472135954999579,
      "8": 0.4472135954999579,
      "15": 0.4472135954999579,
      "16": 0.4472135954999579,
      "17": 0.4472135954999579,
      "20": 0.4472135954999579,
      "22": 0.4472135954999579,
      "28": 0.4472135954999579,
      "30": 0.47140452079103173,
      "33": 0.4472135954999579,
      "55": 0.4472135954999579,
      "56": 0.47140452079103173,
      "58": 0.47140452079103173,
      "60": 0.47140452079103173,
      "61": 0.8164965809277261,
      "62": 0.8164965809277261,
      "64": 0.47140452079103173
    },
    "n_suspicious": 20,
    "pct_suspicious": 43.5,
    "n_fail": 2,
    "n_pass": 8
  },
  "dd": {
    "minimal_lines": [
      6,
      8,
      15,
      16,
      17,
      21,
      23,
      29,
      30,
      39,
      55,
      56,
      58,
      61,
      62,
      64
    ],
    "n_suspicious": 16,
    "pct_suspicious": 34.8,
    "dd_iterations": 1,
    "n_reducible": 16
  }
}