{
  "sbfl": {
    "line_scores": {
      "1": 0.5477225575051661,
      "3": 0.5477225575051661,
      "4": 0.5477225575051661,
      "6": 0.5477225575051661,
      "13": 0.5477225575051661,
      "15": 0.5477225575051661,
      "16": 0.5477225575051661,
      "17": 0.5477225575051661,
      "18": 0.5477225575051661,
      "21": 0.5477225575051661,
      "23": 0.5477225575051661,
      "25": 0.5773502691896257,
      "29": 0.5477225575051661,
      "31": 0.6123724356957946,
      "34": 0.5477225575051661,
      "59": 0.5477225575051661,
      "60": 0.5773502691896257,
      "63": 0.6123724356957946,
      "64": 0.6123724356957946,
      "67": 0.6123724356957946,
      "68": 0.6123724356957946,
      "70": 0.6123724356957946,
      "72": 0.6123724356957946,
      "74": 0.6123724356957946,
      "76": 0.6546536707079772
    },
    "n_suspicious": 25,
    "pct_suspicious": 44.6,
    "n_fail": 3,
    "n_pass": 7
  },
  "dd": {
    "minimal_lines": [
      6,
      13,
      15,
      16,
      17,
      18,
      22,
      24,
      26,
      30,
      31,
      40,
      59,
      61,
      63,
      65,
      67,
      68,
      70,
      72,
      75,
      76
    ],
    "n_suspicious": 22,
    "pct_suspicious": 39.3,
    "dd_iterations": 1,
    "n_reducible": 22
  }
}