{
  "sbfl": {
    "line_scores": {
      "1": 0.7745966692414834,
      "3": 0.7745966692414834,
      "4": 0.7745966692414834,
      "6": 0.7745966692414834,
      "9": 0.7745966692414834,
      "12": 0.7745966692414834,
      "15": 0.7745966692414834,
      "18": 0.7745966692414834,
      "27": 0.7745966692414834,
      "29": 0.816496580927726,
      "35": 0.7745966692414834,
      "37": 0.816496580927726,
      "40": 0.7745966692414834,
      "71": 0.7745966692414834,
      "73": 0.816496580927726,
      "74": 0.816496580927726,
      "76": 0.816496580927726,
      "77": 0.5773502691896258,
      "78": 0.5773502691896258,
      "80": 0.816496580927726,
      "81": 0.4082482904638631,
      "83": 0.816496580927726,
      "84": 0.816496580927726
    },
    "n_suspicious": 23,
    "pct_suspicious": 37.7,
    "n_fail": 6,
    "n_pass": 4
  },
  "dd": {
    "minimal_lines": [
      6,
      9,
      12,
      15,
      21,
      28,
      30,
      36,
      37,
      49,
      71,
      73,
      74,
      77,
      78,
      81,
      83,
      84
    ],
    "n_suspicious": 18,
    "pct_suspicious": 29.5,
    "dd_iterations": 1,
    "n_reducible": 18
  }
}