{
  "sbfl": {
    "line_scores": {
      "1": 0.6324555320336759,
      "3": 0.6324555320336759,
      "4": 0.6324555320336759,
      "6": 0.6324555320336759,
      "8": 0.6324555320336759,
      "9": 0.6324555320336759,
      "10": 0.6324555320336759,
      "11": 0.6324555320336759,
      "14": 0.6324555320336759,
      "16": 0.6666666666666666,
      "18": 0.7071067811865475,
      "22": 0.7071067811865475,
      "23": 0.7071067811865475,
      "27": 0.6324555320336759,
      "29": 0.7071067811865475,
      "32": 0.6324555320336759,
      "56": 0.6324555320336759,
      "59": 0.6666666666666666,
      "61": 0.7071067811865475,
      "62": 0.7071067811865475,
      "64": 0.7071067811865475,
      "66": 0.7071067811865475
    },
    "n_suspicious": 22,
    "pct_suspicious": 44.9,
    "n_fail": 4,
    "n_pass": 6
  },
  "dd": {
    "minimal_lines": [
      6,
      8,
      9,
      10,
      11,
      15,
      17,
      19,
      24,
      28,
      29,
      38,
      57,
      59,
      61,
      62,
      64,
      66
    ],
    "n_suspicious": 18,
    "pct_suspicious": 36.7,
    "dd_iterations": 1,
    "n_reducible": 18
  }
}