{
  "sbfl": {
    "line_scores": {
      "1": 0.4472135954999579,
      "3": 0.4472135954999579,
      "4": 0.4472135954999579,
      "6": 0.4472135954999579,
      "8": 0.4472135954999579,
      "9": 0.4472135954999579,
      "10": 0.4472135954999579,
      "11": 0.4472135954999579,
      "14": 0.4472135954999579,
      "16": 0.47140452079103173,
      "22": 0.4472135954999579,
      "24": 0.4472135954999579,
      "30": 0.4472135954999579,
      "52": 0.4472135954999579,
      "53": 0.47140452079103173,
      "55": 0.5345224838248488,
      "59": 0.5345224838248488,
      "60": 0.5345224838248488
    },
    "n_suspicious": 18,
    "pct_suspicious": 40.0,
    "n_fail": 2,
    "n_pass": 8
  },
  "dd": {
    "minimal_lines": [
      6,
      8,
      9,
      10,
      11,
      15,
      17,
      23,
      25,
      33,
      52,
      53,
      55,
      59,
      60
    ],
    "n_suspicious": 15,
    "pct_suspicious": 33.3,
    "dd_iterations": 1,
    "n_reducible": 15
  }
}