{
  "sbfl": {
    "line_scores": {
      "1": 0.6666666666666666,
      "3": 0.6666666666666666,
      "4": 0.6666666666666666,
      "6": 0.6666666666666666,
      "8": 0.6666666666666666,
      "9": 0.6666666666666666,
      "10": 0.6666666666666666,
      "11": 0.6666666666666666,
      "14": 0.6666666666666666,
      "16": 0.6666666666666666,
      "18": 0.6666666666666666,
      "19": 0.6666666666666666,
      "21": 0.6666666666666666,
      "24": 0.6666666666666666,
      "26": 0.7071067811865475,
      "32": 0.6666666666666666,
      "58": 0.6666666666666666,
      "60": 0.6666666666666666,
      "63": 0.7071067811865475,
      "65": 0.7071067811865475,
      "67": 0.7071067811865475,
      "70": 0.7559289460184544,
      "71": 0.7559289460184544
    },
    "n_suspicious": 23,
    "pct_suspicious": 43.4,
    "n_fail": 4,
    "n_pass": 5
  },
  "dd": {
    "minimal_lines": [
      6,
      8,
      9,
      10,
      11,
      15,
      17,
      18,
      20,
      21,
      25,
      27,
      35,
      58,
      61,
      63,
      65,
      68,
      70,
      71
    ],
    "n_suspicious": 20,
    "pct_suspicious": 37.7,
    "dd_iterations": 1,
    "n_reducible": 20
  }
}