{
  "sbfl": {
    "line_scores": {
      "1": 0.6324555320336759,
      "3": 0.6324555320336759,
      "4": 0.6324555320336759,
      "5": 0.6324555320336759,
      "7": 0.6324555320336759,
      "9": 0.6324555320336759,
      "10": 0.6324555320336759,
      "11": 0.6324555320336759,
      "12": 0.6324555320336759,
      "15": 0.6324555320336759,
      "17": 0.6324555320336759,
      "19": 0.6666666666666666,
      "21": 0.6666666666666666,
      "23": 0.7071067811865475,
      "25": 0.7071067811865475,
      "26": 0.7071067811865475,
      "30": 0.6324555320336759,
      "32": 0.7071067811865475,
      "35": 0.6324555320336759,
      "61": 0.6324555320336759,
      "63": 0.7071067811865475,
      "64": 0.7071067811865475,
      "65": 0.7071067811865475,
      "66": 0.7071067811865475,
      "67": 0.7071067811865475,
      "69": 0.7071067811865475,
      "71": 0.7071067811865475,
      "72": 0.8164965809277261
    },
    "n_suspicious": 28,
    "pct_suspicious": 49.1,
    "n_fail": 4,
    "n_pass": 6
  },
  "dd": {
    "minimal_lines": [
      7,
      9,
      10,
      11,
      12,
      16,
      18,
      20,
      22,
      24,
      25,
      27,
      31,
      32,
      42,
      61,
      63,
      64,
      66,
      67,
      69,
      72,
      73
    ],
    "n_suspicious": 23,
    "pct_suspicious": 40.4,
    "dd_iterations": 1,
    "n_reducible": 23
  }
}