{
  "sbfl": {
    "line_scores": {
      "1": 0.7071067811865475,
      "3": 0.7071067811865475,
      "4": 0.7071067811865475,
      "6": 0.7071067811865475,
      "8": 0.7071067811865475,
      "9": 0.7071067811865475,
      "10": 0.7071067811865475,
      "11": 0.7071067811865475,
      "14": 0.7071067811865475,
      "16": 0.7071067811865475,
      "18": 0.7071067811865475,
      "19": 0.7071067811865475,
      "21": 0.7071067811865475,
      "24": 0.7071067811865475,
      "26": 0.7453559924999299,
      "32": 0.7071067811865475,
      "56": 0.7071067811865475,
      "58": 0.7071067811865475,
      "61": 0.7453559924999299,
      "63": 0.7453559924999299,
      "66": 0.7905694150420948,
      "67": 0.7905694150420948,
      "68": 0.7905694150420948
    },
    "n_suspicious": 23,
    "pct_suspicious": 45.1,
    "n_fail": 5,
    "n_pass": 5
  },
  "dd": {
    "minimal_lines": [
      6,
      8,
      9,
      10,
      11,
      15,
      17,
      18,
      20,
      21,
      25,
      27,
      35,
      56,
      59,
      61,
      64,
      66,
      67,
      68
    ],
    "n_suspicious": 20,
    "pct_suspicious": 39.2,
    "dd_iterations": 1,
    "n_reducible": 20
  }
}