{
  "sbfl": {
    "line_scores": {
      "1": 0.4472135954999579,
      "3": 0.4472135954999579,
      "4": 0.4472135954999579,
      "6": 0.4472135954999579,
      "8": 0.4472135954999579,
      "9": 0.4472135954999579,
      "10": 0.4472135954999579,
      "13": 0.4472135954999579,
      "31": 0.5,
      "32": 0.5,
      "33": 0.5,
      "38": 0.5345224838248488,
      "41": 0.4472135954999579,
      "66": 0.4472135954999579,
      "67": 0.4472135954999579,
      "71": 0.5,
      "73": 0.5345224838248488,
      "75": 0.6324555320336759
    },
    "n_suspicious": 18,
    "pct_suspicious": 31.0,
    "n_fail": 2,
    "n_pass": 8
  },
  "dd": {
    "minimal_lines": [
      6,
      8,
      9,
      10,
      16,
      31,
      32,
      34,
      38,
      48,
      66,
      68,
      69,
      71,
      74,
      75
    ],
    "n_suspicious": 16,
    "pct_suspicious": 27.6,
    "dd_iterations": 1,
    "n_reducible": 16
  }
}