{
  "sbfl": {
    "line_scores": {
      "1": 0.4472135954999579,
      "3": 0.4472135954999579,
      "4": 0.4472135954999579,
      "6": 0.4472135954999579,
      "8": 0.4472135954999579,
      "9": 0.4472135954999579,
      "10": 0.4472135954999579,
      "13": 0.4472135954999579,
      "15": 0.4472135954999579,
      "19": 0.4472135954999579,
      "21": 0.5,
      "24": 0.4472135954999579,
      "47": 0.4472135954999579,
      "49": 0.47140452079103173,
      "50": 0.47140452079103173,
      "54": 0.5,
      "56": 0.5,
      "59": 0.5,
      "61": 0.5,
      "63": 0.5345224838248488
    },
    "n_suspicious": 20,
    "pct_suspicious": 44.4,
    "n_fail": 2,
    "n_pass": 8
  },
  "dd": {
    "minimal_lines": [
      6,
      8,
      9,
      10,
      14,
      16,
      20,
      21,
      29,
      47,
      49,
      51,
      52,
      54,
      57,
      59,
      62,
      63
    ],
    "n_suspicious": 18,
    "pct_suspicious": 40.0,
    "dd_iterations": 1,
    "n_reducible": 18
  }
}