{
  "sbfl": {
    "line_scores": {
      "1": 0.6324555320336759,
      "3": 0.6324555320336759,
      "4": 0.6324555320336759,
      "6": 0.6324555320336759,
      "8": 0.6324555320336759,
      "9": 0.6324555320336759,
      "10": 0.6324555320336759,
      "11": 0.6324555320336759,
      "14": 0.6324555320336759,
      "16": 0.6324555320336759,
      "18": 0.6666666666666666,
      "20": 0.6666666666666666,
      "22": 0.7071067811865475,
      "24": 0.7071067811865475,
      "28": 0.6324555320336759,
      "32": 0.7559289460184544,
      "33": 0.7559289460184544,
      "34": 0.7559289460184544,
      "37": 0.6324555320336759,
      "60": 0.6324555320336759,
      "62": 0.7559289460184544,
      "63": 0.7559289460184544,
      "65": 0.7559289460184544,
      "66": 0.7559289460184544,
      "70": 0.7559289460184544
    },
    "n_suspicious": 25,
    "pct_suspicious": 46.3,
    "n_fail": 4,
    "n_pass": 6
  },
  "dd": {
    "minimal_lines": [
      6,
      8,
      9,
      10,
      11,
      15,
      17,
      19,
      21,
      23,
      25,
      31,
      32,
      33,
      34,
      43,
      60,
      62,
      63,
      66,
      68,
      70
    ],
    "n_suspicious": 22,
    "pct_suspicious": 40.7,
    "dd_iterations": 1,
    "n_reducible": 22
  }
}