{
  "sbfl": {
    "line_scores": {
      "1": 0.6324555320336759,
      "3": 0.6324555320336759,
      "4": 0.6324555320336759,
      "6": 0.6324555320336759,
      "8": 0.6324555320336759,
      "9": 0.6324555320336759,
      "10": 0.6324555320336759,
      "13": 0.6324555320336759,
      "15": 0.6666666666666666,
      "17": 0.7071067811865475,
      "19": 0.7071067811865475,
      "21": 0.7071067811865475,
      "25": 0.6324555320336759,
      "27": 0.7071067811865475,
      "28": 0.7071067811865475,
      "31": 0.6324555320336759,
      "55": 0.6324555320336759,
      "57": 0.6666666666666666,
      "60": 0.6666666666666666,
      "62": 0.7071067811865475,
      "63": 0.7071067811865475,
      "65": 0.7071067811865475,
      "66": 0.7071067811865475,
      "70": 0.7071067811865475
    },
    "n_suspicious": 24,
    "pct_suspicious": 45.3,
    "n_fail": 4,
    "n_pass": 6
  },
  "dd": {
    "minimal_lines": [
      6,
      8,
      9,
      10,
      14,
      16,
      18,
      20,
      22,
      26,
      27,
      28,
      37,
      56,
      58,
      60,
      62,
      63,
      66,
      68,
      70
    ],
    "n_suspicious": 21,
    "pct_suspicious": 39.6,
    "dd_iterations": 1,
    "n_reducible": 21
  }
}