{
  "sbfl": {
    "line_scores": {
      "1": 0.5477225575051661,
      "3": 0.5477225575051661,
      "4": 0.5477225575051661,
      "6": 0.5477225575051661,
      "15": 0.5477225575051661,
      "16": 0.5477225575051661,
      "17": 0.5477225575051661,
      "18": 0.5477225575051661,
      "21": 0.5477225575051661,
      "23": 0.5477225575051661,
      "25": 0.5773502691896257,
      "27": 0.6123724356957946,
      "29": 0.6123724356957946,
      "33": 0.5477225575051661,
      "40": 0.6546536707079772,
      "43": 0.5477225575051661,
      "63": 0.5477225575051661,
      "65": 0.6546536707079772,
      "66": 0.6546536707079772,
      "68": 0.6546536707079772,
      "69": 0.6546536707079772,
      "71": 0.6546536707079772
    },
    "n_suspicious": 22,
    "pct_suspicious": 39.3,
    "n_fail": 3,
    "n_pass": 7
  },
  "dd": {
    "minimal_lines": [
      6,
      15,
      16,
      17,
      18,
      22,
      24,
      26,
      28,
      30,
      39,
      40,
      49,
      63,
      65,
      66,
      69,
      71
    ],
    "n_suspicious": 18,
    "pct_suspicious": 32.1,
    "dd_iterations": 1,
    "n_reducible": 18
  }
}