{
  "sbfl": {
    "line_scores": {
      "1": 0.5477225575051661,
      "3": 0.5477225575051661,
      "4": 0.5477225575051661,
      "5": 0.5477225575051661,
      "7": 0.5477225575051661,
      "9": 0.5477225575051661,
      "10": 0.5477225575051661,
      "11": 0.5477225575051661,
      "12": 0.5477225575051661,
      "15": 0.5477225575051661,
      "21": 0.5477225575051661,
      "23": 0.5773502691896257,
      "25": 0.5773502691896257,
      "27": 0.6123724356957946,
      "29": 0.6123724356957946,
      "33": 0.5477225575051661,
      "39": 0.6546536707079772,
      "40": 0.6546536707079772,
      "41": 0.6546536707079772,
      "42": 0.6546536707079772,
      "43": 0.6546536707079772,
      "44": 0.6546536707079772,
      "47": 0.5477225575051661,
      "72": 0.5477225575051661,
      "73": 0.6546536707079772,
      "75": 0.6546536707079772,
      "77": 0.6546536707079772,
      "78": 0.7071067811865476
    },
    "n_suspicious": 28,
    "pct_suspicious": 43.8,
    "n_fail": 3,
    "n_pass": 7
  },
  "dd": {
    "minimal_lines": [
      7,
      9,
      10,
      11,
      12,
      20,
      22,
      24,
      26,
      28,
      30,
      38,
      39,
      40,
      42,
      43,
      44,
      54,
      72,
      73,
      75,
      78,
      79
    ],
    "n_suspicious": 23,
    "pct_suspicious": 35.9,
    "dd_iterations": 1,
    "n_reducible": 23
  }
}