{
  "sbfl": {
    "line_scores": {
      "1": 0.5477225575051661,
      "3": 0.5477225575051661,
      "4": 0.5477225575051661,
      "6": 0.5477225575051661,
      "8": 0.5477225575051661,
      "9": 0.5477225575051661,
      "10": 0.5477225575051661,
      "13": 0.5477225575051661,
      "15": 0.5477225575051661,
      "19": 0.5477225575051661,
      "21": 0.6123724356957946,
      "24": 0.5477225575051661,
      "49": 0.5477225575051661,
      "51": 0.5773502691896257,
      "54": 0.5773502691896257,
      "55": 0.5773502691896257,
      "58": 0.6123724356957946,
      "59": 0.6123724356957946,
      "61": 0.6123724356957946,
      "63": 0.6546536707079772
    },
    "n_suspicious": 20,
    "pct_suspicious": 43.5,
    "n_fail": 3,
    "n_pass": 7
  },
  "dd": {
    "minimal_lines": [
      6,
      8,
      9,
      10,
      14,
      16,
      20,
      21,
      29,
      49,
      52,
      54,
      56,
      58,
      59,
      62,
      63
    ],
    "n_suspicious": 17,
    "pct_suspicious": 37.0,
    "dd_iterations": 1,
    "n_reducible": 17
  }
}