{
  "sbfl": {
    "line_scores": {
      "1": 0.7071067811865475,
      "3": 0.7071067811865475,
      "4": 0.7071067811865475,
      "6": 0.7071067811865475,
      "9": 0.7071067811865475,
      "12": 0.7071067811865475,
      "15": 0.7071067811865475,
      "18": 0.7071067811865475,
      "24": 0.7071067811865475,
      "28": 0.7071067811865475,
      "35": 0.7453559924999299,
      "38": 0.7071067811865475,
      "68": 0.7071067811865475,
      "70": 0.7453559924999299,
      "71": 0.7453559924999299,
      "72": 0.7453559924999299,
      "74": 0.7453559924999299,
      "75": 0.4472135954999579,
      "76": 0.4472135954999579,
      "78": 0.7453559924999299
    },
    "n_suspicious": 20,
    "pct_suspicious": 36.4,
    "n_fail": 5,
    "n_pass": 5
  },
  "dd": {
    "minimal_lines": [
      6,
      9,
      12,
      15,
      19,
      25,
      29,
      35,
      47,
      68,
      70,
      71,
      72,
      75,
      76,
      78
    ],
    "n_suspicious": 16,
    "pct_suspicious": 29.1,
    "dd_iterations": 1,
    "n_reducible": 16
  }
}