{
  "sbfl": {
    "line_scores": {
      "1": 0.5477225575051661,
      "3": 0.5477225575051661,
      "4": 0.5477225575051661,
      "6": 0.5477225575051661,
      "8": 0.5477225575051661,
      "9": 0.5477225575051661,
      "10": 0.5477225575051661,
      "11": 0.5477225575051661,
      "14": 0.5477225575051661,
      "16": 0.5477225575051661,
      "20": 0.5773502691896257,
      "26": 0.5477225575051661,
      "30": 0.5773502691896257,
      "33": 0.5477225575051661,
      "60": 0.5477225575051661,
      "62": 0.5773502691896257,
      "63": 0.5773502691896257,
      "65": 0.5773502691896257,
      "70": 0.5773502691896257,
      "72": 0.6123724356957946
    },
    "n_suspicious": 20,
    "pct_suspicious": 35.7,
    "n_fail": 3,
    "n_pass": 7
  },
  "dd": {
    "minimal_lines": [
      6,
      8,
      9,
      10,
      11,
      15,
      17,
      21,
      29,
      30,
      40,
      60,
      62,
      63,
      65,
      71,
      72
    ],
    "n_suspicious": 17,
    "pct_suspicious": 30.4,
    "dd_iterations": 1,
    "n_reducible": 17
  }
}