{
  "sbfl": {
    "line_scores": {
      "1": 0.4472135954999579,
      "3": 0.4472135954999579,
      "4": 0.4472135954999579,
      "6": 0.4472135954999579,
      "8": 0.4472135954999579,
      "9": 0.4472135954999579,
      "10": 0.4472135954999579,
      "13": 0.4472135954999579,
      "27": 0.47140452079103173,
      "29": 0.5,
      "30": 0.5,
      "32": 0.5,
      "35": 0.4472135954999579,
      "44": 0.5,
      "47": 0.4472135954999579,
      "70": 0.4472135954999579,
      "73": 0.4472135954999579,
      "74": 0.4472135954999579,
      "77": 0.47140452079103173,
      "78": 0.5,
      "80": 0.5,
      "83": 0.5,
      "85": 0.5773502691896258
    },
    "n_suspicious": 23,
    "pct_suspicious": 36.5,
    "n_fail": 2,
    "n_pass": 8
  },
  "dd": {
    "minimal_lines": [
      6,
      8,
      9,
      10,
      16,
      28,
      29,
      31,
      32,
      36,
      44,
      52,
      71,
      73,
      75,
      77,
      78,
      81,
      84,
      85
    ],
    "n_suspicious": 20,
    "pct_suspicious": 31.7,
    "dd_iterations": 1,
    "n_reducible": 20
  }
}