{
  "sbfl": {
    "line_scores": {
      "1": 0.6030226891555273,
      "3": 0.6030226891555273,
      "4": 0.6030226891555273,
      "6": 0.6030226891555273,
      "8": 0.6030226891555273,
      "9": 0.6030226891555273,
      "10": 0.6030226891555273,
      "13": 0.6030226891555273,
      "15": 0.6666666666666666,
      "16": 0.6666666666666666,
      "23": 0.6030226891555273,
      "25": 0.6324555320336759,
      "28": 0.6324555320336759,
      "31": 0.6030226891555273,
      "52": 0.6324555320336759,
      "54": 0.6324555320336759,
      "55": 0.7071067811865475,
      "57": 0.6324555320336759,
      "58": 0.6324555320336759,
      "59": 0.6324555320336759,
      "60": 0.7071067811865475,
      "61": 0.8164965809277261,
      "62": 0.8164965809277261,
      "63": 0.7071067811865475,
      "64": 0.6708203932499369,
      "66": 0.7559289460184544,
      "67": 0.7559289460184544,
      "68": 0.6324555320336759,
      "70": 0.6324555320336759,
      "71": 1.0,
      "72": 0.6324555320336759
    },
    "n_suspicious": 31,
    "pct_suspicious": 54.4,
    "n_fail": 4,
    "n_pass": 7
  },
  "dd": {
    "minimal_lines": [
      6,
      8,
      9,
      10,
      14,
      17,
      24,
      26,
      27,
      28,
      35,
      53,
      55,
      57,
      58,
      61,
      62,
      64,
      66,
      67,
      68,
      71,
      72
    ],
    "n_suspicious": 23,
    "pct_suspicious": 40.4,
    "dd_iterations": 1,
    "n_reducible": 23
  }
}