{
  "sbfl": {
    "line_scores": {
      "1": 0.7071067811865475,
      "3": 0.7071067811865475,
      "4": 0.7071067811865475,
      "6": 0.7071067811865475,
      "8": 0.7071067811865475,
      "9": 0.7071067811865475,
      "10": 0.7071067811865475,
      "11": 0.7071067811865475,
      "12": 0.7071067811865475,
      "15": 0.7071067811865475,
      "17": 0.7071067811865475,
      "21": 0.7071067811865475,
      "23": 0.7905694150420948,
      "24": 0.7905694150420948,
      "25": 0.7905694150420948,
      "28": 0.7071067811865475,
      "55": 0.7071067811865475,
      "57": 0.7905694150420948,
      "58": 0.7905694150420948,
      "59": 0.7905694150420948,
      "61": 0.7905694150420948,
      "62": 0.8451542547285166,
      "63": 0.7905694150420948,
      "64": 0.7905694150420948,
      "65": 0.7905694150420948,
      "66": 0.7905694150420948
    },
    "n_suspicious": 26,
    "pct_suspicious": 51.0,
    "n_fail": 5,
    "n_pass": 5
  },
  "dd": {
    "minimal_lines": [
      6,
      8,
      9,
      10,
      11,
      12,
      16,
      18,
      22,
      23,
      24,
      25,
      35,
      55,
      57,
      58,
      59,
      62,
      63,
      64,
      65,
      66
    ],
    "n_suspicious": 22,
    "pct_suspicious": 43.1,
    "dd_iterations": 1,
    "n_reducible": 22
  }
}