{
  "sbfl": {
    "line_scores": {
      "1": 0.7385489458759964,
      "3": 0.7385489458759964,
      "4": 0.7385489458759964,
      "6": 0.7385489458759964,
      "8": 0.7385489458759964,
      "9": 0.7385489458759964,
      "10": 0.7385489458759964,
      "11": 0.7385489458759964,
      "14": 0.7385489458759964,
      "16": 0.7385489458759964,
      "20": 0.7385489458759964,
      "27": 0.7385489458759964,
      "49": 0.7385489458759964,
      "50": 0.7385489458759964,
      "53": 0.7745966692414834,
      "56": 0.7745966692414834,
      "57": 0.7745966692414834,
      "60": 0.7745966692414834,
      "61": 0.816496580927726,
      "63": 0.7745966692414834,
      "64": 0.816496580927726,
      "65": 0.816496580927726,
      "69": 0.816496580927726,
      "70": 0.816496580927726,
      "71": 0.816496580927726
    },
    "n_suspicious": 25,
    "pct_suspicious": 47.2,
    "n_fail": 6,
    "n_pass": 5
  },
  "dd": {
    "minimal_lines": [
      6,
      8,
      9,
      10,
      11,
      15,
      17,
      23,
      24,
      30,
      49,
      51,
      54,
      56,
      58,
      61,
      64,
      66,
      67,
      69,
      70,
      71
    ],
    "n_suspicious": 22,
    "pct_suspicious": 41.5,
    "dd_iterations": 1,
    "n_reducible": 22
  }
}