{
  "sbfl": {
    "line_scores": {
      "7": 0.6324555320336759,
      "9": 0.6324555320336759,
      "10": 0.6324555320336759,
      "12": 0.6324555320336759,
      "14": 0.6324555320336759,
      "15": 0.6324555320336759,
      "16": 0.6324555320336759,
      "19": 0.6324555320336759,
      "21": 0.6324555320336759,
      "23": 0.6666666666666666,
      "27": 0.6324555320336759,
      "29": 0.7071067811865475,
      "32": 0.6324555320336759,
      "55": 0.6324555320336759,
      "56": 0.6666666666666666,
      "59": 0.7071067811865475,
      "60": 0.7071067811865475,
      "62": 0.7071067811865475,
      "64": 0.7071067811865475,
      "66": 0.7071067811865475,
      "68": 0.7559289460184544
    },
    "n_suspicious": 21,
    "pct_suspicious": 41.2,
    "n_fail": 4,
    "n_pass": 6
  },
  "dd": {
    "minimal_lines": [
      1,
      12,
      14,
      15,
      16,
      20,
      22,
      24,
      28,
      29,
      38,
      55,
      57,
      59,
      60,
      62,
      64,
      67,
      68
    ],
    "n_suspicious": 19,
    "pct_suspicious": 37.3,
    "dd_iterations": 1,
    "n_reducible": 19
  }
}