{
  "sbfl": {
    "line_scores": {
      "1": 0.6324555320336759,
      "3": 0.6324555320336759,
      "4": 0.6324555320336759,
      "6": 0.6324555320336759,
      "8": 0.6324555320336759,
      "9": 0.6324555320336759,
      "10": 0.6324555320336759,
      "11": 0.6324555320336759,
      "14": 0.6324555320336759,
      "16": 0.6324555320336759,
      "20": 0.6666666666666666,
      "21": 0.6666666666666666,
      "28": 0.6324555320336759,
      "30": 0.7071067811865475,
      "37": 0.6324555320336759,
      "63": 0.6324555320336759,
      "64": 0.6324555320336759,
      "65": 0.7071067811865475,
      "67": 0.7071067811865475,
      "69": 0.7071067811865475,
      "70": 0.7559289460184544,
      "73": 0.7559289460184544,
      "74": 0.7559289460184544,
      "75": 0.7559289460184544
    },
    "n_suspicious": 24,
    "pct_suspicious": 40.7,
    "n_fail": 4,
    "n_pass": 6
  },
  "dd": {
    "minimal_lines": [
      6,
      8,
      9,
      10,
      11,
      15,
      17,
      20,
      22,
      29,
      31,
      40,
      63,
      64,
      65,
      67,
      71,
      73,
      74,
      75
    ],
    "n_suspicious": 20,
    "pct_suspicious": 33.9,
    "dd_iterations": 1,
    "n_reducible": 20
  }
}