{
  "sbfl": {
    "line_scores": {
      "1": 0.7071067811865475,
      "3": 0.7071067811865475,
      "4": 0.7071067811865475,
      "6": 0.7071067811865475,
      "8": 0.7071067811865475,
      "9": 0.7071067811865475,
      "10": 0.7071067811865475,
      "11": 0.7071067811865475,
      "14": 0.7071067811865475,
      "22": 0.7071067811865475,
      "24": 0.7453559924999299,
      "30": 0.7071067811865475,
      "55": 0.7071067811865475,
      "56": 0.7071067811865475,
      "59": 0.7453559924999299,
      "61": 0.7453559924999299,
      "64": 0.7905694150420948,
      "65": 0.7905694150420948,
      "66": 0.7905694150420948
    },
    "n_suspicious": 19,
    "pct_suspicious": 38.0,
    "n_fail": 5,
    "n_pass": 5
  },
  "dd": {
    "minimal_lines": [
      6,
      8,
      9,
      10,
      11,
      15,
      16,
      18,
      19,
      23,
      25,
      33,
      55,
      57,
      59,
      62,
      64,
      65,
      66
    ],
    "n_suspicious": 19,
    "pct_suspicious": 38.0,
    "dd_iterations": 1,
    "n_reducible": 19
  }
}