{
  "sbfl": {
    "line_scores": {
      "1": 0.6324555320336759,
      "3": 0.6324555320336759,
      "4": 0.6324555320336759,
      "6": 0.6324555320336759,
      "8": 0.6324555320336759,
      "9": 0.6324555320336759,
      "10": 0.6324555320336759,
      "11": 0.6324555320336759,
      "14": 0.6324555320336759,
      "25": 0.6324555320336759,
      "27": 0.6324555320336759,
      "34": 0.6324555320336759,
      "39": 0.6324555320336759,
      "62": 0.6324555320336759,
      "65": 0.6324555320336759,
      "69": 0.6324555320336759,
      "71": 0.6324555320336759,
      "72": 0.6666666666666666,
      "74": 0.6324555320336759,
      "75": 0.6666666666666666,
      "76": 0.6666666666666666,
      "79": 0.7071067811865475,
      "80": 0.7071067811865475,
      "81": 0.7071067811865475
    },
    "n_suspicious": 24,
    "pct_suspicious": 39.3,
    "n_fail": 4,
    "n_pass": 6
  },
  "dd": {
    "minimal_lines": [
      6,
      8,
      9,
      10,
      11,
      15,
      26,
      28,
      35,
      36,
      43,
      63,
      66,
      67,
      69,
      72,
      75,
      77,
      79,
      80,
      81
    ],
    "n_suspicious": 21,
    "pct_suspicious": 34.4,
    "dd_iterations": 1,
    "n_reducible": 21
  }
}