{
  "sbfl": {
    "line_scores": {
      "1": 0.5477225575051661,
      "3": 0.5477225575051661,
      "4": 0.5477225575051661,
      "6": 0.5477225575051661,
      "8": 0.5477225575051661,
      "9": 0.5477225575051661,
      "10": 0.5477225575051661,
      "11": 0.5477225575051661,
      "14": 0.5477225575051661,
      "16": 0.5477225575051661,
      "17": 0.5477225575051661,
      "21": 0.5773502691896257,
      "25": 0.5773502691896257,
      "28": 0.5477225575051661,
      "32": 0.6546536707079772,
      "33": 0.6546536707079772,
      "34": 0.6546536707079772,
      "37": 0.5477225575051661,
      "61": 0.5477225575051661,
      "64": 0.5477225575051661,
      "66": 0.5773502691896257,
      "67": 0.6123724356957946,
      "71": 0.6546536707079772,
      "72": 0.6546536707079772
    },
    "n_suspicious": 24,
    "pct_suspicious": 42.9,
    "n_fail": 3,
    "n_pass": 7
  },
  "dd": {
    "minimal_lines": [
      6,
      8,
      9,
      10,
      11,
      15,
      16,
      18,
      22,
      25,
      31,
      32,
      33,
      34,
      40,
      62,
      64,
      68,
      69,
      71,
      72
    ],
    "n_suspicious": 21,
    "pct_suspicious": 37.5,
    "dd_iterations": 1,
    "n_reducible": 21
  }
}