{
  "sbfl": {
    "line_scores": {
      "7": 0.5477225575051661,
      "9": 0.5477225575051661,
      "10": 0.5477225575051661,
      "12": 0.5477225575051661,
      "14": 0.5477225575051661,
      "15": 0.5477225575051661,
      "16": 0.5477225575051661,
      "17": 0.5477225575051661,
      "20": 0.5477225575051661,
      "22": 0.5477225575051661,
      "24": 0.5773502691896257,
      "30": 0.5477225575051661,
      "32": 0.6546536707079772,
      "34": 0.6546536707079772,
      "37": 0.5477225575051661,
      "64": 0.5477225575051661,
      "65": 0.6123724356957946,
      "68": 0.6546536707079772,
      "69": 0.6546536707079772,
      "71": 0.6546536707079772,
      "73": 0.6546536707079772,
      "74": 0.6546536707079772,
      "76": 0.7071067811865476
    },
    "n_suspicious": 23,
    "pct_suspicious": 39.0,
    "n_fail": 3,
    "n_pass": 7
  },
  "dd": {
    "minimal_lines": [
      1,
      12,
      14,
      15,
      16,
      17,
      21,
      23,
      25,
      31,
      33,
      34,
      43,
      64,
      66,
      68,
      69,
      71,
      73,
      75,
      76
    ],
    "n_suspicious": 21,
    "pct_suspicious": 35.6,
    "dd_iterations": 1,
    "n_reducible": 21
  }
}