{
  "sbfl": {
    "line_scores": {
      "1": 0.4082482904638631,
      "3": 0.4082482904638631,
      "4": 0.4082482904638631,
      "6": 0.4082482904638631,
      "7": 0.4082482904638631,
      "8": 0.4082482904638631,
      "9": 0.4082482904638631,
      "10": 0.4082482904638631,
      "13": 0.4082482904638631,
      "15": 0.4082482904638631,
      "17": 0.42640143271122083,
      "19": 0.4472135954999579,
      "23": 0.4082482904638631,
      "25": 0.47140452079103173,
      "28": 0.4082482904638631,
      "54": 0.4082482904638631,
      "56": 0.47140452079103173,
      "58": 0.47140452079103173,
      "60": 0.47140452079103173,
      "62": 0.47140452079103173
    },
    "n_suspicious": 20,
    "pct_suspicious": 43.5,
    "n_fail": 2,
    "n_pass": 10
  },
  "dd": {
    "minimal_lines": [
      6,
      7,
      8,
      9,
      10,
      14,
      16,
      18,
      20,
      24,
      25,
      34,
      54,
      56,
      58,
      60,
      62
    ],
    "n_suspicious": 17,
    "pct_suspicious": 37.0,
    "dd_iterations": 1,
    "n_reducible": 17
  }
}