{
  "sbfl": {
    "line_scores": {
      "1": 0.31622776601683794,
      "3": 0.31622776601683794,
      "4": 0.31622776601683794,
      "6": 0.31622776601683794,
      "7": 0.31622776601683794,
      "8": 0.31622776601683794,
      "9": 0.31622776601683794,
      "10": 0.31622776601683794,
      "13": 0.31622776601683794,
      "15": 0.31622776601683794,
      "17": 0.3333333333333333,
      "19": 0.35355339059327373,
      "23": 0.31622776601683794,
      "27": 0.3779644730092272,
      "28": 0.3779644730092272,
      "29": 0.3779644730092272,
      "30": 0.3779644730092272,
      "33": 0.31622776601683794,
      "58": 0.31622776601683794,
      "60": 0.3779644730092272,
      "62": 0.3779644730092272,
      "64": 0.3779644730092272
    },
    "n_suspicious": 22,
    "pct_suspicious": 44.9,
    "n_fail": 1,
    "n_pass": 9
  },
  "dd": {
    "minimal_lines": [
      6,
      7,
      8,
      9,
      10,
      14,
      16,
      18,
      20,
      26,
      27,
      29,
      30,
      39,
      58,
      60,
      62,
      64
    ],
    "n_suspicious": 18,
    "pct_suspicious": 36.7,
    "dd_iterations": 1,
    "n_reducible": 18
  }
}