{
  "sbfl": {
    "line_scores": {
      "1": 0.31622776601683794,
      "3": 0.31622776601683794,
      "4": 0.31622776601683794,
      "6": 0.31622776601683794,
      "7": 0.31622776601683794,
      "8": 0.31622776601683794,
      "9": 0.31622776601683794,
      "10": 0.31622776601683794,
      "13": 0.31622776601683794,
      "15": 0.31622776601683794,
      "21": 0.31622776601683794,
      "23": 0.3779644730092272,
      "26": 0.31622776601683794,
      "51": 0.31622776601683794,
      "53": 0.3333333333333333,
      "55": 0.35355339059327373,
      "58": 0.3779644730092272,
      "60": 0.3779644730092272,
      "62": 0.3779644730092272,
      "64": 0.3779644730092272
    },
    "n_suspicious": 20,
    "pct_suspicious": 42.6,
    "n_fail": 1,
    "n_pass": 9
  },
  "dd": {
    "minimal_lines": [
      6,
      7,
      8,
      9,
      10,
      14,
      16,
      22,
      23,
      32,
      51,
      54,
      56,
      58,
      60,
      62,
      64
    ],
    "n_suspicious": 17,
    "pct_suspicious": 36.2,
    "dd_iterations": 1,
    "n_reducible": 17
  }
}