{
  "sbfl": {
    "line_scores": {
      "1": 0.6324555320336759,
      "3": 0.6324555320336759,
      "4": 0.6324555320336759,
      "6": 0.6324555320336759,
      "8": 0.6324555320336759,
      "9": 0.6324555320336759,
      "10": 0.6324555320336759,
      "13": 0.6324555320336759,
      "15": 0.6324555320336759,
      "16": 0.5303300858899106,
      "23": 0.6324555320336759,
      "25": 0.6666666666666666,
      "26": 0.6666666666666666,
      "33": 0.6324555320336759,
      "51": 0.6324555320336759,
      "52": 0.6666666666666666,
      "53": 0.6666666666666666,
      "55": 0.6666666666666666,
      "56": 0.6666666666666666,
      "58": 0.6666666666666666,
      "59": 0.8164965809277261,
      "60": 0.8164965809277261,
      "61": 0.8164965809277261,
      "63": 0.75,
      "64": 0.75,
      "66": 0.6666666666666666,
      "67": 0.6666666666666666,
      "69": 0.6666666666666666,
      "70": 1.0,
      "72": 0.6666666666666666,
      "75": 0.6666666666666666
    },
    "n_suspicious": 31,
    "pct_suspicious": 55.4,
    "n_fail": 4,
    "n_pass": 6
  },
  "dd": {
    "minimal_lines": [
      6,
      8,
      9,
      10,
      14,
      17,
      24,
      25,
      27,
      34,
      51,
      52,
      53,
      55,
      56,
      60,
      61,
      63,
      64,
      66,
      67,
      70,
      73,
      75
    ],
    "n_suspicious": 24,
    "pct_suspicious": 42.9,
    "dd_iterations": 1,
    "n_reducible": 24
  }
}