{
  "sbfl": {
    "line_scores": {
      "1": 0.5477225575051661,
      "3": 0.5477225575051661,
      "4": 0.5477225575051661,
      "6": 0.5477225575051661,
      "14": 0.5477225575051661,
      "16": 0.5477225575051661,
      "17": 0.5477225575051661,
      "18": 0.5477225575051661,
      "19": 0.5477225575051661,
      "22": 0.5477225575051661,
      "24": 0.5477225575051661,
      "26": 0.5773502691896257,
      "30": 0.5477225575051661,
      "32": 0.6123724356957946,
      "35": 0.5477225575051661,
      "61": 0.5477225575051661,
      "62": 0.5773502691896257,
      "65": 0.6123724356957946,
      "66": 0.6123724356957946,
      "68": 0.6123724356957946,
      "70": 0.6123724356957946,
      "73": 0.6123724356957946
    },
    "n_suspicious": 22,
    "pct_suspicious": 40.0,
    "n_fail": 3,
    "n_pass": 7
  },
  "dd": {
    "minimal_lines": [
      6,
      14,
      16,
      17,
      18,
      19,
      23,
      25,
      27,
      31,
      32,
      41,
      61,
      63,
      65,
      66,
      68,
      71,
      72,
      73
    ],
    "n_suspicious": 20,
    "pct_suspicious": 36.4,
    "dd_iterations": 1,
    "n_reducible": 20
  }
}