{
  "sbfl": {
    "line_scores": {
      "1": 0.5477225575051661,
      "3": 0.5477225575051661,
      "4": 0.5477225575051661,
      "6": 0.5477225575051661,
      "8": 0.5477225575051661,
      "9": 0.5477225575051661,
      "10": 0.5477225575051661,
      "11": 0.5477225575051661,
      "14": 0.5477225575051661,
      "16": 0.5773502691896257,
      "18": 0.6123724356957946,
      "22": 0.6123724356957946,
      "24": 0.6123724356957946,
      "28": 0.5477225575051661,
      "30": 0.6123724356957946,
      "33": 0.5477225575051661,
      "57": 0.5477225575051661,
      "60": 0.5773502691896257,
      "62": 0.6123724356957946,
      "65": 0.6123724356957946,
      "66": 0.6123724356957946,
      "68": 0.6123724356957946,
      "70": 0.6123724356957946,
      "71": 0.6123724356957946
    },
    "n_suspicious": 24,
    "pct_suspicious": 45.3,
    "n_fail": 3,
    "n_pass": 7
  },
  "dd": {
    "minimal_lines": [
      6,
      8,
      9,
      10,
      11,
      15,
      17,
      19,
      23,
      25,
      29,
      30,
      39,
      58,
      60,
      63,
      65,
      66,
      68,
      70,
      71
    ],
    "n_suspicious": 21,
    "pct_suspicious": 39.6,
    "dd_iterations": 1,
    "n_reducible": 21
  }
}