{
  "sbfl": {
    "line_scores": {
      "1": 0.5477225575051661,
      "3": 0.5477225575051661,
      "4": 0.5477225575051661,
      "6": 0.5477225575051661,
      "8": 0.5477225575051661,
      "9": 0.5477225575051661,
      "10": 0.5477225575051661,
      "11": 0.5477225575051661,
      "14": 0.5477225575051661,
      "16": 0.5477225575051661,
      "18": 0.5773502691896257,
      "19": 0.5773502691896257,
      "23": 0.5477225575051661,
      "25": 0.6123724356957946,
      "28": 0.5477225575051661,
      "53": 0.5477225575051661,
      "56": 0.5477225575051661,
      "58": 0.5773502691896257,
      "61": 0.6123724356957946,
      "62": 0.6123724356957946,
      "65": 0.6123724356957946,
      "67": 0.6123724356957946,
      "68": 0.6123724356957946,
      "69": 0.6123724356957946,
      "71": 0.6123724356957946
    },
    "n_suspicious": 25,
    "pct_suspicious": 48.1,
    "n_fail": 3,
    "n_pass": 7
  },
  "dd": {
    "minimal_lines": [
      6,
      8,
      9,
      10,
      11,
      15,
      17,
      20,
      24,
      25,
      34,
      54,
      56,
      59,
      61,
      63,
      65,
      67,
      69,
      71
    ],
    "n_suspicious": 20,
    "pct_suspicious": 38.5,
    "dd_iterations": 1,
    "n_reducible": 20
  }
}