{
  "sbfl": {
    "line_scores": {
      "7": 0.5477225575051661,
      "9": 0.5477225575051661,
      "10": 0.5477225575051661,
      "12": 0.5477225575051661,
      "14": 0.5477225575051661,
      "15": 0.5477225575051661,
      "16": 0.5477225575051661,
      "19": 0.5477225575051661,
      "25": 0.5477225575051661,
      "27": 0.5773502691896257,
      "31": 0.5477225575051661,
      "33": 0.7071067811865476,
      "34": 0.7071067811865476,
      "37": 0.5477225575051661,
      "60": 0.5477225575051661,
      "62": 0.6123724356957946,
      "66": 0.7071067811865476,
      "68": 0.7071067811865476,
      "70": 0.7071067811865476,
      "73": 0.7071067811865476,
      "75": 0.7745966692414834
    },
    "n_suspicious": 21,
    "pct_suspicious": 38.2,
    "n_fail": 3,
    "n_pass": 7
  },
  "dd": {
    "minimal_lines": [
      1,
      12,
      14,
      15,
      16,
      20,
      26,
      28,
      32,
      33,
      34,
      42,
      60,
      63,
      64,
      66,
      68,
      71,
      74,
      75
    ],
    "n_suspicious": 20,
    "pct_suspicious": 36.4,
    "dd_iterations": 1,
    "n_reducible": 20
  }
}