{
  "sbfl": {
    "line_scores": {
      "64": 1.0,
      "1": 0.8944271909999159,
      "65": 1.0,
      "3": 0.8944271909999159,
      "4": 0.8944271909999159,
      "6": 0.8944271909999159,
      "8": 0.8944271909999159,
      "9": 0.8944271909999159,
      "10": 0.8944271909999159,
      "13": 0.8944271909999159,
      "15": 0.8944271909999159,
      "22": 0.8944271909999159,
      "24": 1.0,
      "27": 0.8944271909999159,
      "54": 0.8944271909999159,
      "56": 1.0,
      "57": 1.0,
      "60": 1.0,
      "61": 1.0,
      "63": 1.0
    },
    "n_suspicious": 20,
    "pct_suspicious": 40.8,
    "n_fail": 8,
    "n_pass": 2
  },
  "dd": {
    "minimal_lines": [
      6,
      8,
      9,
      10,
      14,
      16,
      23,
      24,
      34,
      54,
      56,
      58,
      60,
      61,
      64,
      65
    ],
    "n_suspicious": 16,
    "pct_suspicious": 32.7,
    "dd_iterations": 1,
    "n_reducible": 16
  }
}