{
  "sbfl": {
    "line_scores": {
      "1": 0.7071067811865475,
      "3": 0.7071067811865475,
      "4": 0.7071067811865475,
      "6": 0.7071067811865475,
      "8": 0.7071067811865475,
      "9": 0.7071067811865475,
      "10": 0.7071067811865475,
      "13": 0.7071067811865475,
      "19": 0.7071067811865475,
      "25": 0.7071067811865475,
      "27": 0.7071067811865475,
      "30": 0.7071067811865475,
      "47": 0.7071067811865475,
      "48": 0.7071067811865475,
      "50": 0.7071067811865475,
      "51": 0.7071067811865475,
      "53": 0.7071067811865475,
      "54": 0.7071067811865475,
      "55": 0.7071067811865475,
      "56": 0.8451542547285166,
      "57": 0.6,
      "58": 0.6,
      "60": 0.9128709291752769,
      "61": 0.9128709291752769,
      "62": 0.7071067811865475,
      "63": 0.7071067811865475,
      "65": 0.7071067811865475,
      "66": 1.0,
      "68": 0.7071067811865475
    },
    "n_suspicious": 29,
    "pct_suspicious": 58.0,
    "n_fail": 5,
    "n_pass": 5
  },
  "dd": {
    "minimal_lines": [
      6,
      8,
      9,
      10,
      14,
      20,
      26,
      27,
      31,
      47,
      48,
      50,
      51,
      53,
      54,
      57,
      58,
      60,
      61,
      62,
      63,
      66,
      68
    ],
    "n_suspicious": 23,
    "pct_suspicious": 46.0,
    "dd_iterations": 1,
    "n_reducible": 23
  }
}