{
  "sbfl": {
    "line_scores": {
      "1": 0.6324555320336759,
      "3": 0.6324555320336759,
      "4": 0.6324555320336759,
      "6": 0.6324555320336759,
      "8": 0.6324555320336759,
      "9": 0.6324555320336759,
      "10": 0.6324555320336759,
      "13": 0.6324555320336759,
      "15": 0.6324555320336759,
      "16": 0.5303300858899106,
      "23": 0.6324555320336759,
      "25": 0.6666666666666666,
      "26": 0.6666666666666666,
      "30": 0.6666666666666666,
      "33": 0.6324555320336759,
      "56": 0.6324555320336759,
      "57": 0.6666666666666666,
      "58": 0.6666666666666666,
      "59": 0.6666666666666666,
      "62": 0.6666666666666666,
      "63": 0.6666666666666666,
      "64": 0.6666666666666666,
      "65": 0.8164965809277261,
      "66": 0.8164965809277261,
      "67": 0.8164965809277261,
      "69": 0.75,
      "70": 0.75,
      "71": 0.6666666666666666,
      "72": 0.6666666666666666,
      "74": 0.6666666666666666,
      "75": 1.0,
      "77": 0.6666666666666666
    },
    "n_suspicious": 32,
    "pct_suspicious": 52.5,
    "n_fail": 4,
    "n_pass": 6
  },
  "dd": {
    "minimal_lines": [
      6,
      8,
      9,
      10,
      14,
      17,
      24,
      25,
      27,
      30,
      37,
      56,
      57,
      58,
      59,
      62,
      63,
      66,
      67,
      69,
      70,
      71,
      72,
      75,
      77
    ],
    "n_suspicious": 25,
    "pct_suspicious": 41.0,
    "dd_iterations": 1,
    "n_reducible": 25
  }
}