{
  "sbfl": {
    "line_scores": {
      "1": 0.5477225575051661,
      "3": 0.5477225575051661,
      "4": 0.5477225575051661,
      "6": 0.5477225575051661,
      "9": 0.5477225575051661,
      "12": 0.5477225575051661,
      "15": 0.5477225575051661,
      "18": 0.5477225575051661,
      "20": 0.5477225575051661,
      "22": 0.5773502691896257,
      "25": 0.5477225575051661,
      "27": 0.6123724356957946,
      "30": 0.5477225575051661,
      "54": 0.5477225575051661,
      "57": 0.5773502691896257,
      "58": 0.5773502691896257,
      "62": 0.6123724356957946,
      "64": 0.6123724356957946,
      "67": 0.6123724356957946,
      "69": 0.6123724356957946,
      "71": 0.6546536707079772
    },
    "n_suspicious": 21,
    "pct_suspicious": 43.8,
    "n_fail": 3,
    "n_pass": 7
  },
  "dd": {
    "minimal_lines": [
      6,
      9,
      12,
      15,
      19,
      21,
      22,
      26,
      27,
      35,
      55,
      57,
      59,
      60,
      62,
      65,
      67,
      70,
      71
    ],
    "n_suspicious": 19,
    "pct_suspicious": 39.6,
    "dd_iterations": 1,
    "n_reducible": 19
  }
}