{
  "sbfl": {
    "line_scores": {
      "1": 0.5477225575051661,
      "3": 0.5477225575051661,
      "4": 0.5477225575051661,
      "6": 0.5477225575051661,
      "13": 0.5477225575051661,
      "15": 0.5477225575051661,
      "16": 0.5477225575051661,
      "17": 0.5477225575051661,
      "20": 0.5477225575051661,
      "26": 0.5477225575051661,
      "30": 0.5477225575051661,
      "32": 0.5773502691896257,
      "34": 0.7071067811865476,
      "37": 0.5477225575051661,
      "60": 0.5477225575051661,
      "61": 0.5773502691896257,
      "63": 0.5773502691896257,
      "65": 0.5773502691896257,
      "66": 0.7071067811865476,
      "67": 1.0,
      "69": 0.5773502691896257,
      "70": 0.5773502691896257,
      "71": 0.5773502691896257
    },
    "n_suspicious": 23,
    "pct_suspicious": 44.2,
    "n_fail": 3,
    "n_pass": 7
  },
  "dd": {
    "minimal_lines": [
      6,
      13,
      15,
      16,
      17,
      21,
      27,
      31,
      33,
      34,
      43,
      60,
      61,
      63,
      67,
      69,
      70,
      71
    ],
    "n_suspicious": 18,
    "pct_suspicious": 34.6,
    "dd_iterations": 1,
    "n_reducible": 18
  }
}