{
  "sbfl": {
    "line_scores": {
      "1": 0.4472135954999579,
      "3": 0.4472135954999579,
      "4": 0.4472135954999579,
      "6": 0.4472135954999579,
      "13": 0.4472135954999579,
      "15": 0.4472135954999579,
      "16": 0.4472135954999579,
      "17": 0.4472135954999579,
      "20": 0.4472135954999579,
      "29": 0.4472135954999579,
      "33": 0.4472135954999579,
      "43": 0.47140452079103173,
      "46": 0.4472135954999579,
      "63": 0.4472135954999579,
      "64": 0.47140452079103173,
      "65": 0.47140452079103173,
      "67": 0.47140452079103173,
      "68": 0.6324555320336759,
      "69": 0.8164965809277261,
      "71": 0.47140452079103173,
      "72": 0.47140452079103173,
      "73": 0.47140452079103173
    },
    "n_suspicious": 22,
    "pct_suspicious": 42.3,
    "n_fail": 2,
    "n_pass": 8
  },
  "dd": {
    "minimal_lines": [
      6,
      13,
      15,
      16,
      17,
      21,
      30,
      34,
      43,
      47,
      63,
      64,
      65,
      69,
      71,
      72,
      73
    ],
    "n_suspicious": 17,
    "pct_suspicious": 32.7,
    "dd_iterations": 1,
    "n_reducible": 17
  }
}