{
  "sbfl": {
    "line_scores": {
      "1": 0.4472135954999579,
      "3": 0.4472135954999579,
      "4": 0.4472135954999579,
      "6": 0.4472135954999579,
      "12": 0.4472135954999579,
      "14": 0.4472135954999579,
      "15": 0.4472135954999579,
      "16": 0.4472135954999579,
      "19": 0.4472135954999579,
      "21": 0.4472135954999579,
      "25": 0.4472135954999579,
      "27": 0.5,
      "30": 0.4472135954999579,
      "53": 0.4472135954999579,
      "55": 0.5,
      "56": 0.5,
      "58": 0.5,
      "59": 0.5773502691896258,
      "60": 1.0,
      "62": 0.5,
      "64": 0.5,
      "65": 0.5,
      "66": 0.5
    },
    "n_suspicious": 23,
    "pct_suspicious": 48.9,
    "n_fail": 2,
    "n_pass": 8
  },
  "dd": {
    "minimal_lines": [
      6,
      12,
      14,
      15,
      16,
      20,
      22,
      26,
      27,
      36,
      53,
      55,
      56,
      60,
      62,
      64,
      65,
      66
    ],
    "n_suspicious": 18,
    "pct_suspicious": 38.3,
    "dd_iterations": 1,
    "n_reducible": 18
  }
}