{
  "sbfl": {
    "line_scores": {
      "1": 0.5477225575051661,
      "3": 0.5477225575051661,
      "4": 0.5477225575051661,
      "6": 0.5477225575051661,
      "9": 0.5477225575051661,
      "12": 0.5477225575051661,
      "15": 0.5477225575051661,
      "18": 0.5477225575051661,
      "27": 0.5477225575051661,
      "33": 0.5477225575051661,
      "43": 0.5773502691896257,
      "46": 0.5477225575051661,
      "66": 0.5477225575051661,
      "67": 0.5773502691896257,
      "68": 0.5773502691896257,
      "70": 0.5773502691896257,
      "71": 0.7071067811865476,
      "72": 1.0,
      "74": 0.5773502691896257,
      "75": 0.5773502691896257,
      "76": 0.5773502691896257
    },
    "n_suspicious": 21,
    "pct_suspicious": 40.4,
    "n_fail": 3,
    "n_pass": 7
  },
  "dd": {
    "minimal_lines": [
      6,
      9,
      12,
      15,
      19,
      28,
      34,
      43,
      49,
      66,
      67,
      68,
      72,
      74,
      75,
      76
    ],
    "n_suspicious": 16,
    "pct_suspicious": 30.8,
    "dd_iterations": 1,
    "n_reducible": 16
  }
}