{
  "sbfl": {
    "line_scores": {
      "1": 0.5477225575051661,
      "3": 0.5477225575051661,
      "4": 0.5477225575051661,
      "6": 0.5477225575051661,
      "14": 0.5477225575051661,
      "15": 0.5477225575051661,
      "16": 0.5477225575051661,
      "17": 0.5477225575051661,
      "19": 0.5477225575051661,
      "20": 0.5477225575051661,
      "23": 0.5477225575051661,
      "25": 0.5477225575051661,
      "29": 0.5477225575051661,
      "31": 0.6546536707079772,
      "34": 0.5477225575051661,
      "57": 0.5477225575051661,
      "59": 0.5773502691896257,
      "62": 0.5773502691896257,
      "65": 0.6546536707079772,
      "66": 0.6546536707079772,
      "68": 0.6546536707079772,
      "70": 0.7071067811865476
    },
    "n_suspicious": 22,
    "pct_suspicious": 43.1,
    "n_fail": 3,
    "n_pass": 7
  },
  "dd": {
    "minimal_lines": [
      6,
      14,
      15,
      16,
      17,
      19,
      20,
      24,
      26,
      30,
      31,
      39,
      57,
      60,
      63,
      65,
      66,
      69,
      70
    ],
    "n_suspicious": 19,
    "pct_suspicious": 37.3,
    "dd_iterations": 1,
    "n_reducible": 19
  }
}