{
  "sbfl": {
    "line_scores": {
      "1": 0.6324555320336759,
      "3": 0.6324555320336759,
      "4": 0.6324555320336759,
      "6": 0.6324555320336759,
      "8": 0.6324555320336759,
      "9": 0.6324555320336759,
      "10": 0.6324555320336759,
      "13": 0.6324555320336759,
      "15": 0.6324555320336759,
      "16": 0.5303300858899106,
      "23": 0.6324555320336759,
      "25": 0.6666666666666666,
      "26": 0.7071067811865475,
      "32": 0.6324555320336759,
      "50": 0.6324555320336759,
      "51": 0.6666666666666666,
      "52": 0.6666666666666666,
      "53": 0.6666666666666666,
      "55": 0.6666666666666666,
      "56": 0.6666666666666666,
      "59": 0.6666666666666666,
      "60": 0.6666666666666666,
      "61": 0.6666666666666666,
      "62": 0.8164965809277261,
      "63": 0.5,
      "64": 0.5,
      "65": 0.8164965809277261,
      "66": 0.5,
      "67": 0.5,
      "69": 0.8944271909999159,
      "70": 0.8944271909999159,
      "71": 0.8944271909999159,
      "72": 0.8944271909999159,
      "73": 0.6666666666666666,
      "74": 0.6666666666666666,
      "76": 0.6666666666666666,
      "77": 1.0,
      "78": 0.6666666666666666
    },
    "n_suspicious": 38,
    "pct_suspicious": 61.3,
    "n_fail": 4,
    "n_pass": 6
  },
  "dd": {
    "minimal_lines": [
      6,
      8,
      9,
      10,
      14,
      17,
      24,
      27,
      33,
      50,
      51,
      52,
      53,
      55,
      57,
      59,
      60,
      63,
      64,
      66,
      67,
      69,
      70,
      71,
      72,
      73,
      74,
      77,
      78
    ],
    "n_suspicious": 29,
    "pct_suspicious": 46.8,
    "dd_iterations": 1,
    "n_reducible": 29
  }
}