{
  "sbfl": {
    "line_scores": {
      "1": 0.4472135954999579,
      "3": 0.4472135954999579,
      "4": 0.4472135954999579,
      "6": 0.4472135954999579,
      "8": 0.4472135954999579,
      "9": 0.4472135954999579,
      "10": 0.4472135954999579,
      "11": 0.4472135954999579,
      "14": 0.4472135954999579,
      "16": 0.4472135954999579,
      "20": 0.47140452079103173,
      "26": 0.4472135954999579,
      "30": 0.47140452079103173,
      "33": 0.4472135954999579,
      "62": 0.4472135954999579,
      "64": 0.47140452079103173,
      "65": 0.47140452079103173,
      "67": 0.47140452079103173,
      "74": 0.47140452079103173,
      "76": 0.5
    },
    "n_suspicious": 20,
    "pct_suspicious": 33.3,
    "n_fail": 2,
    "n_pass": 8
  },
  "dd": {
    "minimal_lines": [
      6,
      8,
      9,
      10,
      11,
      15,
      17,
      21,
      29,
      30,
      40,
      62,
      64,
      65,
      67,
      75,
      76
    ],
    "n_suspicious": 17,
    "pct_suspicious": 28.3,
    "dd_iterations": 1,
    "n_reducible": 17
  }
}