{
  "sbfl": {
    "line_scores": {
      "1": 0.5477225575051661,
      "3": 0.5477225575051661,
      "4": 0.5477225575051661,
      "6": 0.5477225575051661,
      "8": 0.5477225575051661,
      "9": 0.5477225575051661,
      "10": 0.5477225575051661,
      "13": 0.5477225575051661,
      "23": 0.5477225575051661,
      "27": 0.5477225575051661,
      "28": 0.4082482904638631,
      "35": 0.5477225575051661,
      "37": 0.5477225575051661,
      "40": 0.5477225575051661,
      "57": 0.5477225575051661,
      "58": 0.5477225575051661,
      "60": 0.5477225575051661,
      "62": 0.5477225575051661,
      "63": 0.5477225575051661,
      "64": 0.5477225575051661,
      "65": 0.6546536707079772,
      "66": 0.6546536707079772,
      "67": 0.2581988897471611,
      "68": 0.2581988897471611,
      "69": 0.7071067811865476,
      "70": 0.3333333333333333,
      "71": 0.3333333333333333,
      "73": 0.7745966692414834,
      "74": 0.7745966692414834,
      "75": 0.7745966692414834,
      "76": 0.7745966692414834,
      "77": 0.5477225575051661,
      "78": 0.5477225575051661,
      "80": 0.5477225575051661,
      "81": 1.0,
      "83": 0.5477225575051661,
      "86": 0.5477225575051661
    },
    "n_suspicious": 37,
    "pct_suspicious": 56.1,
    "n_fail": 3,
    "n_pass": 7
  },
  "dd": {
    "minimal_lines": [
      6,
      8,
      9,
      10,
      14,
      24,
      29,
      36,
      37,
      41,
      57,
      58,
      60,
      62,
      63,
      65,
      67,
      68,
      70,
      71,
      73,
      74,
      75,
      76,
      77,
      78,
      81,
      84,
      86
    ],
    "n_suspicious": 29,
    "pct_suspicious": 43.9,
    "dd_iterations": 1,
    "n_reducible": 29
  }
}