{
  "sbfl": {
    "line_scores": {
      "1": 0.6324555320336759,
      "3": 0.6324555320336759,
      "4": 0.6324555320336759,
      "6": 0.6324555320336759,
      "8": 0.6324555320336759,
      "9": 0.6324555320336759,
      "10": 0.6324555320336759,
      "11": 0.6324555320336759,
      "14": 0.6324555320336759,
      "16": 0.6324555320336759,
      "18": 0.6666666666666666,
      "20": 0.7071067811865475,
      "26": 0.6324555320336759,
      "28": 0.7071067811865475,
      "31": 0.6324555320336759,
      "57": 0.6324555320336759,
      "59": 0.7071067811865475,
      "60": 0.7071067811865475,
      "62": 0.7071067811865475,
      "64": 0.7071067811865475,
      "66": 0.7071067811865475,
      "69": 0.7559289460184544
    },
    "n_suspicious": 22,
    "pct_suspicious": 43.1,
    "n_fail": 4,
    "n_pass": 6
  },
  "dd": {
    "minimal_lines": [
      6,
      8,
      9,
      10,
      11,
      15,
      17,
      19,
      21,
      27,
      28,
      37,
      57,
      59,
      60,
      62,
      64,
      67,
      69
    ],
    "n_suspicious": 19,
    "pct_suspicious": 37.3,
    "dd_iterations": 1,
    "n_reducible": 19
  }
}