{
  "sbfl": {
    "line_scores": {
      "1": 0.5477225575051661,
      "3": 0.5477225575051661,
      "4": 0.5477225575051661,
      "6": 0.5477225575051661,
      "13": 0.5477225575051661,
      "15": 0.5477225575051661,
      "16": 0.5477225575051661,
      "17": 0.5477225575051661,
      "20": 0.5477225575051661,
      "26": 0.5477225575051661,
      "32": 0.5477225575051661,
      "34": 0.5773502691896257,
      "37": 0.5477225575051661,
      "61": 0.5477225575051661,
      "63": 0.5773502691896257,
      "64": 0.5773502691896257,
      "66": 0.5773502691896257,
      "67": 0.7745966692414834,
      "68": 1.0,
      "70": 0.5773502691896257,
      "71": 0.5773502691896257,
      "72": 0.5773502691896257
    },
    "n_suspicious": 22,
    "pct_suspicious": 41.5,
    "n_fail": 3,
    "n_pass": 7
  },
  "dd": {
    "minimal_lines": [
      6,
      13,
      15,
      16,
      17,
      21,
      27,
      33,
      34,
      43,
      61,
      63,
      64,
      68,
      70,
      71,
      72
    ],
    "n_suspicious": 17,
    "pct_suspicious": 32.1,
    "dd_iterations": 1,
    "n_reducible": 17
  }
}