{
  "sbfl": {
    "line_scores": {
      "1": 0.4472135954999579,
      "3": 0.4472135954999579,
      "4": 0.4472135954999579,
      "6": 0.4472135954999579,
      "7": 0.4472135954999579,
      "9": 0.4472135954999579,
      "13": 0.4472135954999579,
      "15": 0.4472135954999579,
      "17": 0.4472135954999579,
      "19": 0.4472135954999579,
      "22": 0.4472135954999579,
      "23": 0.4472135954999579,
      "24": 0.4472135954999579,
      "25": 0.4472135954999579,
      "26": 0.4472135954999579,
      "28": 0.4472135954999579,
      "29": 0.4472135954999579
    },
    "n_suspicious": 17,
    "pct_suspicious": 68.0,
    "n_fail": 1,
    "n_pass": 4
  },
  "dd": {
    "minimal_lines": [
      6,
      7,
      10,
      14,
      16,
      18,
      20,
      22,
      23,
      25,
      26,
      29,
      30
    ],
    "n_suspicious": 13,
    "pct_suspicious": 52.0,
    "dd_iterations": 1,
    "n_reducible": 13
  }
}