{
  "line_scores": {
    "1": 0.5,
    "3": 0.5,
    "4": 0.5,
    "6": 0.5,
    "7": 0.5,
    "8": 0.5,
    "9": 0.5,
    "10": 0.5,
    "13": 0.5,
    "15": 0.5555555555555556,
    "16": 0.5555555555555556,
    "22": 0.5,
    "27": 0.5,
    "53": 0.5,
    "55": 0.5263157894736842,
    "58": 0.5555555555555556,
    "59": 0.5882352941176471,
    "61": 0.5882352941176471,
    "63": 0.5882352941176471,
    "64": 0.5882352941176471,
    "65": 0.5882352941176471,
    "67": 0.5882352941176471
  },
  "n_suspicious": 22,
  "pct_suspicious": 43.1,
  "n_fail": 2,
  "n_pass": 10
}