{
  "line_scores": {
    "1": 0.5,
    "3": 0.5,
    "4": 0.5,
    "6": 0.5,
    "7": 0.5,
    "8": 0.5,
    "9": 0.5,
    "10": 0.5,
    "13": 0.5,
    "15": 0.5499999999999999,
    "16": 0.5499999999999999,
    "20": 0.5789473684210527,
    "26": 0.5,
    "31": 0.5,
    "54": 0.5,
    "56": 0.5238095238095238,
    "59": 0.5499999999999999,
    "60": 0.5789473684210527,
    "62": 0.5789473684210527,
    "64": 0.5789473684210527,
    "65": 0.5789473684210527,
    "66": 0.5789473684210527,
    "68": 0.5789473684210527
  },
  "n_suspicious": 23,
  "pct_suspicious": 44.2,
  "n_fail": 1,
  "n_pass": 11
}