{
  "line_scores": {
    "1": 0.5,
    "3": 0.5,
    "4": 0.5,
    "6": 0.5,
    "7": 0.5,
    "8": 0.5,
    "9": 0.5,
    "10": 0.5,
    "13": 0.5,
    "15": 0.5625,
    "16": 0.5625,
    "18": 0.6000000000000001,
    "22": 0.5,
    "27": 0.5,
    "53": 0.5,
    "55": 0.5294117647058824,
    "58": 0.5625,
    "59": 0.6428571428571428,
    "61": 0.6428571428571428,
    "63": 0.6428571428571428,
    "64": 0.6428571428571428,
    "65": 0.6428571428571428,
    "67": 0.6428571428571428
  },
  "n_suspicious": 23,
  "pct_suspicious": 45.1,
  "n_fail": 1,
  "n_pass": 9
}