{
  "line_scores": {
    "1": 0.5,
    "3": 0.5,
    "4": 0.5,
    "6": 0.5,
    "8": 0.5,
    "9": 0.5,
    "10": 0.5,
    "11": 0.5,
    "14": 0.5,
    "16": 0.5833333333333333,
    "17": 0.5833333333333333,
    "24": 0.5,
    "26": 0.5833333333333333,
    "29": 0.5,
    "55": 0.5,
    "57": 0.5384615384615384,
    "59": 0.5384615384615384,
    "62": 0.5833333333333333,
    "64": 0.5833333333333333,
    "65": 0.5833333333333333,
    "68": 0.5833333333333333,
    "70": 0.5833333333333333,
    "71": 0.5833333333333333,
    "72": 0.5833333333333333,
    "74": 0.5833333333333333,
    "75": 0.5833333333333333
  },
  "n_suspicious": 26,
  "pct_suspicious": 45.6,
  "n_fail": 3,
  "n_pass": 7
}