{
  "line_scores": {
    "1": 0.5,
    "3": 0.5,
    "4": 0.5,
    "6": 0.5,
    "8": 0.5,
    "9": 0.5,
    "10": 0.5,
    "11": 0.5,
    "14": 0.5,
    "16": 0.5,
    "18": 0.5384615384615384,
    "19": 0.5384615384615384,
    "23": 0.5,
    "25": 0.5384615384615384,
    "28": 0.5,
    "55": 0.5,
    "57": 0.5384615384615384,
    "59": 0.5384615384615384,
    "62": 0.5384615384615384,
    "63": 0.5384615384615384,
    "66": 0.5384615384615384,
    "68": 0.5384615384615384,
    "69": 0.5384615384615384,
    "70": 0.5384615384615384,
    "72": 0.5384615384615384
  },
  "n_suspicious": 25,
  "pct_suspicious": 46.3,
  "n_fail": 3,
  "n_pass": 7
}