{
  "line_scores": {
    "1": 0.5,
    "3": 0.5,
    "4": 0.5,
    "6": 0.5,
    "8": 0.5,
    "9": 0.5,
    "10": 0.5,
    "11": 0.5,
    "14": 0.5,
    "16": 0.5,
    "18": 0.5454545454545454,
    "22": 0.5,
    "24": 0.6000000000000001,
    "27": 0.5,
    "52": 0.5,
    "54": 0.5454545454545454,
    "57": 0.6000000000000001,
    "58": 0.6000000000000001,
    "61": 0.6000000000000001,
    "63": 0.6000000000000001,
    "64": 0.6000000000000001,
    "65": 0.6000000000000001,
    "67": 0.6000000000000001
  },
  "n_suspicious": 23,
  "pct_suspicious": 46.9,
  "n_fail": 4,
  "n_pass": 6
}