{
  "line_scores": {
    "1": 0.5,
    "3": 0.5,
    "4": 0.5,
    "6": 0.5,
    "8": 0.5,
    "16": 0.5,
    "17": 0.5,
    "18": 0.5,
    "19": 0.5,
    "22": 0.5,
    "24": 0.5,
    "28": 0.5454545454545454,
    "34": 0.5,
    "36": 0.5454545454545454,
    "39": 0.5,
    "62": 0.5,
    "64": 0.5454545454545454,
    "65": 0.5454545454545454,
    "67": 0.5454545454545454,
    "72": 0.5454545454545454,
    "74": 0.6000000000000001
  },
  "n_suspicious": 21,
  "pct_suspicious": 36.8,
  "n_fail": 4,
  "n_pass": 6
}