{
  "line_scores": {
    "1": 0.5,
    "3": 0.5,
    "4": 0.5,
    "6": 0.5,
    "14": 0.5,
    "16": 0.5,
    "17": 0.5,
    "18": 0.5,
    "19": 0.5,
    "22": 0.5,
    "24": 0.5454545454545454,
    "26": 0.5454545454545454,
    "32": 0.5,
    "37": 0.5,
    "57": 0.5,
    "60": 0.5454545454545454,
    "61": 0.5454545454545454,
    "63": 0.5454545454545454,
    "65": 0.5454545454545454,
    "66": 0.5454545454545454,
    "67": 0.5454545454545454,
    "68": 0.5454545454545454
  },
  "n_suspicious": 22,
  "pct_suspicious": 44.0,
  "n_fail": 4,
  "n_pass": 6
}