{
  "line_scores": {
    "1": 0.5,
    "3": 0.5,
    "4": 0.5,
    "6": 0.5,
    "13": 0.5,
    "15": 0.5,
    "16": 0.5,
    "17": 0.5,
    "20": 0.5,
    "22": 0.5,
    "24": 0.5384615384615384,
    "28": 0.5833333333333333,
    "34": 0.5,
    "36": 0.5833333333333333,
    "39": 0.5,
    "65": 0.5,
    "66": 0.5833333333333333,
    "67": 0.5833333333333333,
    "68": 0.5833333333333333
  },
  "n_suspicious": 19,
  "pct_suspicious": 35.8,
  "n_fail": 3,
  "n_pass": 7
}