{
  "line_scores": {
    "1": 0.5,
    "3": 0.5,
    "4": 0.5,
    "6": 0.5,
    "8": 0.5,
    "9": 0.5,
    "10": 0.5,
    "11": 0.5,
    "14": 0.5,
    "16": 0.5833333333333333,
    "17": 0.5833333333333333,
    "21": 0.5,
    "23": 0.5833333333333333,
    "26": 0.5,
    "50": 0.5,
    "52": 0.5384615384615384,
    "54": 0.5384615384615384,
    "57": 0.5833333333333333,
    "59": 0.5833333333333333,
    "60": 0.5833333333333333,
    "63": 0.5833333333333333,
    "65": 0.5833333333333333,
    "66": 0.5833333333333333,
    "67": 0.5833333333333333,
    "69": 0.5833333333333333
  },
  "n_suspicious": 25,
  "pct_suspicious": 49.0,
  "n_fail": 3,
  "n_pass": 7
}