{
  "line_scores": {
    "1": 0.5,
    "3": 0.5,
    "4": 0.5,
    "6": 0.5,
    "8": 0.5,
    "9": 0.5,
    "10": 0.5,
    "11": 0.5,
    "14": 0.5,
    "16": 0.5,
    "18": 0.5454545454545454,
    "20": 0.5454545454545454,
    "22": 0.6000000000000001,
    "24": 0.6000000000000001,
    "28": 0.5,
    "32": 0.6666666666666666,
    "33": 0.6666666666666666,
    "34": 0.6666666666666666,
    "37": 0.5,
    "59": 0.5,
    "61": 0.6666666666666666,
    "62": 0.6666666666666666,
    "64": 0.6666666666666666,
    "65": 0.6666666666666666,
    "69": 0.6666666666666666
  },
  "n_suspicious": 25,
  "pct_suspicious": 47.2,
  "n_fail": 4,
  "n_pass": 6
}