{
  "line_scores": {
    "1": 0.5,
    "3": 0.5,
    "4": 0.5,
    "6": 0.5,
    "13": 0.5,
    "14": 0.5,
    "15": 0.5,
    "16": 0.5,
    "19": 0.5,
    "21": 0.6666666666666666,
    "23": 0.6666666666666666,
    "24": 0.6666666666666666,
    "28": 0.5,
    "32": 0.6666666666666666,
    "35": 0.5,
    "55": 0.5,
    "57": 0.5454545454545454,
    "59": 0.5454545454545454,
    "62": 0.6666666666666666,
    "64": 0.6666666666666666,
    "65": 0.6666666666666666,
    "67": 0.6666666666666666,
    "69": 0.6666666666666666
  },
  "n_suspicious": 23,
  "pct_suspicious": 45.1,
  "n_fail": 4,
  "n_pass": 6
}