{
  "line_scores": {
    "1": 0.5,
    "3": 0.5,
    "4": 0.5,
    "6": 0.5,
    "13": 0.5,
    "15": 0.5,
    "16": 0.5,
    "17": 0.5,
    "18": 0.5,
    "21": 0.5,
    "23": 0.5,
    "30": 0.5,
    "32": 0.5714285714285714,
    "34": 0.6666666666666666,
    "37": 0.5,
    "61": 0.5,
    "63": 0.5714285714285714,
    "70": 0.5714285714285714,
    "71": 0.5714285714285714
  },
  "n_suspicious": 19,
  "pct_suspicious": 35.2,
  "n_fail": 6,
  "n_pass": 4
}