{
  "line_scores": {
    "7": 0.5,
    "9": 0.5,
    "10": 0.5,
    "12": 0.5,
    "14": 0.5,
    "15": 0.5,
    "16": 0.5,
    "19": 0.5,
    "21": 0.5,
    "27": 0.5,
    "29": 0.5454545454545454,
    "32": 0.5,
    "56": 0.5,
    "58": 0.5454545454545454,
    "60": 0.5454545454545454,
    "61": 0.8571428571428571,
    "62": 1.0,
    "64": 0.5454545454545454,
    "66": 0.5454545454545454,
    "69": 0.5454545454545454
  },
  "n_suspicious": 20,
  "pct_suspicious": 40.0,
  "n_fail": 4,
  "n_pass": 6
}