{
  "line_scores": {
    "1": 0.5,
    "3": 0.5,
    "4": 0.5,
    "6": 0.5,
    "9": 0.5,
    "12": 0.5,
    "15": 0.5,
    "18": 0.5,
    "20": 0.5,
    "21": 0.5714285714285714,
    "25": 0.5714285714285714,
    "31": 0.5,
    "33": 0.5333333333333333,
    "36": 0.5,
    "63": 0.5,
    "65": 0.5333333333333333,
    "66": 0.5333333333333333,
    "68": 0.5333333333333333,
    "70": 0.5333333333333333,
    "72": 0.5714285714285714
  },
  "n_suspicious": 20,
  "pct_suspicious": 39.2,
  "n_fail": 2,
  "n_pass": 8
}