{
  "line_scores": {
    "1": 0.5,
    "3": 0.5,
    "4": 0.5,
    "6": 0.5,
    "8": 0.5,
    "9": 0.5,
    "10": 0.5,
    "11": 0.5,
    "14": 0.5,
    "16": 0.5,
    "23": 0.5,
    "27": 0.5384615384615384,
    "30": 0.5,
    "62": 0.5,
    "64": 0.5384615384615384,
    "65": 0.5384615384615384,
    "67": 0.5384615384615384,
    "72": 0.5384615384615384,
    "74": 0.5833333333333333
  },
  "n_suspicious": 19,
  "pct_suspicious": 32.8,
  "n_fail": 3,
  "n_pass": 7
}