{
  "line_scores": {
    "1": 0.5,
    "3": 0.5,
    "4": 0.5,
    "6": 0.5,
    "8": 0.5,
    "9": 0.5,
    "10": 0.5,
    "13": 0.5,
    "19": 0.5,
    "20": 0.5,
    "27": 0.5,
    "29": 0.8333333333333334,
    "32": 0.5,
    "50": 0.5,
    "51": 0.5555555555555556,
    "53": 0.5555555555555556,
    "54": 0.5555555555555556,
    "55": 0.5555555555555556,
    "56": 0.8333333333333334,
    "57": 0.8333333333333334,
    "58": 0.7499999999999999,
    "59": 0.7499999999999999,
    "60": 0.8333333333333334,
    "61": 0.7499999999999999,
    "62": 0.7499999999999999,
    "64": 1.0,
    "65": 1.0,
    "66": 1.0,
    "67": 1.0,
    "68": 0.8333333333333334,
    "70": 0.5555555555555556,
    "71": 0.5555555555555556,
    "73": 0.5555555555555556,
    "74": 1.0,
    "76": 0.5555555555555556
  },
  "n_suspicious": 35,
  "pct_suspicious": 59.3,
  "n_fail": 5,
  "n_pass": 5
}