{
  "line_scores": {
    "1": 0.5,
    "3": 0.5,
    "4": 0.5,
    "6": 0.5,
    "8": 0.5,
    "15": 0.5,
    "16": 0.5,
    "17": 0.5,
    "18": 0.5,
    "21": 0.5,
    "23": 0.5,
    "24": 0.5,
    "31": 0.5,
    "33": 0.5555555555555556,
    "36": 0.5555555555555556,
    "39": 0.5,
    "56": 0.5,
    "57": 0.5555555555555556,
    "59": 0.5555555555555556,
    "62": 0.5555555555555556,
    "63": 0.5555555555555556,
    "64": 0.5555555555555556,
    "65": 0.8333333333333334,
    "66": 0.8333333333333334,
    "67": 0.8333333333333334,
    "69": 0.8,
    "70": 0.8,
    "71": 0.5555555555555556,
    "72": 0.5555555555555556,
    "74": 0.5555555555555556,
    "75": 1.0,
    "77": 0.5555555555555556
  },
  "n_suspicious": 32,
  "pct_suspicious": 55.2,
  "n_fail": 5,
  "n_pass": 5
}