{
  "line_scores": {
    "1": 0.5,
    "3": 0.5,
    "4": 0.5,
    "6": 0.5,
    "8": 0.5,
    "9": 0.5,
    "10": 0.5,
    "13": 0.5,
    "15": 0.5,
    "19": 0.5,
    "20": 0.5454545454545454,
    "26": 0.5,
    "31": 0.5,
    "49": 0.5,
    "50": 0.5454545454545454,
    "52": 0.5454545454545454,
    "54": 0.6666666666666666,
    "57": 0.75,
    "59": 0.75,
    "60": 0.75,
    "61": 0.75,
    "62": 0.75,
    "63": 0.6000000000000001,
    "64": 0.6000000000000001,
    "66": 0.8571428571428571,
    "67": 0.8571428571428571,
    "68": 0.75,
    "69": 0.75,
    "71": 0.75,
    "72": 1.0,
    "74": 0.75
  },
  "n_suspicious": 31,
  "pct_suspicious": 55.4,
  "n_fail": 4,
  "n_pass": 6
}