{
  "line_scores": {
    "1": 0.5,
    "3": 0.5,
    "4": 0.5,
    "6": 0.5,
    "8": 0.5,
    "9": 0.5,
    "10": 0.5,
    "13": 0.5,
    "15": 0.5,
    "17": 0.5,
    "18": 0.6000000000000001,
    "25": 0.5,
    "27": 0.6000000000000001,
    "29": 0.6000000000000001,
    "32": 0.5,
    "49": 0.5,
    "50": 0.5454545454545454,
    "52": 0.5454545454545454,
    "53": 0.5454545454545454,
    "55": 0.5454545454545454,
    "56": 0.75,
    "57": 0.75,
    "58": 0.75,
    "59": 0.75,
    "60": 0.75,
    "61": 0.6000000000000001,
    "62": 0.6000000000000001,
    "64": 1.0,
    "65": 1.0,
    "66": 1.0,
    "67": 1.0,
    "69": 0.5454545454545454,
    "70": 0.5454545454545454,
    "72": 0.5454545454545454,
    "73": 1.0,
    "75": 0.5454545454545454,
    "76": 0.5454545454545454
  },
  "n_suspicious": 37,
  "pct_suspicious": 63.8,
  "n_fail": 4,
  "n_pass": 6
}