{
  "line_scores": {
    "1": 0.5,
    "3": 0.5,
    "4": 0.5,
    "6": 0.5,
    "8": 0.5,
    "9": 0.5,
    "10": 0.5,
    "11": 0.5,
    "14": 0.5,
    "16": 0.5384615384615384,
    "18": 0.5833333333333333,
    "20": 0.5833333333333333,
    "21": 0.5833333333333333,
    "23": 0.5833333333333333,
    "27": 0.5,
    "29": 0.5833333333333333,
    "30": 0.5833333333333333,
    "33": 0.5,
    "57": 0.5,
    "59": 0.5384615384615384,
    "62": 0.5384615384615384,
    "64": 0.5833333333333333,
    "65": 0.5833333333333333,
    "67": 0.5833333333333333,
    "68": 0.5833333333333333,
    "72": 0.5833333333333333
  },
  "n_suspicious": 26,
  "pct_suspicious": 47.3,
  "n_fail": 3,
  "n_pass": 7
}