{
  "line_scores": {
    "1": 0.5,
    "3": 0.5,
    "4": 0.5,
    "6": 0.5,
    "7": 0.5,
    "8": 0.5,
    "9": 0.5,
    "10": 0.5,
    "13": 0.5,
    "15": 0.6666666666666666,
    "16": 0.6666666666666666,
    "20": 0.6666666666666666,
    "26": 0.5,
    "28": 0.6666666666666666,
    "31": 0.5,
    "57": 0.5,
    "59": 0.5714285714285714,
    "62": 0.6666666666666666,
    "63": 0.6666666666666666,
    "65": 0.6666666666666666,
    "67": 0.6666666666666666,
    "69": 0.6666666666666666,
    "71": 0.6666666666666666
  },
  "n_suspicious": 23,
  "pct_suspicious": 42.6,
  "n_fail": 6,
  "n_pass": 4
}