{
  "line_scores": {
    "6": 0.5,
    "8": 0.5,
    "9": 0.5,
    "11": 0.5,
    "13": 0.5,
    "14": 0.5,
    "15": 0.5,
    "18": 0.5,
    "20": 0.5,
    "22": 0.5384615384615384,
    "28": 0.5,
    "30": 0.5384615384615384,
    "36": 0.5,
    "57": 0.5,
    "58": 0.5384615384615384,
    "60": 0.5833333333333333,
    "61": 0.5833333333333333,
    "63": 0.5833333333333333,
    "64": 1.0,
    "66": 0.5833333333333333,
    "67": 0.5833333333333333
  },
  "n_suspicious": 21,
  "pct_suspicious": 42.0,
  "n_fail": 3,
  "n_pass": 7
}