{
  "line_scores": {
    "1": 0.5,
    "3": 0.5,
    "4": 0.5,
    "6": 0.5,
    "8": 0.5,
    "9": 0.5,
    "10": 0.5,
    "13": 0.5,
    "19": 0.5,
    "25": 0.5,
    "31": 0.5384615384615384,
    "34": 0.5,
    "58": 0.5,
    "59": 0.5384615384615384,
    "60": 0.5384615384615384,
    "62": 0.5384615384615384,
    "63": 0.7,
    "64": 1.0,
    "66": 0.5384615384615384,
    "67": 0.5384615384615384,
    "68": 0.5384615384615384
  },
  "n_suspicious": 21,
  "pct_suspicious": 41.2,
  "n_fail": 3,
  "n_pass": 7
}