{
  "line_scores": {
    "1": 0.5,
    "3": 0.5,
    "4": 0.5,
    "6": 0.5,
    "13": 0.5,
    "15": 0.5,
    "16": 0.5,
    "17": 0.5,
    "20": 0.5,
    "22": 0.5,
    "28": 0.5,
    "30": 0.5384615384615384,
    "33": 0.5,
    "53": 0.5,
    "55": 0.5384615384615384,
    "57": 0.5384615384615384,
    "58": 0.7777777777777779,
    "59": 1.0,
    "61": 0.5384615384615384,
    "62": 0.5384615384615384,
    "63": 0.5384615384615384
  },
  "n_suspicious": 21,
  "pct_suspicious": 45.7,
  "n_fail": 3,
  "n_pass": 7
}