{
  "line_scores": {
    "7": 0.5,
    "9": 0.5,
    "10": 0.5,
    "12": 0.5,
    "14": 0.5,
    "15": 0.5,
    "16": 0.5,
    "19": 0.5,
    "21": 0.5,
    "22": 1.0,
    "23": 0.42857142857142855,
    "25": 0.42857142857142855,
    "28": 0.5,
    "30": 0.5454545454545454,
    "33": 0.5,
    "59": 0.5,
    "61": 0.5,
    "62": 0.5,
    "64": 0.5454545454545454,
    "66": 0.5454545454545454,
    "70": 0.6666666666666666,
    "71": 0.6666666666666666
  },
  "n_suspicious": 22,
  "pct_suspicious": 40.7,
  "n_fail": 4,
  "n_pass": 6
}