{
  "line_scores": {
    "1": 0.5,
    "3": 0.5,
    "4": 0.5,
    "6": 0.5,
    "8": 0.5,
    "9": 0.5,
    "10": 0.5,
    "13": 0.5,
    "19": 0.5,
    "26": 0.5,
    "28": 0.5714285714285714,
    "31": 0.5,
    "56": 0.5,
    "58": 0.5,
    "62": 0.5714285714285714,
    "63": 0.5714285714285714,
    "65": 0.5714285714285714,
    "67": 0.6153846153846154
  },
  "n_suspicious": 18,
  "pct_suspicious": 36.0,
  "n_fail": 2,
  "n_pass": 8
}