{
  "line_scores": {
    "1": 0.5,
    "3": 0.5,
    "4": 0.5,
    "6": 0.5,
    "8": 0.5,
    "9": 0.5,
    "10": 0.5,
    "11": 0.5,
    "14": 0.5,
    "16": 0.5,
    "18": 0.5333333333333333,
    "24": 0.5,
    "26": 0.6666666666666666,
    "29": 0.5,
    "60": 0.5,
    "62": 0.5714285714285714,
    "63": 0.5714285714285714,
    "67": 0.6666666666666666,
    "68": 0.6666666666666666,
    "70": 0.6666666666666666,
    "72": 0.8
  },
  "n_suspicious": 21,
  "pct_suspicious": 37.5,
  "n_fail": 2,
  "n_pass": 8
}