{
  "line_scores": {
    "1": 0.5,
    "3": 0.5,
    "4": 0.5,
    "6": 0.5,
    "9": 0.5,
    "12": 0.5,
    "15": 0.5,
    "18": 0.5,
    "24": 0.5,
    "28": 0.5,
    "30": 0.6363636363636364,
    "33": 0.5,
    "57": 0.5,
    "59": 0.5833333333333333,
    "62": 0.5833333333333333,
    "65": 0.6363636363636364,
    "66": 0.6363636363636364,
    "68": 0.6363636363636364,
    "70": 0.7
  },
  "n_suspicious": 19,
  "pct_suspicious": 40.4,
  "n_fail": 3,
  "n_pass": 7
}