{
  "line_scores": {
    "1": 0.5,
    "3": 0.5,
    "4": 0.5,
    "6": 0.5,
    "9": 0.5,
    "12": 0.5,
    "15": 0.5,
    "18": 0.5,
    "30": 0.5,
    "31": 0.5,
    "33": 0.5333333333333333,
    "36": 0.5,
    "53": 0.5,
    "75": 0.5,
    "76": 0.5333333333333333,
    "77": 0.5333333333333333,
    "80": 0.5714285714285714,
    "82": 0.5714285714285714,
    "85": 0.5714285714285714,
    "87": 0.6153846153846154
  },
  "n_suspicious": 20,
  "pct_suspicious": 32.8,
  "n_fail": 2,
  "n_pass": 8
}