{
  "line_scores": {
    "1": 0.5,
    "3": 0.5,
    "4": 0.5,
    "6": 0.5,
    "8": 0.5,
    "9": 0.5,
    "10": 0.5,
    "12": 0.5,
    "15": 0.5,
    "17": 0.5,
    "19": 0.5384615384615384,
    "23": 0.5,
    "25": 0.7,
    "28": 0.5,
    "52": 0.5,
    "54": 0.5833333333333333,
    "55": 0.5833333333333333,
    "58": 0.7,
    "59": 0.7,
    "61": 0.7,
    "64": 0.7777777777777779,
    "65": 0.7777777777777779
  },
  "n_suspicious": 22,
  "pct_suspicious": 46.8,
  "n_fail": 3,
  "n_pass": 7
}