{
  "line_scores": {
    "1": 0.5,
    "3": 0.5,
    "4": 0.5,
    "6": 0.5,
    "14": 0.5,
    "15": 0.5,
    "16": 0.5,
    "17": 0.5,
    "19": 0.5,
    "22": 0.5,
    "28": 0.5,
    "35": 0.5,
    "37": 0.5833333333333333,
    "40": 0.5,
    "64": 0.5,
    "66": 0.5,
    "70": 0.5833333333333333,
    "71": 0.5833333333333333,
    "73": 0.5833333333333333,
    "75": 0.6363636363636364
  },
  "n_suspicious": 20,
  "pct_suspicious": 35.7,
  "n_fail": 3,
  "n_pass": 7
}