{
  "line_scores": {
    "1": 0.5,
    "3": 0.5,
    "4": 0.5,
    "6": 0.5,
    "8": 0.5,
    "9": 0.5,
    "10": 0.5,
    "11": 0.5,
    "14": 0.5,
    "27": 0.5,
    "28": 0.5,
    "33": 0.5714285714285714,
    "36": 0.5,
    "38": 0.5714285714285714,
    "41": 0.5,
    "64": 0.5,
    "66": 0.5714285714285714,
    "70": 0.5714285714285714,
    "72": 0.5714285714285714,
    "73": 0.6666666666666666,
    "76": 0.6666666666666666,
    "77": 0.6666666666666666
  },
  "n_suspicious": 22,
  "pct_suspicious": 38.6,
  "n_fail": 5,
  "n_pass": 4
}