{
  "line_scores": {
    "1": 0.5,
    "3": 0.5,
    "4": 0.5,
    "6": 0.5,
    "13": 0.5,
    "15": 0.5,
    "16": 0.5,
    "17": 0.5,
    "18": 0.5,
    "21": 0.5,
    "23": 0.5,
    "27": 0.5,
    "29": 0.5555555555555556,
    "32": 0.5,
    "60": 0.5,
    "62": 0.5555555555555556,
    "63": 0.5555555555555556,
    "65": 0.5555555555555556,
    "66": 0.6666666666666666,
    "67": 0.6666666666666666,
    "68": 1.0,
    "69": 0.6666666666666666,
    "70": 1.0,
    "72": 0.5555555555555556,
    "73": 0.5555555555555556
  },
  "n_suspicious": 25,
  "pct_suspicious": 45.5,
  "n_fail": 5,
  "n_pass": 5
}