{
  "line_scores": {
    "1": 0.5,
    "3": 0.5,
    "4": 0.5,
    "6": 0.5,
    "14": 0.5,
    "16": 0.5,
    "17": 0.5,
    "18": 0.5,
    "21": 0.5,
    "27": 0.5,
    "31": 0.5,
    "33": 0.5714285714285714,
    "36": 0.5,
    "65": 0.5,
    "67": 0.5714285714285714,
    "68": 0.5714285714285714,
    "70": 0.5714285714285714,
    "71": 1.0,
    "72": 1.0,
    "74": 0.5714285714285714,
    "75": 0.5714285714285714
  },
  "n_suspicious": 21,
  "pct_suspicious": 37.5,
  "n_fail": 6,
  "n_pass": 4
}