{
  "line_scores": {
    "1": 0.5,
    "3": 0.5,
    "4": 0.5,
    "6": 0.5,
    "13": 0.5,
    "15": 0.5,
    "16": 0.5,
    "17": 0.5,
    "20": 0.5,
    "22": 0.5,
    "26": 0.5,
    "28": 0.5714285714285714,
    "31": 0.5,
    "60": 0.5,
    "62": 0.5714285714285714,
    "63": 0.5714285714285714,
    "65": 0.5714285714285714,
    "66": 1.0,
    "67": 1.0,
    "68": 1.0,
    "69": 1.0,
    "70": 1.0,
    "72": 0.5714285714285714,
    "73": 0.5714285714285714
  },
  "n_suspicious": 24,
  "pct_suspicious": 42.9,
  "n_fail": 6,
  "n_pass": 4
}