{
  "line_scores": {
    "1": 0.5,
    "3": 0.5,
    "4": 0.5,
    "6": 0.5,
    "13": 0.5,
    "15": 0.5,
    "16": 0.5,
    "17": 0.5,
    "18": 0.5,
    "21": 0.5,
    "27": 0.5,
    "31": 0.5,
    "33": 0.5555555555555556,
    "36": 0.5,
    "65": 0.5,
    "67": 0.5555555555555556,
    "68": 0.5555555555555556,
    "70": 0.5555555555555556,
    "71": 0.5,
    "72": 0.5,
    "74": 0.5555555555555556,
    "76": 0.5555555555555556
  },
  "n_suspicious": 22,
  "pct_suspicious": 39.3,
  "n_fail": 5,
  "n_pass": 5
}