{
  "line_scores": {
    "1": 0.5,
    "3": 0.5,
    "4": 0.5,
    "6": 0.5,
    "8": 0.5,
    "16": 0.5,
    "17": 0.5,
    "18": 0.5,
    "19": 0.5,
    "22": 0.5,
    "24": 0.5,
    "28": 0.5,
    "30": 0.5555555555555556,
    "33": 0.5,
    "63": 0.5,
    "65": 0.5555555555555556,
    "66": 0.5555555555555556,
    "68": 0.5555555555555556,
    "69": 1.0,
    "70": 1.0,
    "72": 1.0,
    "73": 1.0,
    "75": 0.5555555555555556,
    "76": 0.5555555555555556
  },
  "n_suspicious": 24,
  "pct_suspicious": 41.4,
  "n_fail": 5,
  "n_pass": 5
}