{
  "line_scores": {
    "1": 0.5,
    "3": 0.5,
    "4": 0.5,
    "6": 0.5,
    "8": 0.5,
    "9": 0.5,
    "10": 0.5,
    "13": 0.5,
    "15": 0.5,
    "19": 0.5,
    "21": 0.5714285714285714,
    "24": 0.5,
    "55": 0.5,
    "57": 0.5714285714285714,
    "58": 0.5714285714285714,
    "60": 0.5714285714285714,
    "61": 0.5714285714285714,
    "63": 0.5714285714285714,
    "64": 1.0,
    "65": 1.0,
    "67": 0.5714285714285714
  },
  "n_suspicious": 21,
  "pct_suspicious": 42.0,
  "n_fail": 6,
  "n_pass": 4
}