{
  "line_scores": {
    "1": 0.5,
    "3": 0.5,
    "4": 0.5,
    "6": 0.5,
    "8": 0.5,
    "9": 0.5,
    "10": 0.5,
    "13": 0.5,
    "15": 0.5,
    "17": 0.5333333333333333,
    "21": 0.5,
    "23": 0.5714285714285714,
    "26": 0.5,
    "52": 0.5,
    "54": 0.5714285714285714,
    "57": 0.5714285714285714,
    "60": 0.6666666666666666,
    "62": 0.6666666666666666,
    "64": 0.6666666666666666,
    "67": 0.7272727272727273
  },
  "n_suspicious": 20,
  "pct_suspicious": 41.7,
  "n_fail": 2,
  "n_pass": 8
}