{
  "line_scores": {
    "1": 0.5,
    "3": 0.5,
    "4": 0.5,
    "6": 0.5,
    "8": 0.5,
    "9": 0.5,
    "10": 0.5,
    "13": 0.5,
    "17": 0.5,
    "19": 0.5454545454545454,
    "21": 0.5454545454545454,
    "23": 0.5454545454545454,
    "24": 0.6000000000000001,
    "28": 0.5,
    "30": 0.5454545454545454,
    "33": 0.5,
    "59": 0.5,
    "61": 0.5454545454545454,
    "62": 0.5454545454545454,
    "64": 0.5454545454545454,
    "66": 0.5454545454545454,
    "68": 0.6000000000000001
  },
  "n_suspicious": 22,
  "pct_suspicious": 42.3,
  "n_fail": 4,
  "n_pass": 6
}