{
  "line_scores": {
    "1": 0.5,
    "3": 0.5,
    "4": 0.5,
    "6": 0.5,
    "7": 0.5,
    "8": 0.5,
    "9": 0.5,
    "10": 0.5,
    "13": 0.5,
    "15": 0.5,
    "17": 0.5333333333333333,
    "19": 0.5714285714285714,
    "25": 0.5,
    "30": 0.5,
    "58": 0.5,
    "60": 0.6153846153846154,
    "62": 0.6153846153846154,
    "64": 0.6153846153846154
  },
  "n_suspicious": 18,
  "pct_suspicious": 36.7,
  "n_fail": 2,
  "n_pass": 8
}