{
  "line_scores": {
    "1": 0.5,
    "3": 0.5,
    "4": 0.5,
    "6": 0.5,
    "8": 0.5,
    "9": 0.5,
    "10": 0.5,
    "13": 0.5,
    "15": 0.5,
    "16": 0.47368421052631576,
    "23": 0.5,
    "25": 0.5454545454545454,
    "26": 0.5454545454545454,
    "32": 0.5,
    "53": 0.5,
    "54": 0.5454545454545454,
    "55": 0.5454545454545454,
    "57": 0.5454545454545454,
    "58": 0.5454545454545454,
    "60": 0.5454545454545454,
    "61": 0.75,
    "62": 0.75,
    "63": 0.75,
    "65": 0.75,
    "66": 0.75,
    "68": 0.5454545454545454,
    "69": 0.5454545454545454,
    "71": 0.5454545454545454,
    "72": 1.0,
    "74": 0.5454545454545454,
    "77": 0.5454545454545454
  },
  "n_suspicious": 31,
  "pct_suspicious": 53.4,
  "n_fail": 4,
  "n_pass": 6
}