{
  "line_scores": {
    "1": 0.5,
    "3": 0.5,
    "4": 0.5,
    "6": 0.5,
    "8": 0.5,
    "9": 0.5,
    "10": 0.5,
    "13": 0.5,
    "19": 0.5,
    "21": 0.5,
    "22": 0.5294117647058824,
    "29": 0.5,
    "31": 0.5454545454545454,
    "34": 0.5,
    "53": 0.5,
    "54": 0.5454545454545454,
    "56": 0.5454545454545454,
    "57": 0.5454545454545454,
    "58": 0.5454545454545454,
    "59": 0.75,
    "60": 0.75,
    "61": 0.6000000000000001,
    "62": 0.6000000000000001,
    "63": 0.8571428571428571,
    "64": 0.75,
    "65": 0.75,
    "67": 1.0,
    "68": 1.0,
    "69": 1.0,
    "70": 1.0,
    "71": 0.5454545454545454,
    "72": 0.5454545454545454,
    "74": 0.5454545454545454,
    "75": 1.0,
    "77": 0.5454545454545454,
    "80": 0.5454545454545454
  },
  "n_suspicious": 36,
  "pct_suspicious": 58.1,
  "n_fail": 4,
  "n_pass": 6
}