{
  "line_scores": {
    "1": 0.5,
    "3": 0.5,
    "4": 0.5,
    "6": 0.5,
    "8": 0.5,
    "9": 0.5,
    "10": 0.5,
    "13": 0.5,
    "15": 0.5,
    "16": 0.47368421052631576,
    "23": 0.5,
    "25": 0.6000000000000001,
    "28": 0.5,
    "51": 0.5,
    "52": 0.5454545454545454,
    "54": 0.5454545454545454,
    "59": 0.5454545454545454,
    "60": 0.5454545454545454,
    "61": 0.5454545454545454,
    "62": 0.75,
    "63": 0.75,
    "64": 0.4285714285714286,
    "65": 0.4285714285714286,
    "66": 0.75,
    "67": 0.4285714285714286,
    "68": 0.4285714285714286,
    "70": 0.8571428571428571,
    "71": 0.8571428571428571,
    "72": 0.8571428571428571,
    "73": 0.8571428571428571,
    "74": 0.5454545454545454,
    "75": 0.5454545454545454,
    "77": 0.5454545454545454,
    "78": 1.0,
    "80": 0.5454545454545454,
    "83": 0.5454545454545454
  },
  "n_suspicious": 36,
  "pct_suspicious": 56.2,
  "n_fail": 4,
  "n_pass": 6
}