{
  "line_scores": {
    "1": 0.5,
    "3": 0.5,
    "4": 0.5,
    "6": 0.5,
    "8": 0.5,
    "9": 0.5,
    "10": 0.5,
    "13": 0.5,
    "15": 0.5,
    "16": 0.47368421052631576,
    "23": 0.5,
    "25": 0.6000000000000001,
    "28": 0.5,
    "47": 0.5,
    "48": 0.5454545454545454,
    "50": 0.5454545454545454,
    "56": 0.5454545454545454,
    "57": 0.5454545454545454,
    "58": 0.5454545454545454,
    "59": 0.75,
    "60": 0.75,
    "61": 0.75,
    "63": 0.75,
    "64": 0.75,
    "65": 0.5454545454545454,
    "66": 0.5454545454545454,
    "68": 0.5454545454545454,
    "69": 1.0,
    "71": 0.5454545454545454,
    "72": 0.5454545454545454
  },
  "n_suspicious": 30,
  "pct_suspicious": 54.5,
  "n_fail": 4,
  "n_pass": 6
}