{
  "line_scores": {
    "1": 0.5,
    "3": 0.5,
    "4": 0.5,
    "6": 0.5,
    "8": 0.5,
    "9": 0.5,
    "10": 0.5,
    "13": 0.5,
    "23": 0.5,
    "24": 0.5454545454545454,
    "31": 0.5,
    "33": 0.5454545454545454,
    "36": 0.5,
    "52": 0.5,
    "53": 0.5454545454545454,
    "55": 0.5454545454545454,
    "56": 0.5454545454545454,
    "58": 0.5454545454545454,
    "59": 0.5454545454545454,
    "60": 0.5454545454545454,
    "61": 0.75,
    "62": 0.6923076923076924,
    "63": 0.6923076923076924,
    "65": 0.8571428571428571,
    "66": 0.8571428571428571,
    "67": 0.5454545454545454,
    "68": 0.5454545454545454,
    "70": 0.5454545454545454,
    "71": 1.0,
    "73": 0.5454545454545454
  },
  "n_suspicious": 30,
  "pct_suspicious": 55.6,
  "n_fail": 4,
  "n_pass": 6
}