{
  "line_scores": {
    "7": 0.5,
    "9": 0.5,
    "10": 0.5,
    "12": 0.5,
    "14": 0.5,
    "15": 0.5,
    "16": 0.5,
    "19": 0.5,
    "31": 0.5833333333333333,
    "32": 0.5833333333333333,
    "34": 0.6363636363636364,
    "37": 0.5,
    "39": 0.6363636363636364,
    "40": 0.6363636363636364,
    "43": 0.5,
    "66": 0.5,
    "70": 0.5833333333333333,
    "72": 0.6363636363636364,
    "74": 0.6363636363636364,
    "77": 0.6363636363636364,
    "79": 0.7
  },
  "n_suspicious": 21,
  "pct_suspicious": 36.2,
  "n_fail": 3,
  "n_pass": 7
}