{
  "line_scores": {
    "1": 0.5,
    "3": 0.5,
    "4": 0.5,
    "6": 0.5,
    "14": 0.5,
    "16": 0.5,
    "17": 0.5,
    "18": 0.5,
    "21": 0.5,
    "23": 0.5,
    "27": 0.5,
    "29": 0.5714285714285714,
    "32": 0.5,
    "61": 0.5,
    "63": 0.5714285714285714,
    "64": 0.5714285714285714,
    "66": 0.5714285714285714,
    "68": 0.5714285714285714,
    "69": 1.0,
    "70": 1.0,
    "71": 1.0,
    "72": 1.0,
    "73": 1.0,
    "75": 0.5714285714285714
  },
  "n_suspicious": 24,
  "pct_suspicious": 42.9,
  "n_fail": 6,
  "n_pass": 4
}