{
  "line_scores": {
    "1": 0.5,
    "3": 0.5,
    "4": 0.5,
    "6": 0.5,
    "8": 0.5,
    "17": 0.5,
    "18": 0.5,
    "19": 0.5,
    "20": 0.5,
    "23": 0.5,
    "30": 0.5,
    "34": 0.5,
    "36": 0.5714285714285714,
    "39": 0.5,
    "70": 0.5,
    "72": 0.5714285714285714,
    "73": 0.5714285714285714,
    "75": 0.5714285714285714,
    "77": 0.5714285714285714,
    "78": 1.0,
    "79": 1.0,
    "80": 1.0,
    "81": 1.0,
    "82": 1.0,
    "84": 0.5714285714285714,
    "86": 0.5714285714285714
  },
  "n_suspicious": 26,
  "pct_suspicious": 40.0,
  "n_fail": 6,
  "n_pass": 4
}