{
  "line_scores": {
    "1": 0.5,
    "3": 0.5,
    "4": 0.5,
    "5": 0.5,
    "7": 0.5,
    "9": 0.5,
    "10": 0.5,
    "11": 0.5,
    "12": 0.5,
    "15": 0.5,
    "25": 0.5,
    "27": 0.5333333333333333,
    "29": 0.5333333333333333,
    "31": 0.5714285714285714,
    "33": 0.5714285714285714,
    "37": 0.5,
    "43": 0.6153846153846154,
    "44": 0.6153846153846154,
    "45": 0.6153846153846154,
    "46": 0.6153846153846154,
    "47": 0.6153846153846154,
    "48": 0.6153846153846154,
    "51": 0.5,
    "76": 0.5,
    "77": 0.6153846153846154,
    "78": 0.6153846153846154,
    "80": 0.6153846153846154,
    "81": 0.7272727272727273
  },
  "n_suspicious": 28,
  "pct_suspicious": 41.8,
  "n_fail": 2,
  "n_pass": 8
}