{
  "line_scores": {
    "1": 0.5,
    "3": 0.5,
    "4": 0.5,
    "6": 0.5,
    "8": 0.5,
    "9": 0.5,
    "10": 0.5,
    "11": 0.5,
    "14": 0.5,
    "16": 0.5,
    "18": 0.5384615384615384,
    "20": 0.5384615384615384,
    "22": 0.5833333333333333,
    "24": 0.5833333333333333,
    "28": 0.5,
    "30": 0.6363636363636364,
    "31": 0.6363636363636364,
    "32": 0.6363636363636364,
    "35": 0.5,
    "63": 0.5,
    "65": 0.6363636363636364,
    "67": 0.6363636363636364,
    "69": 0.6363636363636364,
    "70": 0.6363636363636364,
    "74": 0.6363636363636364
  },
  "n_suspicious": 25,
  "pct_suspicious": 43.9,
  "n_fail": 3,
  "n_pass": 7
}