{
  "line_scores": {
    "1": 0.5,
    "3": 0.5,
    "4": 0.5,
    "6": 0.5,
    "8": 0.5,
    "9": 0.5,
    "10": 0.5,
    "13": 0.5,
    "15": 0.5,
    "16": 0.5384615384615384,
    "21": 0.5,
    "22": 0.4375,
    "29": 0.5,
    "31": 0.5384615384615384,
    "32": 0.5833333333333333,
    "36": 0.5,
    "58": 0.5,
    "59": 0.5384615384615384,
    "61": 0.5384615384615384,
    "62": 0.5384615384615384,
    "63": 0.5384615384615384,
    "64": 0.7,
    "65": 0.7,
    "66": 0.7,
    "68": 0.4375,
    "69": 0.4375,
    "70": 0.5384615384615384,
    "71": 0.5384615384615384,
    "73": 0.5384615384615384,
    "74": 1.0,
    "76": 0.5384615384615384,
    "77": 0.5384615384615384
  },
  "n_suspicious": 32,
  "pct_suspicious": 52.5,
  "n_fail": 3,
  "n_pass": 7
}