{
  "line_scores": {
    "1": 0.5,
    "3": 0.5,
    "4": 0.5,
    "6": 0.5,
    "8": 0.5,
    "9": 0.5,
    "10": 0.5,
    "13": 0.5,
    "15": 0.5,
    "19": 0.5,
    "20": 0.5454545454545454,
    "26": 0.5,
    "31": 0.5,
    "49": 0.5,
    "50": 0.5454545454545454,
    "52": 0.5454545454545454,
    "54": 0.5454545454545454,
    "55": 0.5454545454545454,
    "56": 0.5454545454545454,
    "57": 0.75,
    "58": 0.75,
    "59": 0.75,
    "61": 0.8571428571428571,
    "62": 0.8571428571428571,
    "63": 0.5454545454545454,
    "64": 0.5454545454545454,
    "66": 0.5454545454545454,
    "67": 1.0,
    "69": 0.5454545454545454
  },
  "n_suspicious": 29,
  "pct_suspicious": 55.8,
  "n_fail": 4,
  "n_pass": 6
}