{
  "line_scores": {
    "1": 0.5,
    "3": 0.5,
    "4": 0.5,
    "6": 0.5,
    "8": 0.5,
    "9": 0.5,
    "10": 0.5,
    "13": 0.5,
    "15": 0.5,
    "19": 0.5,
    "21": 0.5555555555555556,
    "24": 0.5,
    "54": 0.5,
    "56": 0.5555555555555556,
    "57": 0.5555555555555556,
    "58": 0.5555555555555556,
    "60": 0.5555555555555556,
    "61": 0.5,
    "62": 0.5,
    "64": 0.5555555555555556,
    "65": 0.5555555555555556
  },
  "n_suspicious": 21,
  "pct_suspicious": 42.9,
  "n_fail": 5,
  "n_pass": 5
}