{
  "line_scores": {
    "1": 0.5,
    "3": 0.5,
    "4": 0.5,
    "6": 0.5,
    "8": 0.5,
    "9": 0.5,
    "10": 0.5,
    "13": 0.5,
    "15": 0.5,
    "21": 0.5,
    "23": 1.0,
    "26": 0.5,
    "59": 0.5,
    "61": 0.5714285714285714,
    "62": 0.5714285714285714,
    "64": 0.5714285714285714,
    "66": 0.5714285714285714,
    "67": 1.0,
    "68": 1.0,
    "69": 1.0,
    "70": 1.0,
    "71": 1.0,
    "72": 0.5714285714285714
  },
  "n_suspicious": 23,
  "pct_suspicious": 41.1,
  "n_fail": 6,
  "n_pass": 4
}