{
  "line_scores": {
    "1": 0.5,
    "3": 0.5,
    "4": 0.5,
    "6": 0.5,
    "8": 0.5,
    "9": 0.5,
    "10": 0.5,
    "11": 0.5,
    "14": 0.5,
    "16": 0.5,
    "18": 0.5384615384615384,
    "20": 0.5384615384615384,
    "22": 0.5384615384615384,
    "24": 0.5384615384615384,
    "28": 0.5,
    "30": 0.5384615384615384,
    "33": 0.5,
    "56": 0.5,
    "58": 0.5384615384615384,
    "59": 0.5384615384615384,
    "61": 0.5384615384615384,
    "63": 0.5384615384615384,
    "64": 0.5384615384615384
  },
  "n_suspicious": 23,
  "pct_suspicious": 47.9,
  "n_fail": 3,
  "n_pass": 7
}