{
  "line_scores": {
    "1": 0.5,
    "3": 0.5,
    "4": 0.5,
    "6": 0.5,
    "8": 0.5,
    "9": 0.5,
    "10": 0.5,
    "11": 0.5,
    "14": 0.5,
    "16": 0.5,
    "18": 0.5,
    "22": 0.5,
    "24": 0.5384615384615384,
    "30": 0.5,
    "54": 0.5,
    "55": 0.5,
    "58": 0.5384615384615384,
    "61": 0.5384615384615384,
    "63": 0.5384615384615384,
    "64": 0.5833333333333333,
    "66": 0.5384615384615384,
    "67": 0.5833333333333333,
    "70": 0.6363636363636364,
    "71": 0.6363636363636364,
    "72": 0.6363636363636364
  },
  "n_suspicious": 25,
  "pct_suspicious": 46.3,
  "n_fail": 3,
  "n_pass": 7
}