{
  "line_scores": {
    "1": 0.5,
    "3": 0.5,
    "4": 0.5,
    "6": 0.5,
    "11": 0.5,
    "12": 0.5,
    "13": 0.5,
    "14": 0.5,
    "17": 0.5,
    "21": 0.5,
    "25": 0.5333333333333333,
    "26": 0.5714285714285714,
    "33": 0.5,
    "37": 0.5714285714285714,
    "40": 0.5,
    "68": 0.5,
    "70": 0.5714285714285714,
    "71": 0.5714285714285714,
    "73": 0.5714285714285714,
    "75": 0.5714285714285714,
    "77": 0.6153846153846154
  },
  "n_suspicious": 21,
  "pct_suspicious": 36.2,
  "n_fail": 2,
  "n_pass": 8
}