{
  "line_scores": {
    "1": 0.5,
    "3": 0.5,
    "4": 0.5,
    "6": 0.5,
    "9": 0.5,
    "12": 0.5,
    "15": 0.5,
    "18": 0.5,
    "27": 0.5833333333333333,
    "29": 0.6363636363636364,
    "32": 0.5,
    "37": 0.5,
    "61": 0.5,
    "64": 0.5,
    "67": 0.5833333333333333,
    "68": 0.5833333333333333,
    "71": 0.5833333333333333,
    "73": 0.6363636363636364,
    "75": 0.7
  },
  "n_suspicious": 19,
  "pct_suspicious": 37.3,
  "n_fail": 3,
  "n_pass": 7
}