{
  "line_scores": {
    "1": 0.5,
    "3": 0.5,
    "4": 0.5,
    "6": 0.5,
    "8": 0.5,
    "9": 0.5,
    "10": 0.5,
    "12": 0.5,
    "13": 0.5,
    "16": 0.5,
    "18": 0.5,
    "22": 0.5384615384615384,
    "26": 0.5833333333333333,
    "29": 0.5,
    "31": 0.5833333333333333,
    "34": 0.5,
    "60": 0.5,
    "62": 0.5833333333333333,
    "65": 0.5833333333333333,
    "66": 0.5833333333333333,
    "70": 0.6363636363636364,
    "72": 0.6363636363636364,
    "74": 0.7
  },
  "n_suspicious": 23,
  "pct_suspicious": 41.1,
  "n_fail": 3,
  "n_pass": 7
}