{
  "line_scores": {
    "1": 0.5,
    "3": 0.5,
    "4": 0.5,
    "6": 0.5,
    "13": 0.5,
    "15": 0.5,
    "16": 0.5,
    "17": 0.5,
    "18": 0.5,
    "21": 0.5,
    "23": 0.6000000000000001,
    "24": 0.6000000000000001,
    "26": 0.6000000000000001,
    "33": 0.5,
    "35": 0.6000000000000001,
    "38": 0.5,
    "61": 0.5,
    "63": 0.5454545454545454,
    "66": 0.6000000000000001,
    "68": 0.6000000000000001,
    "69": 0.6000000000000001,
    "70": 0.6000000000000001,
    "72": 0.6000000000000001,
    "74": 0.6000000000000001,
    "76": 0.6000000000000001,
    "78": 0.6666666666666666
  },
  "n_suspicious": 26,
  "pct_suspicious": 44.1,
  "n_fail": 4,
  "n_pass": 6
}