{
  "line_scores": {
    "1": 0.5,
    "3": 0.5,
    "4": 0.5,
    "6": 0.5,
    "8": 0.5,
    "9": 0.5,
    "10": 0.5,
    "13": 0.5,
    "15": 0.5,
    "21": 0.5,
    "23": 0.5384615384615384,
    "26": 0.5,
    "50": 0.5,
    "52": 0.5384615384615384,
    "53": 0.5384615384615384,
    "55": 0.5384615384615384,
    "56": 0.875,
    "58": 0.5384615384615384,
    "59": 0.7777777777777779,
    "66": 0.5384615384615384
  },
  "n_suspicious": 20,
  "pct_suspicious": 40.8,
  "n_fail": 3,
  "n_pass": 7
}