{
  "line_scores": {
    "1": 0.5,
    "3": 0.5,
    "4": 0.5,
    "6": 0.5,
    "8": 0.5,
    "16": 0.5,
    "17": 0.5,
    "18": 0.5,
    "21": 0.5,
    "23": 0.5,
    "27": 0.5,
    "29": 0.5555555555555556,
    "32": 0.5,
    "63": 0.5,
    "65": 0.5555555555555556,
    "66": 0.5555555555555556,
    "68": 0.5555555555555556,
    "69": 0.6666666666666666,
    "70": 0.6666666666666666,
    "71": 1.0,
    "72": 0.5,
    "73": 1.0,
    "75": 0.5555555555555556,
    "76": 0.5555555555555556
  },
  "n_suspicious": 24,
  "pct_suspicious": 41.4,
  "n_fail": 5,
  "n_pass": 5
}