{
  "line_scores": {
    "1": 0.5,
    "3": 0.5,
    "4": 0.5,
    "6": 0.5,
    "13": 0.5,
    "15": 0.5,
    "16": 0.5,
    "17": 0.5,
    "20": 0.5,
    "22": 0.5,
    "26": 0.5,
    "28": 0.5555555555555556,
    "31": 0.5,
    "62": 0.5,
    "64": 0.5555555555555556,
    "65": 0.5555555555555556,
    "66": 0.5555555555555556,
    "68": 0.5555555555555556,
    "72": 0.5555555555555556,
    "73": 0.5555555555555556
  },
  "n_suspicious": 20,
  "pct_suspicious": 36.4,
  "n_fail": 5,
  "n_pass": 5
}