{
  "line_scores": {
    "1": 0.5,
    "3": 0.5,
    "4": 0.5,
    "6": 0.5,
    "8": 0.5,
    "9": 0.5,
    "10": 0.5,
    "11": 0.5,
    "14": 0.5,
    "16": 0.5,
    "18": 0.5384615384615384,
    "20": 0.5833333333333333,
    "24": 0.5,
    "26": 0.5833333333333333,
    "29": 0.5,
    "55": 0.5,
    "57": 0.5833333333333333,
    "58": 0.5833333333333333,
    "60": 0.5833333333333333,
    "62": 0.5833333333333333,
    "64": 0.6363636363636364
  },
  "n_suspicious": 21,
  "pct_suspicious": 43.8,
  "n_fail": 3,
  "n_pass": 7
}