{
  "line_scores": {
    "1": 0.5,
    "3": 0.5,
    "4": 0.5,
    "6": 0.5,
    "15": 0.5,
    "17": 0.5,
    "18": 0.5,
    "19": 0.5,
    "20": 0.5,
    "23": 0.5,
    "25": 0.5,
    "32": 0.5,
    "34": 0.6000000000000001,
    "37": 0.5,
    "58": 0.5,
    "60": 0.6000000000000001,
    "61": 0.6000000000000001,
    "63": 0.6000000000000001
  },
  "n_suspicious": 18,
  "pct_suspicious": 39.1,
  "n_fail": 4,
  "n_pass": 6
}