{
  "line_scores": {
    "1": 0.5,
    "3": 0.5,
    "4": 0.5,
    "6": 0.5,
    "8": 0.5,
    "9": 0.5,
    "10": 0.5,
    "11": 0.5,
    "13": 0.5,
    "16": 0.5,
    "18": 0.5,
    "22": 0.5,
    "29": 0.5833333333333333,
    "30": 0.5833333333333333,
    "32": 0.6363636363636364,
    "35": 0.5,
    "57": 0.5,
    "59": 0.5384615384615384,
    "60": 0.5384615384615384,
    "64": 0.5833333333333333,
    "66": 0.5833333333333333,
    "70": 0.6363636363636364,
    "71": 0.6363636363636364
  },
  "n_suspicious": 23,
  "pct_suspicious": 44.2,
  "n_fail": 3,
  "n_pass": 7
}