{
  "line_scores": {
    "1": 0.5,
    "3": 0.5,
    "4": 0.5,
    "6": 0.5,
    "8": 0.5,
    "9": 0.5,
    "10": 0.5,
    "11": 0.5,
    "14": 0.5,
    "21": 0.6000000000000001,
    "22": 0.6000000000000001,
    "24": 0.75,
    "26": 1.0,
    "30": 0.5,
    "41": 0.5,
    "64": 0.5,
    "67": 0.6000000000000001,
    "68": 0.6000000000000001,
    "70": 1.0,
    "72": 1.0,
    "75": 1.0,
    "76": 1.0,
    "77": 1.0,
    "78": 1.0,
    "80": 1.0
  },
  "n_suspicious": 25,
  "pct_suspicious": 41.0,
  "n_fail": 7,
  "n_pass": 3
}