{
  "line_scores": {
    "1": 0.5,
    "3": 0.5,
    "4": 0.5,
    "6": 0.5,
    "13": 0.5,
    "15": 0.5,
    "16": 0.5,
    "17": 0.5,
    "18": 0.5,
    "21": 0.5,
    "23": 0.5555555555555556,
    "25": 0.5555555555555556,
    "27": 0.5555555555555556,
    "30": 0.5,
    "32": 0.5555555555555556,
    "35": 0.5,
    "64": 0.5,
    "67": 0.5555555555555556,
    "68": 0.5555555555555556,
    "70": 0.5555555555555556,
    "71": 1.0,
    "72": 1.0,
    "74": 1.0,
    "75": 1.0,
    "77": 0.5555555555555556,
    "78": 0.5555555555555556
  },
  "n_suspicious": 26,
  "pct_suspicious": 43.3,
  "n_fail": 5,
  "n_pass": 5
}