{
  "line_scores": {
    "1": 0.5,
    "3": 0.5,
    "4": 0.5,
    "6": 0.5,
    "8": 0.5,
    "17": 0.5,
    "18": 0.5,
    "19": 0.5,
    "20": 0.5,
    "23": 0.5,
    "25": 0.5833333333333333,
    "26": 0.5833333333333333,
    "27": 0.6086956521739131,
    "29": 0.6086956521739131,
    "30": 0.6086956521739131,
    "31": 0.5833333333333333,
    "34": 0.5,
    "36": 0.5833333333333333,
    "37": 0.5833333333333333,
    "40": 0.5,
    "63": 0.5,
    "65": 0.5384615384615384,
    "68": 0.5833333333333333,
    "69": 0.5833333333333333,
    "71": 0.5833333333333333,
    "73": 0.5833333333333333,
    "75": 0.5833333333333333,
    "77": 0.6363636363636364
  },
  "n_suspicious": 28,
  "pct_suspicious": 48.3,
  "n_fail": 3,
  "n_pass": 7
}