{
  "line_scores": {
    "1": 0.5,
    "3": 0.5,
    "4": 0.5,
    "6": 0.5,
    "8": 0.5,
    "9": 0.5,
    "10": 0.5,
    "13": 0.5,
    "15": 0.5,
    "16": 0.5,
    "23": 0.5,
    "25": 0.5555555555555556,
    "27": 0.5555555555555556,
    "29": 0.5555555555555556,
    "32": 0.5,
    "49": 0.5,
    "50": 0.5,
    "52": 0.5,
    "53": 0.5,
    "55": 0.5,
    "58": 0.5,
    "59": 0.5,
    "60": 0.5,
    "61": 0.7142857142857143,
    "62": 0.7142857142857143,
    "63": 0.5,
    "64": 0.5,
    "65": 0.8333333333333334,
    "66": 0.6666666666666666,
    "67": 0.6666666666666666,
    "69": 1.0,
    "70": 1.0,
    "71": 1.0,
    "72": 1.0,
    "73": 0.5,
    "74": 0.5,
    "76": 0.5,
    "77": 1.0,
    "79": 0.5
  },
  "n_suspicious": 39,
  "pct_suspicious": 63.9,
  "n_fail": 5,
  "n_pass": 5
}