{
  "line_scores": {
    "1": 0.5,
    "3": 0.5,
    "4": 0.5,
    "5": 0.5,
    "7": 0.5,
    "9": 0.5,
    "10": 0.5,
    "11": 0.5,
    "12": 0.5,
    "15": 0.5,
    "17": 0.5,
    "19": 0.5,
    "21": 0.5,
    "25": 0.5,
    "27": 0.6666666666666666,
    "28": 0.6666666666666666,
    "30": 0.6666666666666666,
    "33": 0.5,
    "57": 0.5,
    "59": 0.6000000000000001,
    "62": 0.6666666666666666,
    "63": 0.6666666666666666,
    "65": 0.6666666666666666,
    "66": 0.8571428571428571,
    "67": 0.8571428571428571
  },
  "n_suspicious": 25,
  "pct_suspicious": 48.1,
  "n_fail": 4,
  "n_pass": 6
}