{
  "line_scores": {
    "1": 0.5,
    "3": 0.5,
    "4": 0.5,
    "6": 0.5,
    "13": 0.5,
    "15": 0.5,
    "16": 0.5,
    "17": 0.5,
    "18": 0.5,
    "21": 0.5,
    "23": 0.5,
    "27": 0.5,
    "29": 0.5555555555555556,
    "32": 0.5,
    "61": 0.5,
    "63": 0.5555555555555556,
    "64": 0.5555555555555556,
    "66": 0.5555555555555556,
    "67": 1.0,
    "68": 1.0,
    "69": 1.0,
    "70": 1.0,
    "71": 1.0,
    "73": 0.5555555555555556,
    "74": 0.5555555555555556
  },
  "n_suspicious": 25,
  "pct_suspicious": 44.6,
  "n_fail": 5,
  "n_pass": 5
}