{
  "line_scores": {
    "1": 0.5,
    "3": 0.5,
    "4": 0.5,
    "6": 0.5,
    "9": 0.5,
    "12": 0.5,
    "15": 0.5,
    "18": 0.5,
    "21": 0.5,
    "23": 0.5,
    "27": 0.5454545454545454,
    "33": 0.5,
    "35": 0.5454545454545454,
    "38": 0.5,
    "64": 0.5,
    "66": 0.5454545454545454,
    "67": 0.5454545454545454,
    "69": 0.5454545454545454,
    "71": 0.5454545454545454,
    "73": 0.6000000000000001
  },
  "n_suspicious": 20,
  "pct_suspicious": 40.0,
  "n_fail": 4,
  "n_pass": 6
}