{
  "line_scores": {
    "1": 0.5,
    "3": 0.5,
    "4": 0.5,
    "6": 0.5,
    "9": 0.5,
    "12": 0.5,
    "15": 0.5,
    "18": 0.5,
    "20": 0.5,
    "24": 0.5384615384615384,
    "30": 0.5,
    "32": 0.5833333333333333,
    "35": 0.5,
    "63": 0.5,
    "65": 0.5833333333333333,
    "66": 0.5833333333333333,
    "68": 0.5833333333333333,
    "70": 0.5833333333333333,
    "72": 0.6363636363636364
  },
  "n_suspicious": 19,
  "pct_suspicious": 37.3,
  "n_fail": 3,
  "n_pass": 7
}