{
  "line_scores": {
    "1": 0.5,
    "3": 0.5,
    "4": 0.5,
    "6": 0.5,
    "14": 0.5,
    "16": 0.5,
    "17": 0.5,
    "18": 0.5,
    "19": 0.5,
    "22": 0.5,
    "24": 0.5,
    "28": 0.5384615384615384,
    "34": 0.5,
    "38": 0.5384615384615384,
    "41": 0.5,
    "67": 0.5,
    "69": 0.5384615384615384,
    "70": 0.5384615384615384,
    "72": 0.5384615384615384,
    "74": 0.5384615384615384,
    "76": 0.5833333333333333
  },
  "n_suspicious": 21,
  "pct_suspicious": 36.2,
  "n_fail": 3,
  "n_pass": 7
}