{
  "line_scores": {
    "1": 0.5,
    "3": 0.5,
    "4": 0.5,
    "6": 0.5,
    "8": 0.5,
    "9": 0.5,
    "10": 0.5,
    "13": 0.5,
    "15": 0.5,
    "16": 0.6000000000000001,
    "22": 0.5,
    "24": 0.5454545454545454,
    "25": 0.5454545454545454,
    "29": 0.5454545454545454,
    "32": 0.5,
    "50": 0.5,
    "51": 0.5454545454545454,
    "52": 0.5454545454545454,
    "53": 0.5454545454545454,
    "55": 0.5454545454545454,
    "56": 0.5454545454545454,
    "57": 0.5454545454545454,
    "58": 0.75,
    "59": 0.75,
    "60": 0.75,
    "62": 0.8571428571428571,
    "63": 0.8571428571428571,
    "64": 0.5454545454545454,
    "65": 0.5454545454545454,
    "67": 0.5454545454545454,
    "68": 1.0,
    "70": 0.5454545454545454
  },
  "n_suspicious": 32,
  "pct_suspicious": 59.3,
  "n_fail": 4,
  "n_pass": 6
}