{
  "line_scores": {
    "1": 0.5,
    "3": 0.5,
    "4": 0.5,
    "6": 0.5,
    "8": 0.5,
    "9": 0.5,
    "10": 0.5,
    "11": 0.5,
    "14": 0.5,
    "16": 0.5,
    "20": 0.5,
    "22": 0.6666666666666666,
    "25": 0.5,
    "51": 0.5,
    "52": 0.5,
    "55": 0.5714285714285714,
    "59": 0.5714285714285714,
    "64": 0.5714285714285714,
    "65": 0.6666666666666666,
    "67": 0.5714285714285714,
    "68": 0.6666666666666666,
    "71": 0.6666666666666666,
    "72": 0.6666666666666666,
    "73": 0.6666666666666666
  },
  "n_suspicious": 24,
  "pct_suspicious": 43.6,
  "n_fail": 4,
  "n_pass": 4
}