{
  "line_scores": {
    "1": 0.5,
    "3": 0.5,
    "4": 0.5,
    "6": 0.5,
    "8": 0.5,
    "9": 0.5,
    "10": 0.5,
    "13": 0.5,
    "15": 0.5,
    "16": 0.47368421052631576,
    "23": 0.5,
    "25": 0.5454545454545454,
    "33": 0.5454545454545454,
    "36": 0.5,
    "55": 0.5,
    "56": 0.5454545454545454,
    "58": 0.5454545454545454,
    "59": 0.5454545454545454,
    "61": 0.5454545454545454,
    "62": 0.5454545454545454,
    "64": 0.5454545454545454,
    "65": 0.75,
    "66": 0.6000000000000001,
    "67": 0.6000000000000001,
    "68": 0.75,
    "69": 0.6000000000000001,
    "70": 0.6000000000000001,
    "72": 0.8571428571428571,
    "73": 0.8571428571428571,
    "74": 0.8571428571428571,
    "75": 0.8571428571428571,
    "77": 0.5454545454545454,
    "78": 0.5454545454545454,
    "80": 0.5454545454545454,
    "83": 0.5454545454545454,
    "84": 1.0,
    "85": 0.5454545454545454
  },
  "n_suspicious": 37,
  "pct_suspicious": 56.1,
  "n_fail": 4,
  "n_pass": 6
}