{
  "line_scores": {
    "7": 0.5,
    "9": 0.5,
    "10": 0.5,
    "12": 0.5,
    "14": 0.5,
    "15": 0.5,
    "16": 0.5,
    "19": 0.5,
    "21": 0.5,
    "28": 0.5,
    "30": 0.5454545454545454,
    "31": 0.8571428571428571,
    "33": 0.8571428571428571,
    "37": 0.5,
    "57": 0.5,
    "58": 0.5454545454545454,
    "60": 0.5454545454545454,
    "62": 0.5454545454545454,
    "63": 0.8571428571428571,
    "64": 1.0,
    "66": 0.5454545454545454,
    "67": 0.5454545454545454,
    "68": 0.5454545454545454
  },
  "n_suspicious": 23,
  "pct_suspicious": 44.2,
  "n_fail": 4,
  "n_pass": 6
}