{
  "line_scores": {
    "1": 0.5,
    "3": 0.5,
    "4": 0.5,
    "6": 0.5,
    "15": 0.5,
    "17": 0.5,
    "18": 0.5,
    "19": 0.5,
    "22": 0.5,
    "24": 0.5,
    "28": 0.5,
    "30": 0.5333333333333333,
    "31": 0.5714285714285714,
    "38": 0.5,
    "60": 0.5,
    "61": 0.5333333333333333,
    "63": 0.5714285714285714,
    "64": 0.5714285714285714,
    "65": 0.8,
    "67": 0.5714285714285714,
    "69": 0.6666666666666666
  },
  "n_suspicious": 21,
  "pct_suspicious": 40.4,
  "n_fail": 2,
  "n_pass": 8
}