{
  "line_scores": {
    "1": 0.5,
    "3": 0.5,
    "4": 0.5,
    "6": 0.5,
    "8": 0.5,
    "9": 0.5,
    "10": 0.5,
    "13": 0.5,
    "19": 0.5,
    "26": 0.5,
    "28": 0.5,
    "29": 0.6363636363636364,
    "33": 0.5,
    "62": 0.5,
    "63": 0.5,
    "65": 0.5,
    "67": 0.5,
    "68": 0.5833333333333333,
    "70": 0.7,
    "71": 0.7777777777777779,
    "72": 0.5833333333333333
  },
  "n_suspicious": 21,
  "pct_suspicious": 38.2,
  "n_fail": 3,
  "n_pass": 7
}