{
  "line_scores": {
    "1": 0.5,
    "3": 0.5,
    "4": 0.5,
    "6": 0.5,
    "8": 0.5,
    "9": 0.5,
    "10": 0.5,
    "13": 0.5,
    "19": 0.5,
    "20": 0.5384615384615384,
    "25": 0.5,
    "26": 0.48275862068965514,
    "33": 0.5,
    "35": 0.5,
    "42": 0.5,
    "45": 0.5,
    "65": 0.5,
    "66": 0.5,
    "68": 0.5,
    "69": 0.5,
    "70": 0.5,
    "71": 0.6363636363636364,
    "72": 0.6363636363636364,
    "73": 0.4375,
    "74": 0.4375,
    "75": 0.6363636363636364,
    "76": 0.5384615384615384,
    "77": 0.5384615384615384,
    "79": 0.7777777777777779,
    "80": 0.7777777777777779,
    "81": 0.7777777777777779,
    "82": 0.7777777777777779,
    "83": 0.5,
    "84": 0.5,
    "86": 0.5,
    "87": 1.0,
    "89": 0.5,
    "90": 0.5
  },
  "n_suspicious": 38,
  "pct_suspicious": 52.1,
  "n_fail": 3,
  "n_pass": 7
}