{
  "line_scores": {
    "1": 0.5,
    "3": 0.5,
    "4": 0.5,
    "6": 0.5,
    "13": 0.5,
    "14": 0.5,
    "15": 0.5,
    "16": 0.5,
    "17": 0.5,
    "20": 0.5,
    "22": 0.5,
    "24": 0.5384615384615384,
    "26": 0.5384615384615384,
    "30": 0.5,
    "32": 0.5833333333333333,
    "35": 0.5,
    "62": 0.5,
    "64": 0.5833333333333333,
    "66": 0.5833333333333333,
    "67": 0.5833333333333333,
    "69": 0.5833333333333333,
    "71": 0.5833333333333333,
    "73": 0.5833333333333333,
    "75": 0.6363636363636364
  },
  "n_suspicious": 24,
  "pct_suspicious": 42.9,
  "n_fail": 3,
  "n_pass": 7
}