{
  "line_scores": {
    "7": 0.5,
    "9": 0.5,
    "10": 0.5,
    "12": 0.5,
    "14": 0.5,
    "15": 0.5,
    "16": 0.5,
    "19": 0.5,
    "21": 0.5555555555555556,
    "25": 0.625,
    "29": 0.625,
    "35": 0.5,
    "37": 0.625,
    "40": 0.5,
    "60": 0.5,
    "61": 0.5,
    "62": 0.5555555555555556,
    "63": 0.7142857142857143,
    "64": 0.6666666666666666,
    "65": 1.0,
    "66": 1.0,
    "69": 0.625,
    "70": 0.625
  },
  "n_suspicious": 23,
  "pct_suspicious": 41.1,
  "n_fail": 5,
  "n_pass": 5
}