{
  "line_scores": {
    "1": 0.5,
    "3": 0.5,
    "4": 0.5,
    "6": 0.5,
    "8": 0.5,
    "15": 0.5,
    "16": 0.5,
    "17": 0.5,
    "18": 0.5,
    "21": 0.5,
    "23": 0.5,
    "27": 0.5454545454545454,
    "33": 0.5,
    "37": 0.5454545454545454,
    "40": 0.5,
    "67": 0.5,
    "69": 0.5454545454545454,
    "70": 0.5454545454545454,
    "72": 0.5454545454545454,
    "75": 0.5454545454545454,
    "77": 0.6000000000000001
  },
  "n_suspicious": 21,
  "pct_suspicious": 35.6,
  "n_fail": 4,
  "n_pass": 6
}