{
  "line_scores": {
    "1": 0.5,
    "3": 0.5,
    "4": 0.5,
    "6": 0.5,
    "9": 0.5,
    "12": 0.5,
    "15": 0.5,
    "18": 0.5,
    "25": 0.5,
    "27": 0.5,
    "28": 0.5384615384615384,
    "32": 0.5,
    "34": 0.5384615384615384,
    "37": 0.5,
    "63": 0.5,
    "65": 0.5384615384615384,
    "66": 0.5384615384615384,
    "68": 0.5384615384615384,
    "70": 0.5384615384615384,
    "72": 0.5833333333333333
  },
  "n_suspicious": 20,
  "pct_suspicious": 40.0,
  "n_fail": 3,
  "n_pass": 7
}