{
  "line_scores": {
    "1": 0.5,
    "3": 0.5,
    "4": 0.5,
    "6": 0.5,
    "8": 0.5,
    "9": 0.5,
    "10": 0.5,
    "11": 0.5,
    "14": 0.5,
    "16": 0.5,
    "23": 0.5,
    "27": 0.5454545454545454,
    "30": 0.5,
    "57": 0.5,
    "59": 0.5454545454545454,
    "60": 0.5454545454545454,
    "62": 0.5454545454545454,
    "64": 0.5454545454545454,
    "66": 0.6000000000000001
  },
  "n_suspicious": 19,
  "pct_suspicious": 38.0,
  "n_fail": 4,
  "n_pass": 6
}