{
  "line_scores": {
    "1": 0.5,
    "3": 0.5,
    "4": 0.5,
    "6": 0.5,
    "8": 0.5,
    "9": 0.5,
    "10": 0.5,
    "11": 0.5,
    "14": 0.5,
    "16": 0.5,
    "20": 0.5454545454545454,
    "26": 0.5,
    "28": 0.5454545454545454,
    "31": 0.5,
    "59": 0.5,
    "61": 0.5454545454545454,
    "62": 0.5454545454545454,
    "64": 0.5454545454545454,
    "66": 0.5454545454545454,
    "68": 0.6000000000000001
  },
  "n_suspicious": 20,
  "pct_suspicious": 38.5,
  "n_fail": 4,
  "n_pass": 6
}