{
  "line_scores": {
    "7": 0.5,
    "9": 0.5,
    "10": 0.5,
    "12": 0.5,
    "13": 0.5,
    "14": 0.5,
    "15": 0.5,
    "16": 0.5,
    "19": 0.5,
    "21": 0.5,
    "23": 0.5454545454545454,
    "27": 0.5,
    "29": 0.6000000000000001,
    "33": 0.5,
    "60": 0.5,
    "61": 0.6000000000000001,
    "63": 0.6666666666666666,
    "65": 0.6666666666666666,
    "66": 0.6666666666666666,
    "68": 0.6666666666666666,
    "70": 0.6666666666666666,
    "72": 0.6666666666666666,
    "74": 0.75
  },
  "n_suspicious": 23,
  "pct_suspicious": 41.1,
  "n_fail": 4,
  "n_pass": 6
}