{
  "line_scores": {
    "64": 0.5714285714285714,
    "65": 0.5714285714285714,
    "67": 0.5714285714285714,
    "7": 0.5,
    "9": 0.5,
    "10": 0.5,
    "12": 0.5,
    "14": 0.5,
    "15": 0.5,
    "16": 0.5,
    "17": 0.5,
    "20": 0.5,
    "22": 0.5,
    "28": 0.5,
    "34": 0.5714285714285714,
    "37": 0.5,
    "62": 0.5
  },
  "n_suspicious": 17,
  "pct_suspicious": 34.0,
  "n_fail": 6,
  "n_pass": 4
}