{
  "line_scores": {
    "1": 0.5,
    "3": 0.5,
    "4": 0.5,
    "6": 0.5,
    "13": 0.5,
    "15": 0.5,
    "16": 0.5,
    "17": 0.5,
    "20": 0.5,
    "29": 0.5,
    "35": 0.5,
    "45": 0.5333333333333333,
    "48": 0.5,
    "68": 0.5,
    "69": 0.5333333333333333,
    "70": 0.5333333333333333,
    "72": 0.5333333333333333,
    "73": 0.6666666666666666,
    "74": 0.8888888888888888,
    "76": 0.5333333333333333,
    "77": 0.5333333333333333,
    "78": 0.5333333333333333
  },
  "n_suspicious": 22,
  "pct_suspicious": 38.6,
  "n_fail": 2,
  "n_pass": 8
}