{
  "line_scores": {
    "1": 0.5,
    "3": 0.5,
    "4": 0.5,
    "6": 0.5,
    "8": 0.5,
    "9": 0.5,
    "10": 0.5,
    "11": 0.5,
    "14": 0.5,
    "16": 0.5,
    "20": 0.5384615384615384,
    "26": 0.5,
    "28": 0.5384615384615384,
    "31": 0.5,
    "59": 0.5,
    "61": 0.5384615384615384,
    "62": 0.5384615384615384,
    "64": 0.5384615384615384,
    "69": 0.5384615384615384,
    "71": 0.5833333333333333
  },
  "n_suspicious": 20,
  "pct_suspicious": 36.4,
  "n_fail": 3,
  "n_pass": 7
}