{
  "line_scores": {
    "1": 0.5,
    "3": 0.5,
    "4": 0.5,
    "6": 0.5,
    "9": 0.5,
    "12": 0.5,
    "15": 0.5,
    "18": 0.5,
    "20": 0.5,
    "24": 0.5,
    "26": 0.6000000000000001,
    "30": 0.5,
    "54": 0.5,
    "55": 0.6000000000000001,
    "57": 0.6666666666666666,
    "59": 0.8571428571428571,
    "61": 0.8571428571428571,
    "62": 0.8571428571428571
  },
  "n_suspicious": 18,
  "pct_suspicious": 42.9,
  "n_fail": 4,
  "n_pass": 6
}