{
  "line_scores": {
    "1": 0.5,
    "3": 0.5,
    "4": 0.5,
    "6": 0.5,
    "8": 0.5,
    "9": 0.5,
    "10": 0.5,
    "13": 0.5,
    "15": 0.5,
    "21": 0.5,
    "26": 1.0,
    "27": 1.0,
    "28": 1.0,
    "29": 1.0,
    "30": 1.0,
    "33": 0.5,
    "53": 0.5,
    "55": 0.6000000000000001,
    "56": 0.6000000000000001,
    "57": 1.0,
    "58": 1.0,
    "59": 1.0,
    "62": 0.6000000000000001,
    "63": 1.0,
    "65": 0.6000000000000001
  },
  "n_suspicious": 25,
  "pct_suspicious": 52.1,
  "n_fail": 6,
  "n_pass": 3
}