{
  "line_scores": {
    "1": 0.5,
    "3": 0.5,
    "4": 0.5,
    "6": 0.5,
    "8": 0.5,
    "9": 0.5,
    "10": 0.5,
    "11": 0.5,
    "14": 0.5,
    "24": 0.5,
    "26": 0.5,
    "27": 0.5,
    "29": 0.5714285714285714,
    "31": 0.5714285714285714,
    "34": 0.5,
    "40": 0.5714285714285714,
    "46": 0.5,
    "71": 0.5,
    "72": 0.5714285714285714,
    "74": 0.5714285714285714,
    "77": 0.5714285714285714,
    "80": 0.6666666666666666,
    "81": 0.6666666666666666
  },
  "n_suspicious": 23,
  "pct_suspicious": 37.1,
  "n_fail": 6,
  "n_pass": 4
}