{
  "line_scores": {
    "1": 0.5,
    "3": 0.5,
    "4": 0.5,
    "6": 0.5,
    "8": 0.5,
    "15": 0.5,
    "16": 0.5,
    "17": 0.5,
    "20": 0.5,
    "22": 0.5,
    "28": 0.5,
    "30": 0.5333333333333333,
    "33": 0.5,
    "55": 0.5,
    "56": 0.5333333333333333,
    "58": 0.5333333333333333,
    "60": 0.5333333333333333,
    "61": 0.8888888888888888,
    "62": 0.8888888888888888,
    "64": 0.5333333333333333
  },
  "n_suspicious": 20,
  "pct_suspicious": 43.5,
  "n_fail": 2,
  "n_pass": 8
}