{
  "line_scores": {
    "1": 0.5,
    "3": 0.5,
    "4": 0.5,
    "6": 0.5,
    "13": 0.5,
    "15": 0.5,
    "16": 0.5,
    "17": 0.5,
    "18": 0.5,
    "21": 0.5,
    "23": 0.5,
    "25": 0.5384615384615384,
    "29": 0.5,
    "31": 0.5833333333333333,
    "34": 0.5,
    "59": 0.5,
    "60": 0.5384615384615384,
    "63": 0.5833333333333333,
    "64": 0.5833333333333333,
    "67": 0.5833333333333333,
    "68": 0.5833333333333333,
    "70": 0.5833333333333333,
    "72": 0.5833333333333333,
    "74": 0.5833333333333333,
    "76": 0.6363636363636364
  },
  "n_suspicious": 25,
  "pct_suspicious": 44.6,
  "n_fail": 3,
  "n_pass": 7
}