{
  "line_scores": {
    "1": 0.5,
    "3": 0.5,
    "4": 0.5,
    "6": 0.5,
    "9": 0.5,
    "12": 0.5,
    "15": 0.5,
    "18": 0.5,
    "27": 0.5,
    "29": 0.5714285714285714,
    "35": 0.5,
    "37": 0.5714285714285714,
    "40": 0.5,
    "71": 0.5,
    "73": 0.5714285714285714,
    "74": 0.5714285714285714,
    "76": 0.5714285714285714,
    "77": 1.0,
    "78": 1.0,
    "80": 0.5714285714285714,
    "81": 1.0,
    "83": 0.5714285714285714,
    "84": 0.5714285714285714
  },
  "n_suspicious": 23,
  "pct_suspicious": 37.7,
  "n_fail": 6,
  "n_pass": 4
}