{
  "line_scores": {
    "1": 0.5,
    "3": 0.5,
    "4": 0.5,
    "6": 0.5,
    "8": 0.5,
    "9": 0.5,
    "10": 0.5,
    "13": 0.5,
    "15": 0.5,
    "21": 0.5,
    "26": 0.6666666666666666,
    "29": 0.5,
    "55": 0.5,
    "57": 0.5454545454545454,
    "58": 0.5454545454545454,
    "62": 0.6666666666666666,
    "64": 0.6666666666666666,
    "66": 0.6666666666666666,
    "68": 0.75
  },
  "n_suspicious": 19,
  "pct_suspicious": 38.0,
  "n_fail": 4,
  "n_pass": 6
}