{
  "line_scores": {
    "1": 0.5,
    "3": 0.5,
    "4": 0.5,
    "5": 0.5,
    "7": 0.5,
    "9": 0.5,
    "10": 0.5,
    "11": 0.5,
    "12": 0.5,
    "15": 0.5,
    "22": 0.5,
    "26": 0.5333333333333333,
    "30": 0.5,
    "32": 0.5714285714285714,
    "33": 0.5714285714285714,
    "36": 0.5,
    "60": 0.5,
    "62": 0.5714285714285714,
    "66": 0.6153846153846154,
    "67": 0.6153846153846154
  },
  "n_suspicious": 20,
  "pct_suspicious": 39.2,
  "n_fail": 2,
  "n_pass": 8
}