{
  "line_scores": {
    "7": 0.5,
    "9": 0.5,
    "10": 0.5,
    "12": 0.5,
    "14": 0.5,
    "15": 0.5,
    "16": 0.5,
    "17": 0.5,
    "20": 0.5,
    "22": 0.5,
    "24": 0.5384615384615384,
    "28": 0.5,
    "30": 0.5384615384615384,
    "34": 0.5,
    "57": 0.5,
    "58": 0.5384615384615384,
    "60": 0.5833333333333333,
    "61": 0.5833333333333333,
    "63": 0.5833333333333333,
    "65": 0.5833333333333333,
    "67": 0.5833333333333333,
    "69": 0.6363636363636364
  },
  "n_suspicious": 22,
  "pct_suspicious": 42.3,
  "n_fail": 3,
  "n_pass": 7
}