{
  "line_scores": {
    "1": 0.5,
    "3": 0.5,
    "4": 0.5,
    "6": 0.5,
    "8": 0.5,
    "9": 0.5,
    "10": 0.5,
    "13": 0.5,
    "20": 0.5,
    "21": 0.5714285714285714,
    "25": 0.5714285714285714,
    "32": 0.5,
    "34": 0.5,
    "37": 0.5,
    "55": 0.5,
    "56": 0.5,
    "58": 0.5,
    "59": 0.5,
    "61": 0.5,
    "62": 0.5,
    "63": 0.5,
    "64": 0.8,
    "65": 0.8,
    "66": 0.6666666666666666,
    "67": 0.6666666666666666,
    "68": 0.8,
    "69": 0.6666666666666666,
    "70": 0.6666666666666666,
    "72": 1.0,
    "73": 1.0,
    "74": 1.0,
    "75": 1.0,
    "76": 0.5,
    "77": 0.5,
    "79": 0.5,
    "80": 1.0,
    "82": 0.5
  },
  "n_suspicious": 37,
  "pct_suspicious": 57.8,
  "n_fail": 6,
  "n_pass": 4
}