{
  "line_scores": {
    "1": 0.5,
    "3": 0.5,
    "4": 0.5,
    "6": 0.5,
    "8": 0.5,
    "9": 0.5,
    "10": 0.5,
    "11": 0.5,
    "14": 0.5,
    "16": 0.5454545454545454,
    "18": 0.6000000000000001,
    "22": 0.6000000000000001,
    "23": 0.6000000000000001,
    "27": 0.5,
    "29": 0.6000000000000001,
    "32": 0.5,
    "56": 0.5,
    "59": 0.5454545454545454,
    "61": 0.6000000000000001,
    "62": 0.6000000000000001,
    "64": 0.6000000000000001,
    "66": 0.6000000000000001
  },
  "n_suspicious": 22,
  "pct_suspicious": 44.9,
  "n_fail": 4,
  "n_pass": 6
}