{
  "line_scores": {
    "1": 0.5,
    "3": 0.5,
    "4": 0.5,
    "6": 0.5,
    "8": 0.5,
    "9": 0.5,
    "10": 0.5,
    "11": 0.5,
    "14": 0.5,
    "16": 0.5,
    "18": 0.5454545454545454,
    "25": 0.5,
    "27": 0.6666666666666666,
    "30": 0.5,
    "56": 0.5,
    "58": 0.5454545454545454,
    "61": 0.6000000000000001,
    "62": 1.0,
    "64": 0.6000000000000001,
    "65": 0.6000000000000001,
    "68": 0.6666666666666666,
    "69": 0.6666666666666666,
    "70": 0.6666666666666666,
    "71": 0.6666666666666666,
    "73": 0.6666666666666666
  },
  "n_suspicious": 25,
  "pct_suspicious": 45.5,
  "n_fail": 4,
  "n_pass": 6
}