{
  "line_scores": {
    "1": 0.5,
    "3": 0.5,
    "4": 0.5,
    "6": 0.5,
    "8": 0.5,
    "9": 0.5,
    "10": 0.5,
    "11": 0.5,
    "14": 0.5,
    "16": 0.5333333333333333,
    "22": 0.5,
    "24": 0.5,
    "30": 0.5,
    "52": 0.5,
    "53": 0.5333333333333333,
    "55": 0.6153846153846154,
    "59": 0.6153846153846154,
    "60": 0.6153846153846154
  },
  "n_suspicious": 18,
  "pct_suspicious": 40.0,
  "n_fail": 2,
  "n_pass": 8
}