{
  "line_scores": {
    "1": 0.5,
    "3": 0.5,
    "4": 0.5,
    "6": 0.5,
    "8": 0.5,
    "9": 0.5,
    "10": 0.5,
    "11": 0.5,
    "14": 0.5,
    "16": 0.5714285714285714,
    "18": 0.5714285714285714,
    "19": 0.5714285714285714,
    "23": 0.5,
    "25": 0.5714285714285714,
    "28": 0.5,
    "52": 0.5,
    "54": 0.5333333333333333,
    "56": 0.5333333333333333,
    "59": 0.5714285714285714,
    "61": 0.5714285714285714,
    "62": 0.5714285714285714,
    "65": 0.5714285714285714,
    "66": 0.5714285714285714,
    "67": 0.5714285714285714,
    "69": 0.5714285714285714,
    "71": 0.5714285714285714,
    "73": 0.5714285714285714,
    "74": 0.5714285714285714
  },
  "n_suspicious": 28,
  "pct_suspicious": 50.0,
  "n_fail": 2,
  "n_pass": 8
}