{
  "line_scores": {
    "1": 0.5,
    "3": 0.5,
    "4": 0.5,
    "6": 0.5,
    "8": 0.5,
    "9": 0.5,
    "10": 0.5,
    "13": 0.5,
    "15": 0.5,
    "17": 0.5333333333333333,
    "23": 0.5,
    "32": 0.5,
    "57": 0.5,
    "59": 0.5333333333333333,
    "63": 0.6153846153846154,
    "65": 0.6153846153846154,
    "67": 0.6666666666666666
  },
  "n_suspicious": 17,
  "pct_suspicious": 34.0,
  "n_fail": 2,
  "n_pass": 8
}