{
  "line_scores": {
    "1": 0.5,
    "3": 0.5,
    "4": 0.5,
    "6": 0.5,
    "8": 0.5,
    "9": 0.5,
    "10": 0.5,
    "11": 0.5,
    "14": 0.5,
    "16": 0.5,
    "17": 0.5,
    "19": 0.5714285714285714,
    "22": 0.5,
    "24": 0.5714285714285714,
    "30": 0.5,
    "57": 0.5,
    "58": 0.5714285714285714,
    "60": 0.5714285714285714,
    "63": 0.5714285714285714,
    "65": 0.5714285714285714,
    "68": 0.6666666666666666,
    "69": 0.6666666666666666
  },
  "n_suspicious": 22,
  "pct_suspicious": 42.3,
  "n_fail": 6,
  "n_pass": 4
}