{
  "line_scores": {
    "1": 0.5,
    "3": 0.5,
    "4": 0.5,
    "6": 0.5,
    "8": 0.5,
    "9": 0.5,
    "10": 0.5,
    "11": 0.5,
    "14": 0.5,
    "16": 0.5,
    "18": 0.5,
    "19": 0.5,
    "21": 0.5,
    "24": 0.5,
    "26": 0.5555555555555556,
    "32": 0.5,
    "58": 0.5,
    "60": 0.5,
    "63": 0.5555555555555556,
    "65": 0.5555555555555556,
    "67": 0.5555555555555556,
    "70": 0.625,
    "71": 0.625
  },
  "n_suspicious": 23,
  "pct_suspicious": 43.4,
  "n_fail": 4,
  "n_pass": 5
}