{
  "line_scores": {
    "1": 0.5,
    "3": 0.5,
    "4": 0.5,
    "6": 0.5,
    "8": 0.5,
    "9": 0.5,
    "10": 0.5,
    "11": 0.5,
    "14": 0.5,
    "25": 0.5,
    "27": 0.5,
    "28": 0.5,
    "34": 0.5,
    "36": 0.5454545454545454,
    "42": 0.5,
    "67": 0.5,
    "68": 0.5,
    "71": 0.5454545454545454,
    "73": 0.5454545454545454,
    "75": 0.5454545454545454,
    "76": 0.6000000000000001,
    "78": 0.5454545454545454,
    "79": 0.6000000000000001,
    "80": 0.6000000000000001,
    "84": 0.6666666666666666,
    "85": 0.6666666666666666,
    "86": 0.6666666666666666
  },
  "n_suspicious": 27,
  "pct_suspicious": 40.9,
  "n_fail": 4,
  "n_pass": 6
}