{
  "line_scores": {
    "1": 0.5,
    "3": 0.5,
    "4": 0.5,
    "6": 0.5,
    "8": 0.5,
    "9": 0.5,
    "10": 0.5,
    "11": 0.5,
    "14": 0.5,
    "20": 0.5,
    "22": 0.5454545454545454,
    "24": 0.5454545454545454,
    "26": 0.6000000000000001,
    "28": 0.6000000000000001,
    "30": 0.6000000000000001,
    "34": 0.5,
    "40": 0.6000000000000001,
    "41": 0.6000000000000001,
    "42": 0.6000000000000001,
    "43": 0.6000000000000001,
    "44": 0.6000000000000001,
    "45": 0.6000000000000001,
    "48": 0.5,
    "73": 0.5,
    "74": 0.6000000000000001,
    "76": 0.6000000000000001,
    "79": 0.6000000000000001,
    "81": 0.6000000000000001,
    "82": 0.75
  },
  "n_suspicious": 29,
  "pct_suspicious": 43.3,
  "n_fail": 4,
  "n_pass": 6
}