{
  "line_scores": {
    "7": 0.5,
    "9": 0.5,
    "10": 0.5,
    "12": 0.5,
    "14": 0.5,
    "15": 0.5,
    "16": 0.5,
    "19": 0.5,
    "21": 0.5,
    "23": 0.5555555555555556,
    "24": 0.5555555555555556,
    "29": 0.5555555555555556,
    "30": 0.5555555555555556,
    "37": 0.5,
    "45": 0.5,
    "69": 0.5,
    "70": 0.5,
    "72": 0.5555555555555556,
    "75": 0.5555555555555556,
    "76": 0.625,
    "79": 0.625,
    "80": 0.625,
    "81": 0.625
  },
  "n_suspicious": 23,
  "pct_suspicious": 35.9,
  "n_fail": 5,
  "n_pass": 5
}