{
  "line_scores": {
    "1": 0.5,
    "3": 0.5,
    "4": 0.5,
    "5": 0.5,
    "7": 0.5,
    "9": 0.5,
    "10": 0.5,
    "11": 0.5,
    "12": 0.5,
    "15": 0.5,
    "21": 0.5,
    "23": 0.5454545454545454,
    "25": 0.5454545454545454,
    "27": 0.6000000000000001,
    "29": 0.6000000000000001,
    "33": 0.5,
    "40": 0.6000000000000001,
    "41": 0.6000000000000001,
    "44": 0.5,
    "69": 0.5,
    "71": 0.6000000000000001,
    "72": 0.6000000000000001,
    "74": 0.6000000000000001,
    "75": 0.6000000000000001,
    "76": 0.6000000000000001,
    "78": 0.6000000000000001,
    "80": 0.6000000000000001,
    "81": 0.6666666666666666
  },
  "n_suspicious": 28,
  "pct_suspicious": 43.1,
  "n_fail": 4,
  "n_pass": 6
}