{
  "line_scores": {
    "1": 0.5,
    "3": 0.5,
    "4": 0.5,
    "5": 0.5,
    "7": 0.5,
    "9": 0.5,
    "10": 0.5,
    "11": 0.5,
    "12": 0.5,
    "15": 0.5,
    "17": 0.5,
    "19": 0.5454545454545454,
    "21": 0.5454545454545454,
    "23": 0.6000000000000001,
    "25": 0.6000000000000001,
    "26": 0.6000000000000001,
    "30": 0.5,
    "32": 0.6000000000000001,
    "35": 0.5,
    "61": 0.5,
    "63": 0.6000000000000001,
    "64": 0.6000000000000001,
    "65": 0.6000000000000001,
    "66": 0.6000000000000001,
    "67": 0.6000000000000001,
    "69": 0.6000000000000001,
    "71": 0.6000000000000001,
    "72": 0.75
  },
  "n_suspicious": 28,
  "pct_suspicious": 49.1,
  "n_fail": 4,
  "n_pass": 6
}