{
  "line_scores": {
    "1": 0.5,
    "3": 0.5,
    "4": 0.5,
    "6": 0.5,
    "8": 0.5,
    "9": 0.5,
    "10": 0.5,
    "13": 0.5,
    "31": 0.5714285714285714,
    "32": 0.5714285714285714,
    "33": 0.5714285714285714,
    "38": 0.6153846153846154,
    "41": 0.5,
    "66": 0.5,
    "67": 0.5,
    "71": 0.5714285714285714,
    "73": 0.6153846153846154,
    "75": 0.7272727272727273
  },
  "n_suspicious": 18,
  "pct_suspicious": 31.0,
  "n_fail": 2,
  "n_pass": 8
}