{
  "line_scores": {
    "1": 0.5,
    "3": 0.5,
    "4": 0.5,
    "6": 0.5,
    "8": 0.5,
    "9": 0.5,
    "10": 0.5,
    "13": 0.5,
    "24": 0.5,
    "28": 0.5,
    "29": 0.5454545454545454,
    "35": 0.5,
    "42": 0.5,
    "60": 0.5,
    "61": 0.5,
    "63": 0.5,
    "64": 0.5,
    "65": 0.5,
    "66": 0.6666666666666666,
    "67": 0.6666666666666666,
    "68": 0.6000000000000001,
    "69": 0.6000000000000001,
    "70": 0.6666666666666666,
    "71": 0.5,
    "72": 0.5,
    "74": 0.8571428571428571,
    "75": 0.8571428571428571,
    "76": 0.8571428571428571,
    "77": 0.8571428571428571,
    "78": 0.5,
    "79": 0.5,
    "81": 0.5,
    "82": 1.0,
    "84": 0.5,
    "85": 0.5
  },
  "n_suspicious": 35,
  "pct_suspicious": 52.2,
  "n_fail": 4,
  "n_pass": 6
}