{
  "line_scores": {
    "1": 0.5,
    "3": 0.5,
    "4": 0.5,
    "6": 0.5,
    "8": 0.5,
    "9": 0.5,
    "10": 0.5,
    "13": 0.5,
    "15": 0.5,
    "19": 0.5,
    "21": 0.5714285714285714,
    "24": 0.5,
    "47": 0.5,
    "49": 0.5333333333333333,
    "50": 0.5333333333333333,
    "54": 0.5714285714285714,
    "56": 0.5714285714285714,
    "59": 0.5714285714285714,
    "61": 0.5714285714285714,
    "63": 0.6153846153846154
  },
  "n_suspicious": 20,
  "pct_suspicious": 44.4,
  "n_fail": 2,
  "n_pass": 8
}