{
  "line_scores": {
    "1": 0.5,
    "3": 0.5,
    "4": 0.5,
    "6": 0.5,
    "14": 0.5,
    "16": 0.5,
    "17": 0.5,
    "18": 0.5,
    "21": 0.5,
    "25": 0.5,
    "27": 0.5555555555555556,
    "29": 0.5555555555555556,
    "33": 0.5,
    "35": 0.5555555555555556,
    "38": 0.5,
    "68": 0.5,
    "70": 0.5555555555555556,
    "71": 0.5555555555555556,
    "73": 0.5555555555555556,
    "80": 0.5555555555555556,
    "81": 0.5555555555555556
  },
  "n_suspicious": 21,
  "pct_suspicious": 33.3,
  "n_fail": 5,
  "n_pass": 5
}