{
  "line_scores": {
    "8": 0.5,
    "10": 0.5,
    "11": 0.5,
    "13": 0.5,
    "15": 0.5,
    "16": 0.5,
    "17": 0.5,
    "20": 0.5,
    "32": 0.5833333333333333,
    "33": 0.5833333333333333,
    "35": 0.6363636363636364,
    "38": 0.5,
    "40": 0.6363636363636364,
    "43": 0.5,
    "66": 0.5,
    "70": 0.5833333333333333,
    "71": 0.6363636363636364,
    "73": 0.6363636363636364,
    "75": 0.7
  },
  "n_suspicious": 19,
  "pct_suspicious": 34.5,
  "n_fail": 3,
  "n_pass": 7
}