{
  "line_scores": {
    "1": 0.5,
    "3": 0.5,
    "4": 0.5,
    "6": 0.5,
    "14": 0.5,
    "16": 0.5,
    "17": 0.5,
    "18": 0.5,
    "19": 0.5,
    "22": 0.5,
    "24": 0.5,
    "26": 0.5454545454545454,
    "30": 0.5,
    "32": 0.6666666666666666,
    "35": 0.5,
    "61": 0.5,
    "63": 0.6000000000000001,
    "64": 0.6000000000000001,
    "66": 0.6000000000000001,
    "68": 0.6000000000000001,
    "70": 0.6000000000000001,
    "73": 0.6666666666666666
  },
  "n_suspicious": 22,
  "pct_suspicious": 41.5,
  "n_fail": 4,
  "n_pass": 6
}