{
  "line_scores": {
    "1": 0.5,
    "3": 0.5,
    "4": 0.5,
    "6": 0.5,
    "15": 0.5,
    "16": 0.5,
    "17": 0.5,
    "18": 0.5,
    "21": 0.5,
    "23": 0.5,
    "25": 0.5384615384615384,
    "27": 0.5833333333333333,
    "29": 0.5833333333333333,
    "33": 0.5,
    "40": 0.6363636363636364,
    "43": 0.5,
    "63": 0.5,
    "65": 0.6363636363636364,
    "66": 0.6363636363636364,
    "68": 0.6363636363636364,
    "69": 0.6363636363636364,
    "71": 0.6363636363636364
  },
  "n_suspicious": 22,
  "pct_suspicious": 39.3,
  "n_fail": 3,
  "n_pass": 7
}