{
  "line_scores": {
    "1": 0.5,
    "3": 0.5,
    "4": 0.5,
    "6": 0.5,
    "8": 0.5,
    "9": 0.5,
    "10": 0.5,
    "13": 0.5,
    "15": 0.5,
    "19": 0.5,
    "21": 0.5833333333333333,
    "24": 0.5,
    "49": 0.5,
    "51": 0.5384615384615384,
    "54": 0.5384615384615384,
    "55": 0.5384615384615384,
    "58": 0.5833333333333333,
    "59": 0.5833333333333333,
    "61": 0.5833333333333333,
    "63": 0.6363636363636364
  },
  "n_suspicious": 20,
  "pct_suspicious": 43.5,
  "n_fail": 3,
  "n_pass": 7
}