{
  "line_scores": {
    "1": 0.5,
    "3": 0.5,
    "4": 0.5,
    "5": 0.5,
    "7": 0.5,
    "9": 0.5,
    "10": 0.5,
    "11": 0.5,
    "12": 0.5,
    "15": 0.5,
    "21": 0.5,
    "23": 0.5384615384615384,
    "25": 0.5384615384615384,
    "27": 0.5833333333333333,
    "29": 0.5833333333333333,
    "33": 0.5,
    "39": 0.6363636363636364,
    "40": 0.6363636363636364,
    "41": 0.6363636363636364,
    "42": 0.6363636363636364,
    "43": 0.6363636363636364,
    "44": 0.6363636363636364,
    "47": 0.5,
    "72": 0.5,
    "73": 0.6363636363636364,
    "75": 0.6363636363636364,
    "77": 0.6363636363636364,
    "78": 0.7
  },
  "n_suspicious": 28,
  "pct_suspicious": 43.8,
  "n_fail": 3,
  "n_pass": 7
}