{
  "line_scores": {
    "1": 0.5,
    "3": 0.5,
    "4": 0.5,
    "6": 0.5,
    "8": 0.5,
    "9": 0.5,
    "10": 0.5,
    "11": 0.5,
    "14": 0.5,
    "16": 0.5384615384615384,
    "18": 0.5833333333333333,
    "22": 0.5833333333333333,
    "23": 0.5833333333333333,
    "25": 0.5833333333333333,
    "29": 0.5,
    "33": 0.5833333333333333,
    "34": 0.5833333333333333,
    "37": 0.5,
    "61": 0.5,
    "63": 0.5384615384615384,
    "66": 0.5384615384615384,
    "68": 0.5833333333333333,
    "69": 0.5833333333333333,
    "71": 0.5833333333333333,
    "72": 0.5833333333333333,
    "76": 0.5833333333333333
  },
  "n_suspicious": 26,
  "pct_suspicious": 44.1,
  "n_fail": 3,
  "n_pass": 7
}