{
  "line_scores": {
    "1": 0.5,
    "3": 0.5,
    "4": 0.5,
    "6": 0.5,
    "8": 0.5,
    "9": 0.5,
    "10": 0.5,
    "13": 0.5,
    "15": 0.5454545454545454,
    "17": 0.6000000000000001,
    "19": 0.6000000000000001,
    "21": 0.6000000000000001,
    "25": 0.5,
    "27": 0.6000000000000001,
    "28": 0.6000000000000001,
    "31": 0.5,
    "55": 0.5,
    "57": 0.5454545454545454,
    "60": 0.5454545454545454,
    "62": 0.6000000000000001,
    "63": 0.6000000000000001,
    "65": 0.6000000000000001,
    "66": 0.6000000000000001,
    "70": 0.6000000000000001
  },
  "n_suspicious": 24,
  "pct_suspicious": 45.3,
  "n_fail": 4,
  "n_pass": 6
}