{
  "line_scores": {
    "1": 0.5,
    "3": 0.5,
    "4": 0.5,
    "6": 0.5,
    "9": 0.5,
    "12": 0.5,
    "15": 0.5,
    "18": 0.5,
    "24": 0.5,
    "28": 0.5,
    "35": 0.5555555555555556,
    "38": 0.5,
    "68": 0.5,
    "70": 0.5555555555555556,
    "71": 0.5555555555555556,
    "72": 0.5555555555555556,
    "74": 0.5555555555555556,
    "75": 1.0,
    "76": 1.0,
    "78": 0.5555555555555556
  },
  "n_suspicious": 20,
  "pct_suspicious": 36.4,
  "n_fail": 5,
  "n_pass": 5
}