{
  "line_scores": {
    "1": 0.5,
    "3": 0.5,
    "4": 0.5,
    "6": 0.5,
    "8": 0.5,
    "9": 0.5,
    "10": 0.5,
    "11": 0.5,
    "14": 0.5,
    "16": 0.5,
    "20": 0.5384615384615384,
    "26": 0.5,
    "30": 0.5384615384615384,
    "33": 0.5,
    "60": 0.5,
    "62": 0.5384615384615384,
    "63": 0.5384615384615384,
    "65": 0.5384615384615384,
    "70": 0.5384615384615384,
    "72": 0.5833333333333333
  },
  "n_suspicious": 20,
  "pct_suspicious": 35.7,
  "n_fail": 3,
  "n_pass": 7
}