{
  "line_scores": {
    "1": 0.5,
    "3": 0.5,
    "4": 0.5,
    "6": 0.5,
    "7": 0.5,
    "8": 0.5,
    "9": 0.5,
    "10": 0.5,
    "13": 0.5,
    "15": 0.5,
    "17": 0.5294117647058824,
    "19": 0.5625,
    "23": 0.5,
    "25": 0.6000000000000001,
    "28": 0.5,
    "51": 0.5,
    "53": 0.6000000000000001,
    "55": 0.6000000000000001,
    "56": 0.6000000000000001,
    "57": 0.6000000000000001,
    "59": 0.6000000000000001
  },
  "n_suspicious": 21,
  "pct_suspicious": 47.7,
  "n_fail": 1,
  "n_pass": 9
}