{
  "line_scores": {
    "1": 0.5,
    "3": 0.5,
    "4": 0.5,
    "6": 0.5,
    "7": 0.5,
    "8": 0.5,
    "9": 0.5,
    "10": 0.5,
    "13": 0.5,
    "15": 0.5,
    "17": 0.5238095238095238,
    "19": 0.5499999999999999,
    "23": 0.5,
    "25": 0.5789473684210527,
    "28": 0.5,
    "52": 0.5,
    "53": 0.5789473684210527,
    "55": 0.5789473684210527,
    "56": 0.5789473684210527,
    "57": 0.5789473684210527,
    "58": 0.5789473684210527,
    "60": 0.5789473684210527
  },
  "n_suspicious": 22,
  "pct_suspicious": 47.8,
  "n_fail": 1,
  "n_pass": 11
}