{
  "line_scores": {
    "1": 0.5,
    "3": 0.5,
    "4": 0.5,
    "6": 0.5,
    "8": 0.5,
    "9": 0.5,
    "10": 0.5,
    "13": 0.5,
    "27": 0.5333333333333333,
    "29": 0.5714285714285714,
    "30": 0.5714285714285714,
    "32": 0.5714285714285714,
    "35": 0.5,
    "44": 0.5714285714285714,
    "47": 0.5,
    "70": 0.5,
    "73": 0.5,
    "74": 0.5,
    "77": 0.5333333333333333,
    "78": 0.5714285714285714,
    "80": 0.5714285714285714,
    "83": 0.5714285714285714,
    "85": 0.6666666666666666
  },
  "n_suspicious": 23,
  "pct_suspicious": 36.5,
  "n_fail": 2,
  "n_pass": 8
}