{
  "line_scores": {
    "1": 0.5,
    "3": 0.5,
    "4": 0.5,
    "6": 0.5,
    "8": 0.5,
    "9": 0.5,
    "10": 0.5,
    "11": 0.5,
    "14": 0.5,
    "16": 0.5,
    "18": 0.5384615384615384,
    "20": 0.5384615384615384,
    "24": 0.5,
    "26": 0.5384615384615384,
    "29": 0.5,
    "55": 0.5,
    "57": 0.5384615384615384,
    "60": 0.5384615384615384,
    "62": 0.5384615384615384,
    "63": 0.5384615384615384,
    "65": 0.5384615384615384,
    "66": 0.5384615384615384
  },
  "n_suspicious": 22,
  "pct_suspicious": 44.9,
  "n_fail": 3,
  "n_pass": 7
}