{
  "line_scores": {
    "1": 0.5,
    "3": 0.5,
    "4": 0.5,
    "6": 0.5,
    "8": 0.5,
    "9": 0.5,
    "10": 0.5,
    "13": 0.5,
    "15": 0.5833333333333333,
    "16": 0.5833333333333333,
    "23": 0.5,
    "25": 0.5384615384615384,
    "28": 0.5384615384615384,
    "31": 0.5,
    "52": 0.5384615384615384,
    "54": 0.5384615384615384,
    "55": 0.6363636363636364,
    "57": 0.5384615384615384,
    "58": 0.5384615384615384,
    "59": 0.5384615384615384,
    "60": 0.6363636363636364,
    "61": 0.7777777777777779,
    "62": 0.7777777777777779,
    "63": 0.6363636363636364,
    "64": 0.7241379310344829,
    "66": 0.7,
    "67": 0.7,
    "68": 0.5384615384615384,
    "70": 0.5384615384615384,
    "71": 1.0,
    "72": 0.5384615384615384
  },
  "n_suspicious": 31,
  "pct_suspicious": 54.4,
  "n_fail": 4,
  "n_pass": 7
}