{
  "line_scores": {
    "1": 0.5,
    "3": 0.5,
    "4": 0.5,
    "6": 0.5,
    "14": 0.5,
    "15": 0.5,
    "16": 0.5,
    "17": 0.5,
    "20": 0.5,
    "22": 0.5,
    "26": 0.5384615384615384,
    "32": 0.5,
    "34": 0.5384615384615384,
    "42": 0.5,
    "64": 0.5,
    "65": 0.5,
    "66": 0.5384615384615384,
    "68": 0.5384615384615384,
    "69": 0.5833333333333333,
    "71": 0.7
  },
  "n_suspicious": 20,
  "pct_suspicious": 35.7,
  "n_fail": 3,
  "n_pass": 7
}