{
  "line_scores": {
    "1": 0.5,
    "3": 0.5,
    "4": 0.5,
    "6": 0.5,
    "8": 0.5,
    "9": 0.5,
    "10": 0.5,
    "11": 0.5,
    "14": 0.5,
    "21": 0.5,
    "23": 0.5,
    "29": 0.5,
    "31": 0.5,
    "34": 0.5,
    "57": 0.5,
    "59": 0.5,
    "62": 0.5,
    "67": 0.5,
    "68": 0.5714285714285714,
    "70": 0.5,
    "71": 0.5714285714285714,
    "79": 0.5714285714285714,
    "80": 0.5714285714285714,
    "81": 0.5714285714285714,
    "82": 0.5714285714285714
  },
  "n_suspicious": 25,
  "pct_suspicious": 39.7,
  "n_fail": 5,
  "n_pass": 4
}