{
  "line_scores": {
    "1": 0.5,
    "3": 0.5,
    "4": 0.5,
    "6": 0.5,
    "8": 0.5,
    "9": 0.5,
    "10": 0.5,
    "11": 0.5,
    "14": 0.5,
    "16": 0.5,
    "20": 0.5,
    "27": 0.5,
    "49": 0.5,
    "50": 0.5,
    "53": 0.5555555555555556,
    "56": 0.5555555555555556,
    "57": 0.5555555555555556,
    "60": 0.5555555555555556,
    "61": 0.625,
    "63": 0.5555555555555556,
    "64": 0.625,
    "65": 0.625,
    "69": 0.625,
    "70": 0.625,
    "71": 0.625
  },
  "n_suspicious": 25,
  "pct_suspicious": 47.2,
  "n_fail": 6,
  "n_pass": 5
}