{
  "line_scores": {
    "1": 0.5,
    "3": 0.5,
    "4": 0.5,
    "6": 0.5,
    "8": 0.5,
    "9": 0.5,
    "10": 0.5,
    "11": 0.5,
    "14": 0.5,
    "16": 0.5,
    "20": 0.5,
    "27": 0.5,
    "50": 0.5,
    "52": 0.5,
    "55": 0.5714285714285714,
    "59": 0.5714285714285714,
    "60": 0.6666666666666666,
    "62": 0.6666666666666666,
    "64": 0.5714285714285714,
    "65": 0.6666666666666666,
    "66": 0.6666666666666666,
    "69": 0.6666666666666666,
    "72": 0.6666666666666666,
    "73": 0.6666666666666666,
    "74": 0.6666666666666666
  },
  "n_suspicious": 25,
  "pct_suspicious": 45.5,
  "n_fail": 6,
  "n_pass": 4
}