{
  "line_scores": {
    "1": 0.5,
    "3": 0.5,
    "4": 0.5,
    "6": 0.5,
    "8": 0.5,
    "9": 0.5,
    "10": 0.5,
    "11": 0.5,
    "14": 0.5,
    "16": 0.5,
    "20": 0.5714285714285714,
    "26": 0.5,
    "28": 0.5714285714285714,
    "34": 0.5,
    "60": 0.5,
    "61": 0.5,
    "62": 0.5714285714285714,
    "64": 0.5714285714285714,
    "66": 0.5714285714285714,
    "67": 0.6666666666666666,
    "74": 0.6666666666666666,
    "75": 0.6666666666666666,
    "76": 0.6666666666666666
  },
  "n_suspicious": 23,
  "pct_suspicious": 38.3,
  "n_fail": 5,
  "n_pass": 4
}