{
  "line_scores": {
    "1": 0.5,
    "3": 0.5,
    "4": 0.5,
    "6": 0.5,
    "14": 0.5,
    "16": 0.5,
    "17": 0.5,
    "18": 0.5,
    "19": 0.5,
    "22": 0.5,
    "24": 0.5,
    "28": 0.5,
    "30": 0.5454545454545454,
    "33": 0.5,
    "55": 0.5,
    "56": 0.5454545454545454,
    "58": 0.5454545454545454,
    "65": 0.5454545454545454,
    "66": 1.0,
    "67": 0.5454545454545454
  },
  "n_suspicious": 20,
  "pct_suspicious": 40.0,
  "n_fail": 4,
  "n_pass": 6
}