{
  "line_scores": {
    "1": 0.5,
    "3": 0.5,
    "4": 0.5,
    "6": 0.5,
    "8": 0.5,
    "9": 0.5,
    "10": 0.5,
    "13": 0.5,
    "15": 0.5,
    "21": 0.5,
    "23": 0.5333333333333333,
    "26": 0.5,
    "49": 0.5,
    "50": 0.5333333333333333,
    "52": 0.5333333333333333,
    "53": 0.5333333333333333,
    "55": 0.5333333333333333,
    "57": 0.5333333333333333
  },
  "n_suspicious": 18,
  "pct_suspicious": 43.9,
  "n_fail": 2,
  "n_pass": 8
}