{
  "line_scores": {
    "1": 0.5,
    "3": 0.5,
    "4": 0.5,
    "6": 0.5,
    "8": 0.5,
    "9": 0.5,
    "10": 0.5,
    "11": 0.5,
    "14": 0.5,
    "16": 0.5,
    "18": 0.5454545454545454,
    "19": 0.5454545454545454,
    "23": 0.5,
    "25": 0.6000000000000001,
    "28": 0.5,
    "54": 0.5,
    "57": 0.5,
    "59": 0.5454545454545454,
    "62": 0.6000000000000001,
    "63": 0.6000000000000001,
    "66": 0.6000000000000001,
    "68": 0.6000000000000001,
    "69": 0.6000000000000001,
    "70": 0.6000000000000001,
    "72": 0.6000000000000001
  },
  "n_suspicious": 25,
  "pct_suspicious": 47.2,
  "n_fail": 4,
  "n_pass": 6
}