{
  "line_scores": {
    "7": 0.5,
    "9": 0.5,
    "10": 0.5,
    "12": 0.5,
    "14": 0.5,
    "15": 0.5,
    "16": 0.5,
    "17": 0.5,
    "20": 0.5,
    "22": 0.5,
    "24": 0.5384615384615384,
    "28": 0.5,
    "30": 0.6363636363636364,
    "33": 0.5,
    "62": 0.5,
    "64": 0.5833333333333333,
    "65": 0.5833333333333333,
    "67": 0.5833333333333333,
    "69": 0.5833333333333333,
    "71": 0.5833333333333333,
    "73": 0.6363636363636364
  },
  "n_suspicious": 21,
  "pct_suspicious": 38.2,
  "n_fail": 3,
  "n_pass": 7
}