{
  "line_scores": {
    "7": 0.5,
    "9": 0.5,
    "10": 0.5,
    "12": 0.5,
    "14": 0.5,
    "15": 0.5,
    "16": 0.5,
    "19": 0.5,
    "21": 0.5,
    "23": 0.5384615384615384,
    "27": 0.5,
    "29": 0.5833333333333333,
    "32": 0.5,
    "57": 0.5,
    "59": 0.5833333333333333,
    "60": 0.5833333333333333,
    "62": 0.5833333333333333,
    "64": 0.5833333333333333,
    "66": 0.5833333333333333,
    "68": 0.6363636363636364
  },
  "n_suspicious": 20,
  "pct_suspicious": 40.0,
  "n_fail": 3,
  "n_pass": 7
}