{
  "line_scores": {
    "7": 0.5,
    "9": 0.5,
    "10": 0.5,
    "12": 0.5,
    "14": 0.5,
    "15": 0.5,
    "16": 0.5,
    "19": 0.5,
    "21": 0.5,
    "23": 0.5454545454545454,
    "27": 0.5,
    "29": 0.6000000000000001,
    "32": 0.5,
    "55": 0.5,
    "56": 0.5454545454545454,
    "59": 0.6000000000000001,
    "60": 0.6000000000000001,
    "62": 0.6000000000000001,
    "64": 0.6000000000000001,
    "66": 0.6000000000000001,
    "68": 0.6666666666666666
  },
  "n_suspicious": 21,
  "pct_suspicious": 41.2,
  "n_fail": 4,
  "n_pass": 6
}