{
  "line_scores": {
    "1": 0.5,
    "3": 0.5,
    "4": 0.5,
    "6": 0.5,
    "8": 0.5,
    "9": 0.5,
    "10": 0.5,
    "11": 0.5,
    "14": 0.5,
    "16": 0.5,
    "20": 0.5454545454545454,
    "21": 0.5454545454545454,
    "28": 0.5,
    "30": 0.6000000000000001,
    "37": 0.5,
    "63": 0.5,
    "64": 0.5,
    "65": 0.6000000000000001,
    "67": 0.6000000000000001,
    "69": 0.6000000000000001,
    "70": 0.6666666666666666,
    "73": 0.6666666666666666,
    "74": 0.6666666666666666,
    "75": 0.6666666666666666
  },
  "n_suspicious": 24,
  "pct_suspicious": 40.7,
  "n_fail": 4,
  "n_pass": 6
}