{
  "line_scores": {
    "1": 0.5,
    "3": 0.5,
    "4": 0.5,
    "6": 0.5,
    "13": 0.5,
    "14": 0.5,
    "15": 0.5,
    "16": 0.5,
    "19": 0.5,
    "25": 0.5,
    "27": 0.5454545454545454,
    "31": 0.5,
    "36": 0.6000000000000001,
    "39": 0.5,
    "64": 0.5,
    "66": 0.6000000000000001,
    "67": 0.6000000000000001,
    "69": 0.6000000000000001,
    "71": 0.6000000000000001,
    "73": 0.6000000000000001,
    "75": 0.6666666666666666
  },
  "n_suspicious": 21,
  "pct_suspicious": 38.2,
  "n_fail": 4,
  "n_pass": 6
}