{
  "line_scores": {
    "1": 0.5,
    "3": 0.5,
    "4": 0.5,
    "6": 0.5,
    "8": 0.5,
    "9": 0.5,
    "10": 0.5,
    "11": 0.5,
    "14": 0.5,
    "22": 0.5,
    "24": 0.5555555555555556,
    "30": 0.5,
    "55": 0.5,
    "56": 0.5,
    "59": 0.5555555555555556,
    "61": 0.5555555555555556,
    "64": 0.625,
    "65": 0.625,
    "66": 0.625
  },
  "n_suspicious": 19,
  "pct_suspicious": 38.0,
  "n_fail": 5,
  "n_pass": 5
}