{
  "line_scores": {
    "7": 0.5,
    "9": 0.5,
    "10": 0.5,
    "12": 0.5,
    "13": 0.5,
    "14": 0.5,
    "15": 0.5,
    "17": 0.5,
    "20": 0.5,
    "22": 0.5,
    "24": 0.5714285714285714,
    "25": 0.5714285714285714,
    "29": 0.5714285714285714,
    "35": 0.5,
    "37": 0.6666666666666666,
    "38": 0.6666666666666666,
    "39": 0.6666666666666666,
    "42": 0.5,
    "61": 0.5,
    "62": 0.5,
    "64": 0.5714285714285714,
    "65": 0.6666666666666666,
    "72": 0.6666666666666666,
    "73": 0.6666666666666666
  },
  "n_suspicious": 24,
  "pct_suspicious": 41.4,
  "n_fail": 5,
  "n_pass": 4
}