{
  "line_scores": {
    "7": 0.5,
    "9": 0.5,
    "10": 0.5,
    "12": 0.5,
    "14": 0.5,
    "15": 0.5,
    "16": 0.5,
    "19": 0.5,
    "21": 0.5,
    "23": 0.5555555555555556,
    "29": 0.5,
    "31": 0.5555555555555556,
    "38": 0.5,
    "62": 0.5,
    "63": 0.5,
    "64": 0.5555555555555556,
    "66": 0.5555555555555556,
    "67": 0.625,
    "74": 0.7142857142857143,
    "75": 0.7142857142857143,
    "76": 0.7142857142857143
  },
  "n_suspicious": 21,
  "pct_suspicious": 35.0,
  "n_fail": 5,
  "n_pass": 5
}