{
  "line_scores": {
    "1": 0.5,
    "3": 0.5,
    "4": 0.5,
    "6": 0.5,
    "8": 0.5,
    "9": 0.5,
    "10": 0.5,
    "11": 0.5,
    "14": 0.5,
    "25": 0.5,
    "27": 0.5,
    "34": 0.5,
    "39": 0.5,
    "62": 0.5,
    "65": 0.5,
    "69": 0.5,
    "71": 0.5,
    "72": 0.5454545454545454,
    "74": 0.5,
    "75": 0.5454545454545454,
    "76": 0.5454545454545454,
    "79": 0.6000000000000001,
    "80": 0.6000000000000001,
    "81": 0.6000000000000001
  },
  "n_suspicious": 24,
  "pct_suspicious": 39.3,
  "n_fail": 4,
  "n_pass": 6
}