{
  "line_scores": {
    "1": 0.5,
    "3": 0.5,
    "4": 0.5,
    "6": 0.5,
    "8": 0.5,
    "9": 0.5,
    "10": 0.5,
    "11": 0.5,
    "14": 0.5,
    "20": 0.5,
    "22": 0.5333333333333333,
    "24": 0.5333333333333333,
    "26": 0.5714285714285714,
    "30": 0.5,
    "37": 0.5714285714285714,
    "40": 0.5,
    "61": 0.5,
    "63": 0.5714285714285714,
    "64": 0.5714285714285714,
    "66": 0.5714285714285714,
    "68": 0.5714285714285714
  },
  "n_suspicious": 21,
  "pct_suspicious": 42.0,
  "n_fail": 2,
  "n_pass": 8
}