{
  "line_scores": {
    "1": 0.5,
    "3": 0.5,
    "4": 0.5,
    "6": 0.5,
    "8": 0.5,
    "9": 0.5,
    "10": 0.5,
    "11": 0.5,
    "14": 0.5,
    "16": 0.5,
    "18": 0.5,
    "19": 0.5,
    "21": 0.5,
    "23": 0.5714285714285714,
    "26": 0.5,
    "28": 0.5714285714285714,
    "35": 0.5,
    "59": 0.5,
    "60": 0.5714285714285714,
    "62": 0.5714285714285714,
    "66": 0.6666666666666666,
    "67": 0.6666666666666666
  },
  "n_suspicious": 22,
  "pct_suspicious": 42.3,
  "n_fail": 6,
  "n_pass": 4
}