{
  "line_scores": {
    "1": 0.5,
    "3": 0.5,
    "4": 0.5,
    "6": 0.5,
    "8": 0.5,
    "9": 0.5,
    "10": 0.5,
    "13": 0.5,
    "20": 0.5454545454545454,
    "22": 0.6000000000000001,
    "26": 0.5,
    "28": 0.6000000000000001,
    "31": 0.5,
    "55": 0.5,
    "57": 0.5454545454545454,
    "60": 0.5454545454545454,
    "62": 0.6000000000000001,
    "63": 0.6000000000000001,
    "66": 0.6000000000000001,
    "67": 0.6000000000000001,
    "68": 0.6000000000000001,
    "70": 0.6000000000000001,
    "72": 0.6000000000000001,
    "74": 0.6000000000000001,
    "75": 0.6000000000000001
  },
  "n_suspicious": 25,
  "pct_suspicious": 44.6,
  "n_fail": 4,
  "n_pass": 6
}