{
  "line_scores": {
    "1": 0.5,
    "3": 0.5,
    "4": 0.5,
    "6": 0.5,
    "13": 0.5,
    "15": 0.5,
    "16": 0.5,
    "17": 0.5,
    "19": 0.5,
    "22": 0.5,
    "24": 0.5,
    "30": 0.5,
    "32": 0.5555555555555556,
    "36": 0.625,
    "43": 0.625,
    "46": 0.5,
    "66": 0.5,
    "67": 0.5555555555555556,
    "69": 0.625,
    "70": 0.625,
    "72": 0.625
  },
  "n_suspicious": 21,
  "pct_suspicious": 38.2,
  "n_fail": 5,
  "n_pass": 5
}