{
  "line_scores": {
    "7": 0.5,
    "9": 0.5,
    "10": 0.5,
    "12": 0.5,
    "14": 0.5,
    "15": 0.5,
    "16": 0.5,
    "17": 0.5,
    "20": 0.5,
    "22": 0.5,
    "24": 0.5384615384615384,
    "30": 0.5,
    "32": 0.6363636363636364,
    "34": 0.6363636363636364,
    "37": 0.5,
    "64": 0.5,
    "65": 0.5833333333333333,
    "68": 0.6363636363636364,
    "69": 0.6363636363636364,
    "71": 0.6363636363636364,
    "73": 0.6363636363636364,
    "74": 0.6363636363636364,
    "76": 0.7
  },
  "n_suspicious": 23,
  "pct_suspicious": 39.0,
  "n_fail": 3,
  "n_pass": 7
}