{
  "line_scores": {
    "1": 0.5,
    "3": 0.5,
    "4": 0.5,
    "6": 0.5,
    "13": 0.5,
    "14": 0.5,
    "15": 0.5,
    "16": 0.5,
    "19": 0.5,
    "25": 0.5,
    "27": 0.5384615384615384,
    "33": 0.5,
    "35": 0.6363636363636364,
    "38": 0.5,
    "63": 0.5,
    "64": 0.5384615384615384,
    "65": 0.5384615384615384,
    "68": 0.6363636363636364,
    "69": 0.6363636363636364,
    "71": 0.6363636363636364,
    "73": 0.7
  },
  "n_suspicious": 21,
  "pct_suspicious": 36.8,
  "n_fail": 3,
  "n_pass": 7
}