{
  "line_scores": {
    "7": 0.5,
    "9": 0.5,
    "10": 0.5,
    "12": 0.5,
    "14": 0.5,
    "15": 0.5,
    "16": 0.5,
    "19": 0.5,
    "21": 0.5,
    "28": 0.5,
    "30": 0.6000000000000001,
    "33": 0.5,
    "55": 0.5,
    "57": 0.5454545454545454,
    "60": 0.5454545454545454,
    "61": 0.5454545454545454,
    "62": 0.6000000000000001,
    "63": 0.6000000000000001,
    "65": 0.5454545454545454
  },
  "n_suspicious": 19,
  "pct_suspicious": 39.6,
  "n_fail": 4,
  "n_pass": 6
}