{
  "line_scores": {
    "1": 0.5,
    "3": 0.5,
    "4": 0.5,
    "6": 0.5,
    "7": 0.5,
    "8": 0.5,
    "9": 0.5,
    "10": 0.5,
    "13": 0.5,
    "15": 0.5,
    "17": 0.5294117647058824,
    "19": 0.5625,
    "23": 0.5,
    "27": 0.6000000000000001,
    "28": 0.6000000000000001,
    "29": 0.6000000000000001,
    "30": 0.6000000000000001,
    "33": 0.5,
    "58": 0.5,
    "60": 0.6000000000000001,
    "62": 0.6000000000000001,
    "64": 0.6000000000000001
  },
  "n_suspicious": 22,
  "pct_suspicious": 44.9,
  "n_fail": 1,
  "n_pass": 9
}