{
  "line_scores": {
    "1": 0.5,
    "3": 0.5,
    "4": 0.5,
    "6": 0.5,
    "7": 0.5,
    "8": 0.5,
    "9": 0.5,
    "10": 0.5,
    "13": 0.5,
    "15": 0.5,
    "17": 0.5263157894736842,
    "19": 0.5555555555555556,
    "23": 0.5,
    "25": 0.5882352941176471,
    "28": 0.5,
    "54": 0.5,
    "56": 0.5882352941176471,
    "58": 0.5882352941176471,
    "60": 0.5882352941176471,
    "62": 0.5882352941176471
  },
  "n_suspicious": 20,
  "pct_suspicious": 43.5,
  "n_fail": 2,
  "n_pass": 10
}