{
  "line_scores": {
    "1": 0.5,
    "3": 0.5,
    "4": 0.5,
    "6": 0.5,
    "7": 0.5,
    "8": 0.5,
    "9": 0.5,
    "10": 0.5,
    "13": 0.5,
    "15": 0.5,
    "21": 0.5,
    "23": 0.6000000000000001,
    "26": 0.5,
    "51": 0.5,
    "53": 0.5294117647058824,
    "55": 0.5625,
    "58": 0.6000000000000001,
    "60": 0.6000000000000001,
    "62": 0.6000000000000001,
    "64": 0.6000000000000001
  },
  "n_suspicious": 20,
  "pct_suspicious": 42.6,
  "n_fail": 1,
  "n_pass": 9
}