{
  "line_scores": {
    "1": 0.5,
    "3": 0.5,
    "4": 0.5,
    "6": 0.5,
    "8": 0.5,
    "9": 0.5,
    "10": 0.5,
    "13": 0.5,
    "15": 0.5,
    "16": 0.47368421052631576,
    "23": 0.5,
    "25": 0.5454545454545454,
    "26": 0.5454545454545454,
    "33": 0.5,
    "51": 0.5,
    "52": 0.5454545454545454,
    "53": 0.5454545454545454,
    "55": 0.5454545454545454,
    "56": 0.5454545454545454,
    "58": 0.5454545454545454,
    "59": 0.75,
    "60": 0.75,
    "61": 0.75,
    "63": 0.8181818181818182,
    "64": 0.8181818181818182,
    "66": 0.5454545454545454,
    "67": 0.5454545454545454,
    "69": 0.5454545454545454,
    "70": 1.0,
    "72": 0.5454545454545454,
    "75": 0.5454545454545454
  },
  "n_suspicious": 31,
  "pct_suspicious": 55.4,
  "n_fail": 4,
  "n_pass": 6
}