{
  "line_scores": {
    "1": 0.5,
    "3": 0.5,
    "4": 0.5,
    "6": 0.5,
    "8": 0.5,
    "9": 0.5,
    "10": 0.5,
    "11": 0.5,
    "14": 0.5,
    "20": 0.5,
    "22": 0.5384615384615384,
    "24": 0.5384615384615384,
    "26": 0.5833333333333333,
    "28": 0.5833333333333333,
    "32": 0.5,
    "36": 0.6363636363636364,
    "39": 0.5,
    "62": 0.5,
    "64": 0.6363636363636364,
    "65": 0.6363636363636364,
    "67": 0.6363636363636364,
    "68": 0.6363636363636364,
    "70": 0.6363636363636364,
    "71": 0.6363636363636364
  },
  "n_suspicious": 24,
  "pct_suspicious": 44.4,
  "n_fail": 3,
  "n_pass": 7
}