{
  "line_scores": {
    "7": 0.5,
    "9": 0.5,
    "10": 0.5,
    "12": 0.5,
    "14": 0.5,
    "15": 0.5,
    "16": 0.5,
    "17": 0.5,
    "20": 0.5,
    "22": 0.5833333333333333,
    "23": 0.5833333333333333,
    "30": 0.5,
    "32": 0.6363636363636364,
    "35": 0.5,
    "58": 0.5,
    "60": 0.5384615384615384,
    "63": 0.5833333333333333,
    "65": 0.6363636363636364,
    "66": 0.6363636363636364,
    "68": 0.6363636363636364,
    "70": 0.6363636363636364,
    "73": 0.7
  },
  "n_suspicious": 22,
  "pct_suspicious": 39.3,
  "n_fail": 3,
  "n_pass": 7
}