{
  "line_scores": {
    "1": 0.5,
    "3": 0.5,
    "4": 0.5,
    "6": 0.5,
    "8": 0.5,
    "9": 0.5,
    "10": 0.5,
    "11": 0.5,
    "14": 0.5,
    "16": 0.5,
    "18": 0.5454545454545454,
    "22": 0.5,
    "24": 0.6000000000000001,
    "27": 0.5,
    "53": 0.5,
    "55": 0.6000000000000001,
    "56": 0.6000000000000001,
    "58": 0.6000000000000001,
    "60": 0.6000000000000001,
    "64": 0.6666666666666666
  },
  "n_suspicious": 20,
  "pct_suspicious": 42.6,
  "n_fail": 4,
  "n_pass": 6
}