{
  "line_scores": {
    "1": 0.5,
    "3": 0.5,
    "4": 0.5,
    "6": 0.5,
    "14": 0.5,
    "16": 0.5,
    "17": 0.5,
    "18": 0.5,
    "19": 0.5,
    "22": 0.5,
    "24": 0.5,
    "26": 0.5384615384615384,
    "30": 0.5,
    "32": 0.5833333333333333,
    "35": 0.5,
    "61": 0.5,
    "62": 0.5384615384615384,
    "65": 0.5833333333333333,
    "66": 0.5833333333333333,
    "68": 0.5833333333333333,
    "70": 0.5833333333333333,
    "73": 0.5833333333333333
  },
  "n_suspicious": 22,
  "pct_suspicious": 40.0,
  "n_fail": 3,
  "n_pass": 7
}