{
  "line_scores": {
    "1": 0.5,
    "3": 0.5,
    "4": 0.5,
    "6": 0.5,
    "8": 0.5,
    "9": 0.5,
    "10": 0.5,
    "11": 0.5,
    "14": 0.5,
    "16": 0.5,
    "18": 0.5454545454545454,
    "22": 0.5,
    "24": 0.6000000000000001,
    "27": 0.5,
    "56": 0.5,
    "58": 0.6000000000000001,
    "59": 0.6000000000000001,
    "61": 0.6000000000000001,
    "63": 0.6000000000000001,
    "65": 0.6000000000000001,
    "68": 0.6666666666666666
  },
  "n_suspicious": 21,
  "pct_suspicious": 42.0,
  "n_fail": 4,
  "n_pass": 6
}