{
  "line_scores": {
    "1": 0.5,
    "3": 0.5,
    "4": 0.5,
    "6": 0.5,
    "9": 0.5,
    "10": 0.5,
    "13": 0.5,
    "16": 0.5,
    "22": 0.5714285714285714,
    "28": 0.5,
    "30": 0.5714285714285714,
    "33": 0.5,
    "63": 0.5,
    "66": 0.5714285714285714,
    "68": 0.5714285714285714,
    "69": 0.5714285714285714,
    "71": 0.5714285714285714,
    "72": 1.0,
    "73": 1.0,
    "74": 1.0,
    "75": 1.0,
    "76": 1.0,
    "78": 0.5714285714285714,
    "83": 0.5714285714285714,
    "84": 0.5714285714285714
  },
  "n_suspicious": 25,
  "pct_suspicious": 40.3,
  "n_fail": 6,
  "n_pass": 4
}