{
  "line_scores": {
    "1": 0.5,
    "3": 0.5,
    "4": 0.5,
    "6": 0.5,
    "8": 0.5,
    "9": 0.5,
    "10": 0.5,
    "11": 0.5,
    "14": 0.5,
    "16": 0.5384615384615384,
    "18": 0.5833333333333333,
    "22": 0.5833333333333333,
    "24": 0.5833333333333333,
    "28": 0.5,
    "30": 0.5833333333333333,
    "33": 0.5,
    "57": 0.5,
    "60": 0.5384615384615384,
    "62": 0.5833333333333333,
    "65": 0.5833333333333333,
    "66": 0.5833333333333333,
    "68": 0.5833333333333333,
    "70": 0.5833333333333333,
    "71": 0.5833333333333333
  },
  "n_suspicious": 24,
  "pct_suspicious": 45.3,
  "n_fail": 3,
  "n_pass": 7
}