{
  "line_scores": {
    "1": 0.5,
    "3": 0.5,
    "4": 0.5,
    "6": 0.5,
    "8": 0.5,
    "9": 0.5,
    "10": 0.5,
    "13": 0.5,
    "24": 0.5,
    "26": 0.5384615384615384,
    "32": 0.5,
    "34": 0.5384615384615384,
    "37": 0.5,
    "54": 0.5,
    "55": 0.5384615384615384,
    "57": 0.5384615384615384,
    "58": 0.5384615384615384,
    "59": 0.5384615384615384,
    "61": 0.5384615384615384,
    "62": 0.7,
    "63": 0.7,
    "64": 0.7,
    "66": 0.7,
    "67": 0.7,
    "69": 0.5384615384615384,
    "70": 0.5384615384615384,
    "72": 0.5384615384615384,
    "73": 1.0,
    "75": 0.5384615384615384,
    "78": 0.5384615384615384
  },
  "n_suspicious": 30,
  "pct_suspicious": 52.6,
  "n_fail": 3,
  "n_pass": 7
}