{
  "line_scores": {
    "1": 0.5,
    "3": 0.5,
    "4": 0.5,
    "6": 0.5,
    "8": 0.5,
    "9": 0.5,
    "10": 0.5,
    "11": 0.5,
    "14": 0.5,
    "16": 0.5,
    "18": 0.5384615384615384,
    "19": 0.5384615384615384,
    "23": 0.5,
    "25": 0.5833333333333333,
    "28": 0.5,
    "53": 0.5,
    "56": 0.5,
    "58": 0.5384615384615384,
    "61": 0.5833333333333333,
    "62": 0.5833333333333333,
    "65": 0.5833333333333333,
    "67": 0.5833333333333333,
    "68": 0.5833333333333333,
    "69": 0.5833333333333333,
    "71": 0.5833333333333333
  },
  "n_suspicious": 25,
  "pct_suspicious": 48.1,
  "n_fail": 3,
  "n_pass": 7
}