{
  "line_scores": {
    "7": 0.5,
    "9": 0.5,
    "10": 0.5,
    "12": 0.5,
    "14": 0.5,
    "15": 0.5,
    "16": 0.5,
    "19": 0.5,
    "25": 0.5,
    "27": 0.5384615384615384,
    "31": 0.5,
    "33": 0.7,
    "34": 0.7,
    "37": 0.5,
    "60": 0.5,
    "62": 0.5833333333333333,
    "66": 0.7,
    "68": 0.7,
    "70": 0.7,
    "73": 0.7,
    "75": 0.7777777777777779
  },
  "n_suspicious": 21,
  "pct_suspicious": 38.2,
  "n_fail": 3,
  "n_pass": 7
}