{
  "line_scores": {
    "1": 0.5,
    "3": 0.5,
    "4": 0.5,
    "6": 0.5,
    "8": 0.5,
    "9": 0.5,
    "10": 0.5,
    "13": 0.5,
    "15": 0.5384615384615384,
    "17": 0.5833333333333333,
    "21": 0.5833333333333333,
    "23": 0.5833333333333333,
    "27": 0.5,
    "29": 0.5833333333333333,
    "30": 0.5833333333333333,
    "33": 0.5,
    "59": 0.5,
    "61": 0.5384615384615384,
    "64": 0.5384615384615384,
    "66": 0.5833333333333333,
    "67": 0.5833333333333333,
    "69": 0.5833333333333333,
    "70": 0.5833333333333333,
    "74": 0.5833333333333333
  },
  "n_suspicious": 24,
  "pct_suspicious": 42.1,
  "n_fail": 3,
  "n_pass": 7
}