{
  "line_scores": {
    "1": 0.5,
    "3": 0.5,
    "4": 0.5,
    "6": 0.5,
    "8": 0.5,
    "9": 0.5,
    "10": 0.5,
    "13": 0.5,
    "15": 0.5,
    "21": 0.5,
    "23": 0.5333333333333333,
    "26": 0.5,
    "49": 0.5,
    "51": 0.5333333333333333,
    "53": 0.5333333333333333,
    "54": 0.6666666666666666,
    "55": 1.0,
    "57": 0.5333333333333333,
    "58": 0.5333333333333333,
    "59": 0.5333333333333333
  },
  "n_suspicious": 20,
  "pct_suspicious": 46.5,
  "n_fail": 2,
  "n_pass": 8
}