{
  "line_scores": {
    "1": 0.5,
    "3": 0.5,
    "4": 0.5,
    "6": 0.5,
    "8": 0.5,
    "9": 0.5,
    "10": 0.5,
    "13": 0.5,
    "19": 0.5,
    "25": 0.5,
    "27": 0.5,
    "30": 0.5,
    "47": 0.5,
    "48": 0.5,
    "50": 0.5,
    "51": 0.5,
    "53": 0.5,
    "54": 0.5,
    "55": 0.5,
    "56": 0.7142857142857143,
    "57": 0.6,
    "58": 0.6,
    "60": 0.8333333333333334,
    "61": 0.8333333333333334,
    "62": 0.5,
    "63": 0.5,
    "65": 0.5,
    "66": 1.0,
    "68": 0.5
  },
  "n_suspicious": 29,
  "pct_suspicious": 58.0,
  "n_fail": 5,
  "n_pass": 5
}