{
  "line_scores": {
    "1": 0.5,
    "3": 0.5,
    "4": 0.5,
    "6": 0.5,
    "8": 0.5,
    "9": 0.5,
    "11": 0.5,
    "12": 0.5,
    "15": 0.5,
    "17": 0.5,
    "19": 0.5,
    "26": 0.5,
    "28": 0.5,
    "29": 0.5454545454545454,
    "33": 0.5454545454545454,
    "39": 0.5,
    "66": 0.5,
    "67": 0.5,
    "68": 0.5,
    "70": 0.5,
    "73": 0.5454545454545454,
    "75": 0.5454545454545454
  },
  "n_suspicious": 22,
  "pct_suspicious": 37.9,
  "n_fail": 4,
  "n_pass": 6
}