{
  "line_scores": {
    "1": 0.5,
    "3": 0.5,
    "4": 0.5,
    "6": 0.5,
    "8": 0.5,
    "9": 0.5,
    "10": 0.5,
    "13": 0.5,
    "15": 0.5,
    "16": 0.47368421052631576,
    "23": 0.5,
    "25": 0.5454545454545454,
    "26": 0.5454545454545454,
    "30": 0.5454545454545454,
    "33": 0.5,
    "56": 0.5,
    "57": 0.5454545454545454,
    "58": 0.5454545454545454,
    "59": 0.5454545454545454,
    "62": 0.5454545454545454,
    "63": 0.5454545454545454,
    "64": 0.5454545454545454,
    "65": 0.75,
    "66": 0.75,
    "67": 0.75,
    "69": 0.8181818181818182,
    "70": 0.8181818181818182,
    "71": 0.5454545454545454,
    "72": 0.5454545454545454,
    "74": 0.5454545454545454,
    "75": 1.0,
    "77": 0.5454545454545454
  },
  "n_suspicious": 32,
  "pct_suspicious": 52.5,
  "n_fail": 4,
  "n_pass": 6
}