{
  "line_scores": {
    "1": 0.5,
    "3": 0.5,
    "4": 0.5,
    "6": 0.5,
    "9": 0.5,
    "12": 0.5,
    "15": 0.5,
    "18": 0.5,
    "20": 0.5,
    "22": 0.5384615384615384,
    "25": 0.5,
    "27": 0.5833333333333333,
    "30": 0.5,
    "54": 0.5,
    "57": 0.5384615384615384,
    "58": 0.5384615384615384,
    "62": 0.5833333333333333,
    "64": 0.5833333333333333,
    "67": 0.5833333333333333,
    "69": 0.5833333333333333,
    "71": 0.6363636363636364
  },
  "n_suspicious": 21,
  "pct_suspicious": 43.8,
  "n_fail": 3,
  "n_pass": 7
}