{
  "line_scores": {
    "1": 0.5,
    "3": 0.5,
    "4": 0.5,
    "6": 0.5,
    "13": 0.5,
    "14": 0.5,
    "15": 0.5,
    "16": 0.5,
    "19": 0.5,
    "21": 0.5,
    "23": 0.5384615384615384,
    "26": 0.5,
    "28": 0.7,
    "29": 0.7,
    "32": 0.7,
    "35": 0.5,
    "59": 0.5,
    "60": 0.5384615384615384,
    "61": 0.5384615384615384,
    "64": 0.6363636363636364,
    "66": 0.6363636363636364,
    "67": 0.6363636363636364,
    "70": 0.7,
    "73": 0.7
  },
  "n_suspicious": 24,
  "pct_suspicious": 42.9,
  "n_fail": 3,
  "n_pass": 7
}