{
  "line_scores": {
    "1": 0.5,
    "3": 0.5,
    "4": 0.5,
    "6": 0.5,
    "8": 0.5,
    "9": 0.5,
    "10": 0.5,
    "13": 0.5,
    "15": 0.5,
    "19": 0.5,
    "21": 0.5454545454545454,
    "24": 0.5,
    "47": 0.5,
    "49": 0.5454545454545454,
    "50": 0.5454545454545454,
    "52": 0.5454545454545454,
    "53": 0.8571428571428571,
    "54": 0.8571428571428571,
    "56": 0.5454545454545454,
    "57": 1.0,
    "59": 0.5454545454545454
  },
  "n_suspicious": 21,
  "pct_suspicious": 50.0,
  "n_fail": 3,
  "n_pass": 6
}