{
  "line_scores": {
    "1": 0.5,
    "3": 0.5,
    "4": 0.5,
    "6": 0.5,
    "14": 0.5,
    "16": 0.5,
    "17": 0.5,
    "18": 0.5,
    "21": 0.5,
    "27": 0.5,
    "33": 0.5,
    "35": 0.5384615384615384,
    "38": 0.5,
    "61": 0.5,
    "63": 0.5384615384615384,
    "65": 0.5384615384615384,
    "66": 0.7777777777777779,
    "67": 1.0,
    "69": 0.5384615384615384,
    "70": 0.5384615384615384,
    "71": 0.5384615384615384
  },
  "n_suspicious": 21,
  "pct_suspicious": 40.4,
  "n_fail": 3,
  "n_pass": 7
}