{
  "line_scores": {
    "1": 0.5,
    "3": 0.5,
    "4": 0.5,
    "6": 0.5,
    "12": 0.5,
    "14": 0.5,
    "15": 0.5,
    "16": 0.5,
    "19": 0.5,
    "21": 0.5,
    "25": 0.5,
    "27": 0.5714285714285714,
    "30": 0.5,
    "53": 0.5,
    "55": 0.5714285714285714,
    "56": 0.5714285714285714,
    "58": 0.5714285714285714,
    "59": 0.6666666666666666,
    "60": 1.0,
    "62": 0.5714285714285714,
    "64": 0.5714285714285714,
    "65": 0.5714285714285714,
    "66": 0.5714285714285714
  },
  "n_suspicious": 23,
  "pct_suspicious": 48.9,
  "n_fail": 2,
  "n_pass": 8
}