{
  "line_scores": {
    "1": 0.5,
    "3": 0.5,
    "4": 0.5,
    "6": 0.5,
    "9": 0.5,
    "12": 0.5,
    "15": 0.5,
    "18": 0.5,
    "27": 0.5,
    "33": 0.5,
    "43": 0.5384615384615384,
    "46": 0.5,
    "66": 0.5,
    "67": 0.5384615384615384,
    "68": 0.5384615384615384,
    "70": 0.5384615384615384,
    "71": 0.7,
    "72": 1.0,
    "74": 0.5384615384615384,
    "75": 0.5384615384615384,
    "76": 0.5384615384615384
  },
  "n_suspicious": 21,
  "pct_suspicious": 40.4,
  "n_fail": 3,
  "n_pass": 7
}