{
  "line_scores": {
    "1": 0.5,
    "3": 0.5,
    "4": 0.5,
    "6": 0.5,
    "13": 0.5,
    "15": 0.5,
    "16": 0.5,
    "17": 0.5,
    "20": 0.5,
    "26": 0.5,
    "30": 0.5,
    "32": 0.5384615384615384,
    "34": 0.7,
    "37": 0.5,
    "60": 0.5,
    "61": 0.5384615384615384,
    "63": 0.5384615384615384,
    "65": 0.5384615384615384,
    "66": 0.7,
    "67": 1.0,
    "69": 0.5384615384615384,
    "70": 0.5384615384615384,
    "71": 0.5384615384615384
  },
  "n_suspicious": 23,
  "pct_suspicious": 44.2,
  "n_fail": 3,
  "n_pass": 7
}