{
  "line_scores": {
    "1": 0.5,
    "3": 0.5,
    "4": 0.5,
    "6": 0.5,
    "13": 0.5,
    "15": 0.5,
    "16": 0.5,
    "17": 0.5,
    "20": 0.5,
    "29": 0.5,
    "33": 0.5,
    "43": 0.5333333333333333,
    "46": 0.5,
    "63": 0.5,
    "64": 0.5333333333333333,
    "65": 0.5333333333333333,
    "67": 0.5333333333333333,
    "68": 0.7272727272727273,
    "69": 0.8888888888888888,
    "71": 0.5333333333333333,
    "72": 0.5333333333333333,
    "73": 0.5333333333333333
  },
  "n_suspicious": 22,
  "pct_suspicious": 42.3,
  "n_fail": 2,
  "n_pass": 8
}