{
  "line_scores": {
    "1": 0.5,
    "3": 0.5,
    "4": 0.5,
    "6": 0.5,
    "14": 0.5,
    "15": 0.5,
    "16": 0.5,
    "17": 0.5,
    "19": 0.5,
    "20": 0.5,
    "23": 0.5,
    "25": 0.5,
    "29": 0.5,
    "31": 0.6363636363636364,
    "34": 0.5,
    "57": 0.5,
    "59": 0.5384615384615384,
    "62": 0.5384615384615384,
    "65": 0.6363636363636364,
    "66": 0.6363636363636364,
    "68": 0.6363636363636364,
    "70": 0.7
  },
  "n_suspicious": 22,
  "pct_suspicious": 43.1,
  "n_fail": 3,
  "n_pass": 7
}