{
  "line_scores": {
    "1": 0.5,
    "3": 0.5,
    "4": 0.5,
    "6": 0.5,
    "8": 0.5,
    "9": 0.5,
    "10": 0.5,
    "13": 0.5,
    "15": 0.5,
    "16": 0.47368421052631576,
    "23": 0.5,
    "25": 0.5454545454545454,
    "26": 0.6000000000000001,
    "32": 0.5,
    "50": 0.5,
    "51": 0.5454545454545454,
    "52": 0.5454545454545454,
    "53": 0.5454545454545454,
    "55": 0.5454545454545454,
    "56": 0.5454545454545454,
    "59": 0.5454545454545454,
    "60": 0.5454545454545454,
    "61": 0.5454545454545454,
    "62": 0.75,
    "63": 0.6000000000000001,
    "64": 0.6000000000000001,
    "65": 0.75,
    "66": 0.6000000000000001,
    "67": 0.6000000000000001,
    "69": 0.8571428571428571,
    "70": 0.8571428571428571,
    "71": 0.8571428571428571,
    "72": 0.8571428571428571,
    "73": 0.5454545454545454,
    "74": 0.5454545454545454,
    "76": 0.5454545454545454,
    "77": 1.0,
    "78": 0.5454545454545454
  },
  "n_suspicious": 38,
  "pct_suspicious": 61.3,
  "n_fail": 4,
  "n_pass": 6
}