{
  "line_scores": {
    "1": 0.5,
    "3": 0.5,
    "4": 0.5,
    "6": 0.5,
    "8": 0.5,
    "9": 0.5,
    "10": 0.5,
    "11": 0.5,
    "14": 0.5,
    "16": 0.5,
    "20": 0.5333333333333333,
    "26": 0.5,
    "30": 0.5333333333333333,
    "33": 0.5,
    "62": 0.5,
    "64": 0.5333333333333333,
    "65": 0.5333333333333333,
    "67": 0.5333333333333333,
    "74": 0.5333333333333333,
    "76": 0.5714285714285714
  },
  "n_suspicious": 20,
  "pct_suspicious": 33.3,
  "n_fail": 2,
  "n_pass": 8
}