{
  "line_scores": {
    "1": 0.5,
    "3": 0.5,
    "4": 0.5,
    "6": 0.5,
    "8": 0.5,
    "9": 0.5,
    "10": 0.5,
    "13": 0.5,
    "23": 0.5,
    "27": 0.5,
    "28": 0.4375,
    "35": 0.5,
    "37": 0.5,
    "40": 0.5,
    "57": 0.5,
    "58": 0.5,
    "60": 0.5,
    "62": 0.5,
    "63": 0.5,
    "64": 0.5,
    "65": 0.6363636363636364,
    "66": 0.6363636363636364,
    "67": 0.368421052631579,
    "68": 0.368421052631579,
    "69": 0.7,
    "70": 0.5384615384615384,
    "71": 0.5384615384615384,
    "73": 0.7777777777777779,
    "74": 0.7777777777777779,
    "75": 0.7777777777777779,
    "76": 0.7777777777777779,
    "77": 0.5,
    "78": 0.5,
    "80": 0.5,
    "81": 1.0,
    "83": 0.5,
    "86": 0.5
  },
  "n_suspicious": 37,
  "pct_suspicious": 56.1,
  "n_fail": 3,
  "n_pass": 7
}