{
  "line_scores": {
    "1": 0.5,
    "3": 0.5,
    "4": 0.5,
    "6": 0.5,
    "8": 0.5,
    "9": 0.5,
    "10": 0.5,
    "11": 0.5,
    "14": 0.5,
    "16": 0.5,
    "18": 0.5454545454545454,
    "20": 0.6000000000000001,
    "26": 0.5,
    "28": 0.6000000000000001,
    "31": 0.5,
    "57": 0.5,
    "59": 0.6000000000000001,
    "60": 0.6000000000000001,
    "62": 0.6000000000000001,
    "64": 0.6000000000000001,
    "66": 0.6000000000000001,
    "69": 0.6666666666666666
  },
  "n_suspicious": 22,
  "pct_suspicious": 43.1,
  "n_fail": 4,
  "n_pass": 6
}