{
  "line_scores": {
    "1": 0.5,
    "3": 0.5,
    "4": 0.5,
    "6": 0.5,
    "13": 0.5,
    "15": 0.5,
    "16": 0.5,
    "17": 0.5,
    "20": 0.5,
    "26": 0.5,
    "32": 0.5,
    "34": 0.5384615384615384,
    "37": 0.5,
    "61": 0.5,
    "63": 0.5384615384615384,
    "64": 0.5384615384615384,
    "66": 0.5384615384615384,
    "67": 0.7777777777777779,
    "68": 1.0,
    "70": 0.5384615384615384,
    "71": 0.5384615384615384,
    "72": 0.5384615384615384
  },
  "n_suspicious": 22,
  "pct_suspicious": 41.5,
  "n_fail": 3,
  "n_pass": 7
}