{
  "line_scores": {
    "1": 0.5,
    "3": 0.5,
    "4": 0.5,
    "6": 0.5,
    "8": 0.5,
    "9": 0.5,
    "10": 0.5,
    "11": 0.5,
    "14": 0.5,
    "16": 0.5,
    "17": 1.0,
    "18": 0.42857142857142855,
    "20": 0.42857142857142855,
    "23": 0.5,
    "29": 0.5454545454545454,
    "33": 0.5454545454545454,
    "34": 0.5454545454545454,
    "37": 0.5,
    "64": 0.5,
    "66": 0.5,
    "67": 0.5,
    "71": 0.5454545454545454,
    "72": 0.5454545454545454,
    "75": 0.6000000000000001,
    "76": 0.6000000000000001
  },
  "n_suspicious": 25,
  "pct_suspicious": 42.4,
  "n_fail": 4,
  "n_pass": 6
}