{
  "line_scores": {
    "7": 0.5,
    "9": 0.5,
    "10": 0.5,
    "12": 0.5,
    "14": 0.5,
    "15": 0.5,
    "16": 0.5,
    "19": 0.5,
    "21": 0.5,
    "23": 0.5333333333333333,
    "24": 0.5714285714285714,
    "28": 0.5,
    "30": 0.5333333333333333,
    "32": 0.5714285714285714,
    "35": 0.5,
    "58": 0.5,
    "59": 0.5333333333333333,
    "61": 0.5714285714285714,
    "62": 0.5714285714285714,
    "64": 0.5714285714285714,
    "65": 0.8888888888888888,
    "67": 0.5714285714285714,
    "68": 0.5714285714285714
  },
  "n_suspicious": 23,
  "pct_suspicious": 45.1,
  "n_fail": 2,
  "n_pass": 8
}