{
  "line_scores": {
    "7": 0.5,
    "9": 0.5,
    "10": 0.5,
    "12": 0.5,
    "14": 0.5,
    "15": 0.5,
    "16": 0.5,
    "17": 0.5,
    "20": 0.5,
    "22": 0.5,
    "24": 0.6000000000000001,
    "30": 0.5,
    "34": 0.6000000000000001,
    "37": 0.5,
    "59": 0.5,
    "61": 0.6000000000000001,
    "62": 0.6000000000000001,
    "64": 0.6000000000000001,
    "68": 0.75,
    "69": 0.75
  },
  "n_suspicious": 20,
  "pct_suspicious": 37.7,
  "n_fail": 4,
  "n_pass": 6
}